standard_number,standard_number_raw,is_number,part,title,scope_description,scope_source,scope_usable,category,latest_version,version_source,year_published,certification_type,mandatory,certification_source,qco_reference,certification_basis,certification_reference,source_url,confidence,review_severity,amendment_count,source,review_reason
IS 269:2015,IS 269 - 2015,269,,"Specification for 33,43,53 Grade ordinary Portland cement",This standard covers the manufacture and chemical and physical requirements of 33 grade ordinary Portland cement.,scraped,True,Cement & Construction,IS 269:2015,derived_from_year,2015,BIS Product Certification,True,qco_gazette,"Cement (Quality Control) Order, 2003 -- S.O. 191(E) dated 17 Feb 2003 (DPIIT); BIS CMD-1/12:1 dated 08 Dec 2006",,,https://archive.org/details/gov.in.is.269.2013,high,minor,,wikipedia_civil_codes;archive_org_scope,missing_amendment_count
IS 8041:1990,IS 8041 - 1990,8041,,Specification for Rapid hardening Portland cement,1.1 This standard covers the manufacture and chemical and physical requirements of rapid hardening Portland cement. NOTE — The term 'rapid hardening' should not be confused with 'quick-setting*.,scraped,True,Cement & Construction,IS 8041:1990,derived_from_year,1990,BIS Product Certification,True,qco_gazette,"Cement (Quality Control) Order, 2003 -- S.O. 191(E) dated 17 Feb 2003 (DPIIT); BIS CMD-1/12:1 dated 08 Dec 2006",,,https://archive.org/details/gov.in.is.8041.1990,high,minor,,wikipedia_civil_codes;archive_org_scope,missing_amendment_count
IS 1489-1-2:1991,IS 1489 (part 1&2) 1991,1489,1-2,Specification for Portland Pozzolona cement,"This standard ( Part 2 ) ( Third Revision) covers the manufacture, physical and chemical requirements of Portland-pozzolana cement manufactured by using calcined clay pozzolana or a mixture of calcined clay and fly ash pozzolana.",scraped,True,Cement & Construction,IS 1489-1-2:1991,derived_from_year,1991,BIS Product Certification,True,qco_gazette,"Cement (Quality Control) Order, 2003 -- S.O. 191(E) dated 17 Feb 2003 (DPIIT); BIS CMD-1/12:1 dated 08 Dec 2006",,,https://archive.org/details/gov.in.is.1489.2.1991,high,minor,,wikipedia_civil_codes;archive_org_scope,missing_amendment_count
IS 4031:1988,IS 4031 - 1988,4031,,Methods of physical test for hydraulic cement,1.1 This standard ( Part 1 1 ) covers the proce- dure for determining the density of hydraulic cement.,scraped,True,Cement & Construction,IS 4031:1988,derived_from_year,1988,Not determined,,not_assessed,,,,https://archive.org/details/gov.in.is.4031.11.1988,medium,minor,,wikipedia_civil_codes;archive_org_scope,certification_not_determined;missing_amendment_count
IS 4032:1985,IS 4032 - 1985,4032,,Method of chemical analysis of hydraulic cement,"1.1 This standard gives the procedure for the chemical analysis of the different types of hydraulic cement. 1.2 In addition to the tests for chemical requirements prescribed in different cement specifications, this standard also covers test for determination of free lime in Portland cement, pozzolanicity test for Portland pozzolana cement and stainingtest for masonry cement. Note — Analysis of hydraulic cement may bedone using rapid methods such as atomic absorption spectrophotometer method ( see IS : 12813-1989t ) or X-ray fluorescence spectrometer method (see IS : 12803- 1989t ), or calorimetric analysis (see IS : 12423-1988§ ) not covered in thisstandard. However, in case of dispute or doubtful marginal values, the method given in thisstandard shall betaken as referee method.",scraped,True,Cement & Construction,IS 4032:1985,derived_from_year,1985,Not determined,,not_assessed,,,,https://archive.org/details/gov.in.is.4032.1985,medium,minor,,wikipedia_civil_codes;archive_org_scope,certification_not_determined;missing_amendment_count
IS 3535:1986,IS 3535 - 1986,3535,,Method of sampling for hydraulic cement,"1.1 This standard prescribes the methods for sampling and the criteria for conformity of hydraulic cements from bags, bulk storage (silos), ship's hold, wagons and conveyors. Broad outlines with regard to the controls to be exercised during the manufacturing process have also been indicated.",scraped,True,Cement & Construction,IS 3535:1986,derived_from_year,1986,Not determined,,not_assessed,,,,https://archive.org/details/gov.in.is.3535.1986,medium,minor,,wikipedia_civil_codes;archive_org_scope,certification_not_determined;missing_amendment_count
IS 650:1991,IS 650 - 1991,650,,Standard sand testing of cement,This standard lays down requirements for Stan- dard sand used in testing of cement.,scraped,False,Cement & Construction,IS 650:1991,derived_from_year,1991,Not determined,,not_assessed,,,,https://archive.org/details/gov.in.is.650.1991,medium,blocker,,wikipedia_civil_codes;archive_org_scope,scope_too_short (14 words);certification_not_determined;missing_amendment_count
IS 8112:2013,IS 8112 - 2013,8112,,Specification for 43 Grade OPC,This standard covers the manufacture and chemical and physical requirements of 43 grade ordinary Portland cement.,scraped,True,Cement & Construction,IS 8112:2013,derived_from_year,2013,BIS Product Certification,True,qco_gazette,"Cement (Quality Control) Order, 2003 -- S.O. 191(E) dated 17 Feb 2003 (DPIIT); BIS CMD-1/12:1 dated 08 Dec 2006",,,https://archive.org/details/gov.in.is.8112.2013,medium,minor,,wikipedia_civil_codes;archive_org_scope,missing_amendment_count
IS 12269:1987,IS 12269-1987,12269,,Specification for 53 Grade OPC,This standard covers the manufacture and chemical and physical requirements of 53 grade ordinary Portland cement.,scraped,True,Cement & Construction,IS 12269:1987,derived_from_year,1987,BIS Product Certification,True,qco_gazette,"Cement (Quality Control) Order, 2003 -- S.O. 191(E) dated 17 Feb 2003 (DPIIT); BIS CMD-1/12:1 dated 08 Dec 2006",,,https://archive.org/details/gov.in.is.12269.1987,medium,minor,,wikipedia_civil_codes;archive_org_scope,missing_amendment_count
IS 383:2016,IS 383:2016,383,,Coarse and Fine Aggregate for Concrete - Specification,"Specification for coarse and fine aggregate obtained from natural sources, manufactured sand, iron slag and recycled concrete aggregate for use in concrete and mortar, covering quality and grading limits, permissible limits of deleterious materials, soundness, flakiness and elongation indices, water absorption, alkali aggregate reactivity, and sampling and testing frequency.",drafted,True,Construction,IS 383:2016,derived_from_year,2016,Not determined,,not_assessed,,,,,high,minor,,curated_task3,certification_not_determined;missing_source_url
IS 2386-1:1963,IS 2386 (Part I) 1963,2386,1,Methods of test for aggregate for concrete particle size and shape,"1.1 This standard ( Part I ) covers the following tests for aggregates for concrete: a) Sieve analysis, b) Determination of materials finer than 75-micron, c) Determination of flakiness index, d) Determination of elongation index, and e) Determination of angularity number.",scraped,True,Cement & Construction,IS 2386-1:1963,derived_from_year,1963,Not determined,,not_assessed,,,,https://archive.org/details/gov.in.is.2386.1.1963,medium,minor,,wikipedia_civil_codes;archive_org_scope,certification_not_determined;missing_amendment_count
IS 2386-2:1963,IS 2386 (Part II) 1963,2386,2,Methods of test for aggregate for concrete estimation of deleterious materials and organic impurities,"1.1 This standard ( Part I ) covers the following tests for aggregates for concrete: a) Sieve analysis, b) Determination of materials finer than 75-micron, c) Determination of flakiness index, d) Determination of elongation index, and e) Determination of angularity number.",scraped,True,Cement & Construction,IS 2386-2:1963,derived_from_year,1963,Not determined,,not_assessed,,,,https://archive.org/details/gov.in.is.2386.1.1963,medium,minor,,wikipedia_civil_codes;archive_org_scope,certification_not_determined;missing_amendment_count
IS 2386-3:1963,IS 2386 (Part III) 1963,2386,3,"Methods of test for aggregate for specific gravity, density, voids, absorption and bulking","1.1 This standard ( Part I ) covers the following tests for aggregates for concrete: a) Sieve analysis, b) Determination of materials finer than 75-micron, c) Determination of flakiness index, d) Determination of elongation index, and e) Determination of angularity number.",scraped,True,Cement & Construction,IS 2386-3:1963,derived_from_year,1963,Not determined,,not_assessed,,,,https://archive.org/details/gov.in.is.2386.1.1963,medium,minor,,wikipedia_civil_codes;archive_org_scope,certification_not_determined;missing_amendment_count
IS 2386-4:1963,IS 2386 (Part IV) 1963,2386,4,Methods of test for aggregate for Mechanical properties,"1.1 This standard ( Part I ) covers the following tests for aggregates for concrete: a) Sieve analysis, b) Determination of materials finer than 75-micron, c) Determination of flakiness index, d) Determination of elongation index, and e) Determination of angularity number.",scraped,True,Cement & Construction,IS 2386-4:1963,derived_from_year,1963,Not determined,,not_assessed,,,,https://archive.org/details/gov.in.is.2386.1.1963,medium,minor,,wikipedia_civil_codes;archive_org_scope,certification_not_determined;missing_amendment_count
IS 2386-5:1963,IS 2386 (Part V) 1963,2386,5,Methods of test for aggregate Soundness,"1.1 This standard ( Part I ) covers the following tests for aggregates for concrete: a) Sieve analysis, b) Determination of materials finer than 75-micron, c) Determination of flakiness index, d) Determination of elongation index, and e) Determination of angularity number.",scraped,True,Cement & Construction,IS 2386-5:1963,derived_from_year,1963,Not determined,,not_assessed,,,,https://archive.org/details/gov.in.is.2386.1.1963,medium,minor,,wikipedia_civil_codes;archive_org_scope,certification_not_determined;missing_amendment_count
IS 2386-6:1963,IS 2386 (Part VI) 1963,2386,6,Methods of test for aggregate measuring mortar making properties of fine aggregates,"1.1 This standard ( Part I ) covers the following tests for aggregates for concrete: a) Sieve analysis, b) Determination of materials finer than 75-micron, c) Determination of flakiness index, d) Determination of elongation index, and e) Determination of angularity number.",scraped,True,Cement & Construction,IS 2386-6:1963,derived_from_year,1963,Not determined,,not_assessed,,,,https://archive.org/details/gov.in.is.2386.1.1963,medium,minor,,wikipedia_civil_codes;archive_org_scope,certification_not_determined;missing_amendment_count
IS 2386-7:1963,IS 2386 (Part VII) 1963,2386,7,Methods of test for aggregate for alkali-aggregate reactivity,"1.1 This standard ( Part I ) covers the following tests for aggregates for concrete: a) Sieve analysis, b) Determination of materials finer than 75-micron, c) Determination of flakiness index, d) Determination of elongation index, and e) Determination of angularity number.",scraped,True,Cement & Construction,IS 2386-7:1963,derived_from_year,1963,Not determined,,not_assessed,,,,https://archive.org/details/gov.in.is.2386.1.1963,medium,minor,,wikipedia_civil_codes;archive_org_scope,certification_not_determined;missing_amendment_count
IS 2386-8:1963,IS 2386 (Part VIII) 1963,2386,8,Methods of test for aggregate for petrographic examination,"1.1 This standard ( Part I ) covers the following tests for aggregates for concrete: a) Sieve analysis, b) Determination of materials finer than 75-micron, c) Determination of flakiness index, d) Determination of elongation index, and e) Determination of angularity number.",scraped,True,Cement & Construction,IS 2386-8:1963,derived_from_year,1963,Not determined,,not_assessed,,,,https://archive.org/details/gov.in.is.2386.1.1963,medium,minor,,wikipedia_civil_codes;archive_org_scope,certification_not_determined;missing_amendment_count
IS 5454:1978,IS 5454 - 1978,5454,,Method of sampling of clay building bricks,"1.1 This standard lays down methods for sampling and criteria for ascer- taining conformity of solid, hollow and perforated burnt clay building bricks to the relevant specifications. *RuIes for rounding off numerical values ( revised ). 3 IS : 5454 • 1978",scraped,True,Cement & Construction,IS 5454:1978,derived_from_year,1978,Not determined,,not_assessed,,,,https://archive.org/details/gov.in.is.5454.1978,medium,minor,,wikipedia_civil_codes;archive_org_scope,certification_not_determined;missing_amendment_count
IS 3495-1-4:1976,IS 3495 (Parts I TO iv) 1976,3495,1-4,Method of test for burnt-clay building bricks,This standard (Part 6) covers the procedure for testing modulus of rupture for the burnt clay bricks by flexural testing.,scraped,True,Cement & Construction,IS 3495-1-4:1976,derived_from_year,1976,Not determined,,not_assessed,,,,https://archive.org/details/gov.in.is.3495.6.2022,medium,minor,,wikipedia_civil_codes;archive_org_scope,certification_not_determined;missing_amendment_count
IS 1077:1992,IS 1077 - 1992,1077,,Common burnt clay building bricks,"1.1 This standard lays down requirements for classification, general quality, dimensions and physical requirements of common burnt clay building bricks used in buildings. NOTE — Burnt clay bricks having compressive strength less than 40 N/mm* ( approx 400kgf/cm*) are covered in this standard and for higher strength, ieclS2l80 : 1988.",scraped,True,Cement & Construction,IS 1077:1992,derived_from_year,1992,BIS Product Certification,True,public_knowledge,,Common burnt clay building bricks - available under BIS product certification,,https://archive.org/details/gov.in.is.1077.1992,high,minor,,wikipedia_civil_codes;archive_org_scope,missing_amendment_count
IS 2116:1980,IS 2116 - 1980,2116,,Specification for sand for masonry mortars,"1.1 This standard covers the requirements of naturally occurring sands, crushed stone sands and crushed gravel sands used in mortars for construction of masonry.",scraped,True,Cement & Construction,IS 2116:1980,derived_from_year,1980,Not determined,,not_assessed,,,,https://archive.org/details/gov.in.is.2116.1980,medium,minor,,wikipedia_civil_codes;archive_org_scope,certification_not_determined;missing_amendment_count
IS 2250:1981,IS 2250 - 1981,2250,,Code of practice for preparation and use of masonry mortar,"1,1 This standard covers the preparation of masonry mortars and their use in masonry works. Note — Use of mud mortars, gypsum mortars and bituminous mortars is not covered in this standard.",scraped,True,Cement & Construction,IS 2250:1981,derived_from_year,1981,Not determined,,not_assessed,,,,https://archive.org/details/gov.in.is.2250.1981,medium,minor,,wikipedia_civil_codes;archive_org_scope,certification_not_determined;missing_amendment_count
IS 516:1959,IS 516 - 1959,516,,"Specification for compressive strength , flexural strength","1.1 This standard covers tests for the determination of compressive strength, ftexural strength and modulus of elasticity of cement concrete.",scraped,True,Cement & Construction,IS 516:1959,derived_from_year,1959,Not determined,,not_assessed,,,,https://archive.org/details/gov.in.is.516.1959,medium,minor,,wikipedia_civil_codes;archive_org_scope,certification_not_determined;missing_amendment_count
IS 456,IS 456,456,,Code of Practices for plain and reinforced concrete etc.  – 2000,"1.1 This standard deals with the general structural use of plain and reinforced concrete. 1.1.1 For the purpose of this standard, plain concrete structures are those where reinforcement, if provided is ignored for determination of strength of the structure. 1.2 Special requirements of structures, such as shells, folded plates, arches, bridges, chimneys, blast resistant structures, hydraulic structures, liquid retaining structures and earthquake resistant structures, covered in respective standards have not been covered in this standard; these standards shall be used in conjunction with this standard.",scraped,True,Cement & Construction,IS 456:2000,derived_from_year,2000,Not determined,,not_assessed,,,,https://archive.org/details/gov.in.is.456.2000,medium,minor,,wikipedia_civil_codes;archive_org_scope,certification_not_determined;missing_amendment_count
IS 1199,IS 1199,1199,,Methods of sampling and analysis of concrete  – 1959,1.1 This standard covers the methods of taking samples of concrete and their analysis.,scraped,False,Cement & Construction,IS 1199:1959,derived_from_year,1959,Not determined,,not_assessed,,,,https://archive.org/details/gov.in.is.1199.1959,medium,blocker,,wikipedia_civil_codes;archive_org_scope,scope_too_short (14 words);certification_not_determined;missing_amendment_count
IS 10262,IS 10262,10262,,Recommended Guide Lines for Concrete Mix Design  – 1982,"1.1 This standard provides the guidciinos for proportioning concrete mixes as per the requireircnts using the concrete making materials including other supplementary mateiials identified for this purpose. The proportioning is carried out to achieve specified characteristics at specified age, \vorkabi!it> of I'resh concrete and durability requirements. 1.2 This standard is applicable for ordinary and standard concrete grades only. 1.3 All requirements of IS 456 in so far as they apply, shall be deemed to form part of this standard.",scraped,True,Cement & Construction,IS 10262:1982,derived_from_year,1982,Not determined,,not_assessed,,,,https://archive.org/details/gov.in.is.10262.2009,medium,minor,,wikipedia_civil_codes;archive_org_scope,certification_not_determined;missing_amendment_count
IS 12200,IS 12200,12200,,Code of practice for the provision of water stops.  – 1987,This standard deals with the provision of PVC water- stops across ungrouted transverse contraction joints in masonry and concrete dams.,scraped,True,Water & Environment,IS 12200:1987,derived_from_year,1987,Not determined,,not_assessed,,,,https://archive.org/details/gov.in.is.12200.2001,medium,minor,,wikipedia_civil_codes;archive_org_scope,certification_not_determined;missing_amendment_count
IS 8543,IS 8543,8543,,Procedure for Testing Parts of -19,Procedure for Testing Parts of -19,title_fallback,False,Plastics & Rubber,,not_derivable,,Not determined,,not_assessed,,,,,low,blocker,,wikipedia_civil_codes,scope_equals_title;scope_too_short (6 words);missing_year;certification_not_determined;missing_source_url;missing_amendment_count
IS 1786,IS 1786,1786,,Specifications for HYSD bars.  – 1985,"1.1 This standard covers the requirements of deformed steel bars and wires for use as reinforcement in concrete, in the following strength grades: a) Fe415,Fe415D; b) Fe 500, Fe SOQD; c) Fe 550, Fe 550D; and d) Fe 600. NOTES 1 Ths Tigures following' the s^rnbol F? indiCiitc th? sncc^ficd minimum 0.2 percent proof stress or yield stress in N/mm-. 2 The letter D following the strength grade indicates the category with same specified minimum 0.2 percent proof stress/yield stres.s but with enhanced specified minimum percentage elongation. 1 .2 This standard allows the chemical composition and carbon equivalent to be limited so that the material can be readily welded by conventional welding procedures. Material not conforming to these limits is generally difficult to weld for which special care and precautions will have to be exercised, 1.3 This standard applies to hot-rolled steel without subsequent treatment, or to hot-rolled steel with controlled cooling and tempering and to cold-worked steel. The production process is at the discretion of the manufacturer. 1 .4 This standard also applies to reinforcing bars and wires supplied in coil form but the requirements of this Indian Standard apply to the straightened product. 1 .5 Tuis standard also applies to remforcing bars and wires which may be subsequently coated. 1.6 Deformed bars produced by re-rolling finished products such as plates and rails (virgin or used or scrap), or by rolling material for which the metallurgical history is not fully documented or not known, are not acceptable as per this Indian Standard.",scraped,True,Cement & Construction,IS 1786:1985,derived_from_year,1985,BIS Product Certification,True,qco_gazette,"Steel and Steel Products (Quality Control) Order, 2024 -- Ministry of Steel S.O. 574(E) dated 5 Feb 2024, Schedule 1 (IS 1786:2008)",,,https://archive.org/details/gov.in.is.1786.2008,medium,minor,,wikipedia_civil_codes;archive_org_scope,missing_amendment_count
IS 432-2:1966,IS 432 (P II) 1966,432,2,Specification for Mild Steel and Medium Tensile steel bars,1.1 This standard ( Part II ) covers the requirements of hard-drawn steel wire of medium strength for use as reinforcement in concrete.,scraped,True,Metallurgy,IS 432-2:1982,derived_from_year,1982,BIS Product Certification,True,public_knowledge,,Mild steel and medium tensile steel bars - steel QCO framework,,https://archive.org/details/gov.in.is.432.2.1982,high,minor,,wikipedia_civil_codes;archive_org_scope,missing_amendment_count
IS 5121,IS 5121,5121,,Method for Tensile testing of steel wires.  – 1972,This standard lays down the safety requirements for piling and other deep foundations as stated below: a) Safety measures while working with a piling rig; and b) Safety measures while preparing other deep foundations.,scraped,True,Electrical,IS 5121:1972,derived_from_year,1972,Not determined,,not_assessed,,,,https://archive.org/details/gov.in.is.5121.2013,medium,minor,,wikipedia_civil_codes;archive_org_scope,certification_not_determined;missing_amendment_count
IS 1566,IS 1566,1566,,Hard drawn steel wire for concrete reinforcement.  – 1982,"1,1 This standard covers the requirements for hard-drawn steel wire fabric consisting of hard-drawn steel wire with cross wires electrically welded to them for use as concrete reinforcement.",scraped,True,Cement & Construction,IS 1566:1982,derived_from_year,1982,BIS Product Certification,True,public_knowledge,,Hard drawn steel wire fabric for concrete reinforcement - steel QCO framework,,https://archive.org/details/gov.in.is.1566.1982,high,minor,,wikipedia_civil_codes;archive_org_scope,missing_amendment_count
IS 1608,IS 1608,1608,,Method for Tensile testing of Steel products  – 1972,"This International Standard specifies the method for tensile testing of metallic materials and defines the mechanical properties which can be determined at ambient temperature. 2 Normative references The following standards contain provisions which, through reference in this text, constitute provisions of this International Standard. At the time of publication, the editions indicated were valid. All standards are subject to revision, and parties to agreements based on this International Standard are encouraged to investigate the possibility of applying the most recent editions of the standards indicated below. Members of l£C and ISO maintain registers of currently valid International Standards. ISO 286-2:1 988, ISO system of limits and fits — Pari 2: Tables of standard tolerance grades and limit deviations for holes and shafts. ISO 377:1997, Steel and steel products — Location and preparation of samples and test pieces for mechanical testing. ISO 2566-1 :1984, Steel — Conversion of elongation values — Part 1: Carbon and low alloy steels. ISO 2566-2:1984, Steel — Conversion of elongation values — Part 2: Austenitic steels. ISO 7500-1 :1 986, Metallic materials — Verification of static uniaxial testing machines — Part 1: Tensile testing machines. ISO 951 3: — 1 >, Metallic materials — Verification of extensometers used in uniaxial testing. 3 Principle The test involves straining a test piece by tensile force, generally to fracture, for the purpose of determining one or more of the mechanical properties defined in clause 4. The test is carried out at ambient temperature between 10 °C and 35 °C, unless otherwise specified. Tests carried out under controlled conditions shall be made at a temperature of 23 °C ± 5 °C. 1 ) To be published. (Revision of ISO 951 3: 1 989) I— 270 BIS/2008 IS 1 608 : 2005 ISO 6892 : 1998 4 Definitions For the purpose of this International Standard, the following definitions apply. 4.1 gauge",scraped,True,Metallurgy,IS 1608:1972,derived_from_year,1972,Not determined,,not_assessed,,,,https://archive.org/details/gov.in.is.1608.2005,medium,minor,,wikipedia_civil_codes;archive_org_scope,certification_not_determined;missing_amendment_count
IS 2502:1963,IS 2502 - 1963,2502,,Code of practice for bending & fixing of bars for concrete reinforcement,Code of practice for bending & fixing of bars for concrete reinforcement,title_fallback,False,Cement & Construction,IS 2502:1963,derived_from_year,1963,Not determined,,not_assessed,,,,https://archive.org/details/gov.in.is.2502.1963,low,blocker,,wikipedia_civil_codes;archive_org_scope,scope_equals_title;scope_too_short (12 words);certification_not_determined;missing_amendment_count
IS 458,IS 458,458,,Specifications for pre cast concrete pipes.  – 1988,"This standard covers the requirements for reinforced and unreinforced precast cement concrete pipes, of both pressure and non-pressure varieties used for water mains, sewers, culverts and irrigation. The requirements for collars are also covered by this standard. NOTES 1 This standard covers the requirements for pressure and non-pressure pipes manufactured by spinning process and vibration casting process. 2 In addition to the requirements specified specifically for the collars, the requirements given in the following clauses shall also apply for the collars: 5.2, 5.3, 5.4, 5.5.1, 5.5.3, 5 5.4, 5.7, 5.8, 7.1, 7.2, 7.2.1, 7.2.2, 7.3, 7.3.1, 7.4, 8.2, 9.1, 9.1.1, 9.1.2, 9.1.3, 9.1.4, 12.1 and 12.2. 1.2 Prestressed concrete pipes and pipes with non-circular section are not covered by this standard.",scraped,True,Cement & Construction,IS 458:1988,derived_from_year,1988,BIS Product Certification,True,public_knowledge,,Precast concrete pipes - available under BIS product certification,,https://archive.org/details/gov.in.is.458.2021,high,minor,,wikipedia_civil_codes;archive_org_scope,missing_amendment_count
IS 3597,IS 3597,3597,,Methods of Tests for concrete pipes.  – 1985,"This standard covers methods for carrying out the following tests on concrete pipes, both reinforced concrete and prestrcsscd concrete and of pressure and non-pressure types to evaluate the properties stipulated in the relevant Indian Standards: a) Three-edge bearing test, b) Absorption test, c) Hydrostatic test, d) Permeability test, and e) Straightness test.",scraped,True,Cement & Construction,IS 3597:1985,derived_from_year,1985,Not determined,,not_assessed,,,,https://archive.org/details/gov.in.is.3597.1998,medium,minor,,wikipedia_civil_codes;archive_org_scope,certification_not_determined;missing_amendment_count
IS 2720-1:1983,IS:2720 (Part .I) 1983,2720,1,Preparation of dry sample (soil),1.1 This standard ( Part 1 ) covers the method of preparation of dry samples from the bulk soil sample received from the field for various laboratory tests. ♦Rules for rounding off numerical values ( revistd)* 3 IS : 2720 ( Part 1 )- 1983,scraped,True,Cement & Construction,IS 2720-1:1983,derived_from_year,1983,Not determined,,not_assessed,,,,https://archive.org/details/gov.in.is.2720.1.1983,medium,minor,,wikipedia_civil_codes;archive_org_scope,certification_not_determined;missing_amendment_count
IS 2720-2:1973,IS:2720 (Part .II) 1973,2720,2,Determination of water content (moisture content),1.1 This standard ( Part 1 ) covers the method of preparation of dry samples from the bulk soil sample received from the field for various laboratory tests. ♦Rules for rounding off numerical values ( revistd)* 3 IS : 2720 ( Part 1 )- 1983,scraped,True,Water & Environment,IS 2720-2:1973,derived_from_year,1973,Not determined,,not_assessed,,,,https://archive.org/details/gov.in.is.2720.1.1983,medium,minor,,wikipedia_civil_codes;archive_org_scope,certification_not_determined;missing_amendment_count
IS 2720-3:1980,IS: 2720 (Part. III) 1980,2720,3,Determination of specific gravity of fine-grained soil  Sect/1,1.1 This standard ( Part 1 ) covers the method of preparation of dry samples from the bulk soil sample received from the field for various laboratory tests. ♦Rules for rounding off numerical values ( revistd)* 3 IS : 2720 ( Part 1 )- 1983,scraped,True,Food & Agriculture,IS 2720-3:1980,derived_from_year,1980,Not determined,,not_assessed,,,,https://archive.org/details/gov.in.is.2720.1.1983,medium,minor,,wikipedia_civil_codes;archive_org_scope,certification_not_determined;missing_amendment_count
IS 2720-4:1985,IS:2720 (Part.4) 1985,2720,4,Grain size analysis,1.1 This standard ( Part 1 ) covers the method of preparation of dry samples from the bulk soil sample received from the field for various laboratory tests. ♦Rules for rounding off numerical values ( revistd)* 3 IS : 2720 ( Part 1 )- 1983,scraped,True,Food & Agriculture,IS 2720-4:1985,derived_from_year,1985,Not determined,,not_assessed,,,,https://archive.org/details/gov.in.is.2720.1.1983,medium,minor,,wikipedia_civil_codes;archive_org_scope,certification_not_determined;missing_amendment_count
IS 2720-5:1985,IS:2720 (Part.5) 1985,2720,5,Determination of Liquid and plastic limit,1.1 This standard ( Part 1 ) covers the method of preparation of dry samples from the bulk soil sample received from the field for various laboratory tests. ♦Rules for rounding off numerical values ( revistd)* 3 IS : 2720 ( Part 1 )- 1983,scraped,True,Plastics & Rubber,IS 2720-5:1985,derived_from_year,1985,Not determined,,not_assessed,,,,https://archive.org/details/gov.in.is.2720.1.1983,medium,minor,,wikipedia_civil_codes;archive_org_scope,certification_not_determined;missing_amendment_count
IS 2720-6:1987,IS: 2720 (Part. VI) 1987,2720,6,Determination of shrinkage factors,1.1 This standard ( Part 1 ) covers the method of preparation of dry samples from the bulk soil sample received from the field for various laboratory tests. ♦Rules for rounding off numerical values ( revistd)* 3 IS : 2720 ( Part 1 )- 1983,scraped,True,Cement & Construction,IS 2720-6:1987,derived_from_year,1987,Not determined,,not_assessed,,,,https://archive.org/details/gov.in.is.2720.1.1983,medium,minor,,wikipedia_civil_codes;archive_org_scope,certification_not_determined;missing_amendment_count
IS 2720-7:1980,IS: 2720 (Part. VII) 1980,2720,7,Determination of water content - dry density relation using light compaction,1.1 This standard ( Part 1 ) covers the method of preparation of dry samples from the bulk soil sample received from the field for various laboratory tests. ♦Rules for rounding off numerical values ( revistd)* 3 IS : 2720 ( Part 1 )- 1983,scraped,True,Water & Environment,IS 2720-7:1980,derived_from_year,1980,Not determined,,not_assessed,,,,https://archive.org/details/gov.in.is.2720.1.1983,medium,minor,,wikipedia_civil_codes;archive_org_scope,certification_not_determined;missing_amendment_count
IS 2720-8:1983,IS:2720 (Part.8) 1983,2720,8,Determination of water content - dry density relation using heavy compaction,1.1 This standard ( Part 1 ) covers the method of preparation of dry samples from the bulk soil sample received from the field for various laboratory tests. ♦Rules for rounding off numerical values ( revistd)* 3 IS : 2720 ( Part 1 )- 1983,scraped,True,Water & Environment,IS 2720-8:1983,derived_from_year,1983,Not determined,,not_assessed,,,,https://archive.org/details/gov.in.is.2720.1.1983,medium,minor,,wikipedia_civil_codes;archive_org_scope,certification_not_determined;missing_amendment_count
IS 2720-9:1971,IS:2720 (Part IX) 1971,2720,9,Determination of water content - dry density relation using constant wt. soil method,1.1 This standard ( Part 1 ) covers the method of preparation of dry samples from the bulk soil sample received from the field for various laboratory tests. ♦Rules for rounding off numerical values ( revistd)* 3 IS : 2720 ( Part 1 )- 1983,scraped,True,Water & Environment,IS 2720-9:1971,derived_from_year,1971,Not determined,,not_assessed,,,,https://archive.org/details/gov.in.is.2720.1.1983,medium,minor,,wikipedia_civil_codes;archive_org_scope,certification_not_determined;missing_amendment_count
IS 2720-10:1991,IS: 2720 (Part. X) 1991,2720,10,Determination of Unconfined compressive strength,1.1 This standard ( Part 1 ) covers the method of preparation of dry samples from the bulk soil sample received from the field for various laboratory tests. ♦Rules for rounding off numerical values ( revistd)* 3 IS : 2720 ( Part 1 )- 1983,scraped,True,Cement & Construction,IS 2720-10:1991,derived_from_year,1991,Not determined,,not_assessed,,,,https://archive.org/details/gov.in.is.2720.1.1983,medium,minor,,wikipedia_civil_codes;archive_org_scope,certification_not_determined;missing_amendment_count
IS 2720-11:1971,IS:2720(Part. XI) 1971,2720,11,Determination of shear strength parameters(tri-axial) with out measurement of pore pressure parameters(Tri-axial compaction),1.1 This standard ( Part 1 ) covers the method of preparation of dry samples from the bulk soil sample received from the field for various laboratory tests. ♦Rules for rounding off numerical values ( revistd)* 3 IS : 2720 ( Part 1 )- 1983,scraped,True,Mining & Minerals,IS 2720-11:1971,derived_from_year,1971,Not determined,,not_assessed,,,,https://archive.org/details/gov.in.is.2720.1.1983,medium,minor,,wikipedia_civil_codes;archive_org_scope,certification_not_determined;missing_amendment_count
IS 2720-12:1981,IS: 2720 (Part. XII) 1981,2720,12,Determination of shear strength parameters (Tri-axial compaction),1.1 This standard ( Part 1 ) covers the method of preparation of dry samples from the bulk soil sample received from the field for various laboratory tests. ♦Rules for rounding off numerical values ( revistd)* 3 IS : 2720 ( Part 1 )- 1983,scraped,True,Cement & Construction,IS 2720-12:1981,derived_from_year,1981,Not determined,,not_assessed,,,,https://archive.org/details/gov.in.is.2720.1.1983,medium,minor,,wikipedia_civil_codes;archive_org_scope,certification_not_determined;missing_amendment_count
IS 2720-13:1986,IS: 2720 (Part. XIII) 1986,2720,13,Direct shear test,1.1 This standard ( Part 1 ) covers the method of preparation of dry samples from the bulk soil sample received from the field for various laboratory tests. ♦Rules for rounding off numerical values ( revistd)* 3 IS : 2720 ( Part 1 )- 1983,scraped,True,Cement & Construction,IS 2720-13:1986,derived_from_year,1986,Not determined,,not_assessed,,,,https://archive.org/details/gov.in.is.2720.1.1983,medium,minor,,wikipedia_civil_codes;archive_org_scope,certification_not_determined;missing_amendment_count
IS 2720-14:1983,IS:2720 (Part.14) 1983,2720,14,Determination of Density Index (R.D) of cohesionless soil,1.1 This standard ( Part 1 ) covers the method of preparation of dry samples from the bulk soil sample received from the field for various laboratory tests. ♦Rules for rounding off numerical values ( revistd)* 3 IS : 2720 ( Part 1 )- 1983,scraped,True,Cement & Construction,IS 2720-14:1983,derived_from_year,1983,Not determined,,not_assessed,,,,https://archive.org/details/gov.in.is.2720.1.1983,medium,minor,,wikipedia_civil_codes;archive_org_scope,certification_not_determined;missing_amendment_count
IS 2720-15:1986,IS:2720 (Part.15) 1986,2720,15,Determination of consolidation properties,1.1 This standard ( Part 1 ) covers the method of preparation of dry samples from the bulk soil sample received from the field for various laboratory tests. ♦Rules for rounding off numerical values ( revistd)* 3 IS : 2720 ( Part 1 )- 1983,scraped,True,Cement & Construction,IS 2720-15:1986,derived_from_year,1986,Not determined,,not_assessed,,,,https://archive.org/details/gov.in.is.2720.1.1983,medium,minor,,wikipedia_civil_codes;archive_org_scope,certification_not_determined;missing_amendment_count
IS 2720-17:1986,IS:2720 (Part.17) 1986,2720,17,Determination of permeability,1.1 This standard ( Part 1 ) covers the method of preparation of dry samples from the bulk soil sample received from the field for various laboratory tests. ♦Rules for rounding off numerical values ( revistd)* 3 IS : 2720 ( Part 1 )- 1983,scraped,True,Cement & Construction,IS 2720-17:1986,derived_from_year,1986,Not determined,,not_assessed,,,,https://archive.org/details/gov.in.is.2720.1.1983,medium,minor,,wikipedia_civil_codes;archive_org_scope,certification_not_determined;missing_amendment_count
IS 2720-28:1974,IS:2720 (Part.28) 1974,2720,28,"Determination of dry density of soils, in place by the sand replacement method",1.1 This standard ( Part 1 ) covers the method of preparation of dry samples from the bulk soil sample received from the field for various laboratory tests. ♦Rules for rounding off numerical values ( revistd)* 3 IS : 2720 ( Part 1 )- 1983,scraped,True,Cement & Construction,IS 2720-28:1974,derived_from_year,1974,Not determined,,not_assessed,,,,https://archive.org/details/gov.in.is.2720.1.1983,medium,minor,,wikipedia_civil_codes;archive_org_scope,certification_not_determined;missing_amendment_count
IS 2720-29:1975,IS:2720 (Part.29) 1975,2720,29,"Determination of dry density of soils, in place by the core-cutter method",1.1 This standard ( Part 1 ) covers the method of preparation of dry samples from the bulk soil sample received from the field for various laboratory tests. ♦Rules for rounding off numerical values ( revistd)* 3 IS : 2720 ( Part 1 )- 1983,scraped,True,Mining & Minerals,IS 2720-29:1975,derived_from_year,1975,Not determined,,not_assessed,,,,https://archive.org/details/gov.in.is.2720.1.1983,medium,minor,,wikipedia_civil_codes;archive_org_scope,certification_not_determined;missing_amendment_count
IS 2720-30:1980,IS:2720 (Part.30) 1980,2720,30,Laboratory vane shear test,1.1 This standard ( Part 1 ) covers the method of preparation of dry samples from the bulk soil sample received from the field for various laboratory tests. ♦Rules for rounding off numerical values ( revistd)* 3 IS : 2720 ( Part 1 )- 1983,scraped,True,Cement & Construction,IS 2720-30:1980,derived_from_year,1980,Not determined,,not_assessed,,,,https://archive.org/details/gov.in.is.2720.1.1983,medium,minor,,wikipedia_civil_codes;archive_org_scope,certification_not_determined;missing_amendment_count
IS 2720-33:1971,IS:2720 (Part.33) 1971,2720,33,Determination of the density in place by the ring and water replacement method,1.1 This standard ( Part 1 ) covers the method of preparation of dry samples from the bulk soil sample received from the field for various laboratory tests. ♦Rules for rounding off numerical values ( revistd)* 3 IS : 2720 ( Part 1 )- 1983,scraped,True,Cement & Construction,IS 2720-33:1971,derived_from_year,1971,Not determined,,not_assessed,,,,https://archive.org/details/gov.in.is.2720.1.1983,medium,minor,,wikipedia_civil_codes;archive_org_scope,certification_not_determined;missing_amendment_count
IS 1498:1970,IS:1498 1970,1498,,Classification and identification of soils for General Engineering purposes,1«1 This standard covers a system for classification and indentification of soils for general engineering purposes. The information given in this standard should be considered as for guidance only for treating the soil foi engineering purposes.,scraped,True,Mechanical,IS 1498:1970,derived_from_year,1970,Not determined,,not_assessed,,,,https://archive.org/details/gov.in.is.1498.1970,medium,minor,,wikipedia_civil_codes;archive_org_scope,certification_not_determined;missing_amendment_count
IS 13270:2013,IS 13270:2013,13270,,"covers fibers intended for use in fiber-reinforced concrete, in all types of concrete and mortar, including sprayed concrete, flooring, precast, in situ and repair concretes","This standard prescribes the following two methods for determination of various gases like oxygen, carbon monoxide, carbon dioxide, nitrogen, hydrocarbon, etc, present in gaseous mixtures: a) Orsat analysis, and b) Gas chromatographic analysis. In case of dispute the gas chromatographic method shall be the refree method.",scraped,True,Cement & Construction,IS 13270:2013,derived_from_year,2013,Not determined,,not_assessed,,,,https://archive.org/details/gov.in.is.13270.1992,medium,minor,,wikipedia_civil_codes;archive_org_scope,certification_not_determined;missing_amendment_count
IS 2720,IS 2720,2720,,(All Parts) [ 1 ],1.1 This standard ( Part 1 ) covers the method of preparation of dry samples from the bulk soil sample received from the field for various laboratory tests. ♦Rules for rounding off numerical values ( revistd)* 3 IS : 2720 ( Part 1 )- 1983,scraped,True,Cement & Construction,IS 2720:1983,derived_from_year,1983,Not determined,,not_assessed,,,,https://archive.org/details/gov.in.is.2720.1.1983,medium,minor,,wikipedia_civil_codes;archive_org_scope,certification_not_determined;missing_amendment_count
IS 2386,IS: 2386,2386,,methods of tests for aggregate for concrete. (nine parts),"1.1 This standard ( Part I ) covers the following tests for aggregates for concrete: a) Sieve analysis, b) Determination of materials finer than 75-micron, c) Determination of flakiness index, d) Determination of elongation index, and e) Determination of angularity number.",scraped,True,Cement & Construction,IS 2386:1963,derived_from_year,1963,Not determined,,not_assessed,,,,https://archive.org/details/gov.in.is.2386.1.1963,medium,minor,,wikipedia_civil_codes;archive_org_scope,certification_not_determined;missing_amendment_count
IS 2430,IS: 2430,2430,,methods of sampling,"!•! This standard prescribes the methods of sampling for coarse and fine aggregates for the following purposes: a) Preliminary investigation of source of supply, b) Inspection of shipment of materials, and c) Inspection of materials on the site of work. 1.2 This standard also specifies methods of sample reduction, packing and forwarding them for examination and testing.",scraped,True,Cement & Construction,IS 2430:1986,derived_from_year,1986,Not determined,,not_assessed,,,,https://archive.org/details/gov.in.is.2430.1986,medium,minor,,wikipedia_civil_codes;archive_org_scope,certification_not_determined;missing_amendment_count
IS 4082,IS: 4082,4082,,specifications for storage of materials,This standard provides general guidance regarding stacking and storage of construction materials and components at site.,scraped,True,Cement & Construction,IS 4082:1996,derived_from_year,1996,Not determined,,not_assessed,,,,https://archive.org/details/gov.in.is.4082.1996,medium,minor,,wikipedia_civil_codes;archive_org_scope,certification_not_determined;missing_amendment_count
IS 455,IS: 455,455,,specifications for PSC (Portland slag cement),1.1 This standard covers the manufacture and chemical and physical requirements for Portland slag cement.,scraped,True,Cement & Construction,IS 455:1989,derived_from_year,1989,BIS Product Certification,True,qco_gazette,"Cement (Quality Control) Order, 2003 -- S.O. 191(E) dated 17 Feb 2003 (DPIIT); BIS CMD-1/12:1 dated 08 Dec 2006",,,https://archive.org/details/gov.in.is.455.1989,high,none,6,wikipedia_civil_codes;archive_org_bis;archive_org_scope,
IS 1489,IS: 1489,1489,,specifications for PPC (Portland pozzolana cement),"This standard ( Part 2 ) ( Third Revision) covers the manufacture, physical and chemical requirements of Portland-pozzolana cement manufactured by using calcined clay pozzolana or a mixture of calcined clay and fly ash pozzolana.",scraped,True,Cement & Construction,IS 1489:1991,derived_from_year,1991,BIS Product Certification,True,public_knowledge,,Portland pozzolana cement - all cements under mandatory BIS certification,https://www.bis.gov.in/wp-content/uploads/2021/09/Indian-Standards-in-PWDs.pdf,https://archive.org/details/gov.in.is.1489.2.1991,high,minor,,wikipedia_civil_codes;archive_org_scope,missing_amendment_count
IS 6909,IS: 6909,6909,,specifications for SSC (super-sulphated cement),"1.1 This standard covers the requiremenls for composition, manufacture and testing of supersulphated cement.",scraped,False,Cement & Construction,IS 6909:1990,derived_from_year,1990,BIS Product Certification,True,public_knowledge,,Super-sulphated cement - all cements under mandatory BIS certification,https://www.bis.gov.in/wp-content/uploads/2021/09/Indian-Standards-in-PWDs.pdf,https://archive.org/details/gov.in.is.6909.1990,medium,blocker,,wikipedia_civil_codes;archive_org_scope,scope_too_short (14 words);missing_amendment_count
IS 12330,IS: 12330,12330,,specifications for SRPC (sulphate resistant Portland cement),"1.1 This standard covers the manufacture, chemical and physical requirements and testing of sulphate icsisting Portland cement. of this standard, the 4845-1968* shall apply.",scraped,True,Cement & Construction,IS 12330:1988,derived_from_year,1988,BIS Product Certification,True,public_knowledge,,Sulphate resisting Portland cement - listed under mandatory BIS certification,https://www.indiafilings.com/learn/wp-content/uploads/2015/10/Products-requring-mandatory-BIS-Certification-or-License.pdf,https://archive.org/details/gov.in.is.12330.1988,high,minor,,wikipedia_civil_codes;archive_org_scope,missing_amendment_count
IS 6452,IS: 6452,6452,,specifications for HAC for structural use (high alumina cement),1.1 This standard covers the manufacture of high alumina cement ( HAC) and the specific requirements for its use asa structural building material in the colder regions of our country (continuously 18°C and below ). Its use as a refractory cement is not covered.,scraped,True,Cement & Construction,IS 6452:1989,derived_from_year,1989,BIS Product Certification,True,public_knowledge,,High alumina cement for structural use - cement family under mandatory certification,,https://archive.org/details/gov.in.is.6452.1989,high,minor,,wikipedia_civil_codes;archive_org_scope,missing_amendment_count
IS 13311,IS: 13311,13311,,ultrasonic testing of concrete structures,"1.1 This standard covers the object, principle, apparatus and test procedure of ultrasonic pulse velocity test method. In addition, influence of test conditions and some general guidance on the interpretation of test results are also given. NOTE — In view of the limitations of each method of non-destructive testing of concrete, it is essential that the results of tests obtained by one method should be complimented by other tests and each method should be a4opted very carefully.",scraped,True,Cement & Construction,IS 13311:1992,derived_from_year,1992,Not determined,,not_assessed,,,,https://archive.org/details/gov.in.is.13311.1.1992,medium,minor,,wikipedia_civil_codes;archive_org_scope,certification_not_determined;missing_amendment_count
IS 4925,IS: 4925,4925,,specifications for concrete batching plant,"This Indian Standard covers the requirements of concrete batching and mixing plant with manual, semi-automatic and fully automatic controls.",scraped,True,Cement & Construction,IS 4925:2023,derived_from_year,2023,Not determined,,not_assessed,,,,https://archive.org/details/gov.in.is.4925.2023,medium,minor,,wikipedia_civil_codes;archive_org_scope,certification_not_determined;missing_amendment_count
IS 3025,IS: 3025,3025,,tests on water samples,1.1 This standard (Part 16) prescribes a gravimetric method for the determination of filterableresidue in water and wastewater. 1.2 This method is applicable to all types of water and waste water.,scraped,True,Water & Environment,IS 3025:2023,derived_from_year,2023,Not determined,,not_assessed,,,,https://archive.org/details/gov.in.is.3025.16.2023,medium,minor,0,wikipedia_civil_codes;archive_org_bis;archive_org_scope,certification_not_determined
IS 4990,IS: 4990,4990,,specifications for plywood formwork for concrete,This standard covers the requirements of plywood for concrete shuttering and form work.,scraped,False,Cement & Construction,IS 4990:2011,derived_from_year,2011,Not determined,,not_assessed,,,,https://archive.org/details/gov.in.is.4990.2011,medium,blocker,,wikipedia_civil_codes;archive_org_scope,scope_too_short (13 words);certification_not_determined;missing_amendment_count
IS 9103,IS: 9103,9103,,specifications for concrete admixtures,"1.1 This standard covers the chemical and air- entraining admixtures including superplasticizers, solid or liquid or emulsion, to be added to cement concrete at the time of mixing so as to achieve the desired property in concrete, in the plastic or hardened state. 1.2 The different types of admixtures covered in this standard are as follows: a) Accelerating admixtures, b) Retarding admixtures, c) Water-reducing admixtures, d) Air-entraining admixtures, and e) Superplasticizing admixtures. 1.3 The chloride content in the admixture shall be declared by the manufacturer. Superplasticizers are expected to be chloride free. 1.3.1 Admixtures that contain relatively large amounts of chloride may accelerate corrosion of prestressing steel. Where corrosion of such steel is of major concern, compliance with the requirement of this specification does not constitute assurance of acceptability of the admixture for use in prestressed concrete. In case of reinforced concrete, to minimize the chances of deterioration of concrete, the total chloride content in the concrete should be limited as specified in IS 456.",scraped,True,Cement & Construction,IS 9103:1999,derived_from_year,1999,BIS Product Certification,True,public_knowledge,,Concrete admixtures - available under BIS product certification,,https://archive.org/details/gov.in.is.9103.1999,high,minor,,wikipedia_civil_codes;archive_org_scope,missing_amendment_count
IS 3495,IS: 3495,3495,,methods of testing of bricks,This standard (Part 6) covers the procedure for testing modulus of rupture for the burnt clay bricks by flexural testing.,scraped,True,Cement & Construction,IS 3495:2020,derived_from_year,2020,Not determined,,not_assessed,,,,https://archive.org/details/gov.in.is.3495.6.2022,medium,minor,0,wikipedia_civil_codes;archive_org_bis;archive_org_scope,certification_not_determined
IS 432,IS: 432,432,,; 226; 2062 – mild steel of grade I,1.1 This standard ( Part II ) covers the requirements of hard-drawn steel wire of medium strength for use as reinforcement in concrete.,scraped,True,Metallurgy,IS 432:1982,derived_from_year,1982,BIS Product Certification,True,public_knowledge,,Mild steel and medium tensile steel bars - steel QCO framework,,https://archive.org/details/gov.in.is.432.2.1982,high,minor,,wikipedia_civil_codes;archive_org_scope,missing_amendment_count
IS 1785,IS: 1785,1785,,specifications for plain hard drawn steel wire fabric for prestressed concrete,"1.1 This standard ( Part II ) covers the requirements for manufacture, supply and testing of plain *as-drawn* steel wire for use in prestressed concrete pipes and similar other purposes.",scraped,True,Cement & Construction,IS 1785:1983,derived_from_year,1983,BIS Product Certification,True,public_knowledge,,Plain hard drawn steel wire for prestressed concrete - steel QCO framework,,https://archive.org/details/gov.in.is.1785.2.1983,high,minor,,wikipedia_civil_codes;archive_org_scope,missing_amendment_count
IS 2090,IS: 2090,2090,,specifications for high tensile strength steel bar for prestressed concrete,1.1 This standard covers the requirements for high tensile steel bars used in prestressed concrete. %,scraped,True,Cement & Construction,IS 2090:1983,derived_from_year,1983,BIS Product Certification,True,public_knowledge,,High tensile steel bar for prestressed concrete - steel QCO framework,,https://archive.org/details/gov.in.is.2090.1983,high,minor,,wikipedia_civil_codes;archive_org_scope,missing_amendment_count
IS 226,IS: 226,226,,specifications for rolled steel made from structural steel,specifications for rolled steel made from structural steel,title_fallback,False,Cement & Construction,,not_derivable,,BIS Product Certification,True,public_knowledge,,Structural steel - covered by the steel QCO framework (superseded by IS 2062),,,low,blocker,,wikipedia_civil_codes,scope_equals_title;scope_too_short (8 words);missing_year;missing_source_url;missing_amendment_count
IS 2932,IS: 2932,2932,,specifications for synthetic enamel paint for structural steel,"This standard prescribes requirements, methods of sampling and test for the material commercially known as enamel, synthetic, exterior: (a) undercoating (b) finishing, colour as required used in painting system for protection and decoration.",scraped,True,Cement & Construction,IS 2932:2003,derived_from_year,2003,Not determined,,not_assessed,,,,https://archive.org/details/gov.in.is.2932.2003,medium,minor,,wikipedia_civil_codes;archive_org_scope,certification_not_determined;missing_amendment_count
IS 12118,IS: 12118,12118,,specifications for Polysulphide sealants,"1.1 This standard ( Part 1 ) covers general requirements of two grades of two-part polysulphide based sealants for use in general building applications, namely, pouring grade and gun grade. Pouring grade sealants are intended for use in horizontal joints. Gun grade sealants are intended for use in vertical and inclined joints ( that is, glazing applications ).",scraped,True,Chemicals,IS 12118:1987,derived_from_year,1987,Not determined,,not_assessed,,,,https://archive.org/details/gov.in.is.12118.1.1987,medium,minor,,wikipedia_civil_codes;archive_org_scope,certification_not_determined;missing_amendment_count
IS 2925,IS 2925,2925,,Specification for Industrial Safety Helmets(Bi-Lingual),"1,1 This standard lays down the requirements regarding material, construction, workmanship and finish and performance requirements of helmets intended to provide protection against falling objects and other hazards which may be encountered in mining, tunnelling, quarrying, ship building, construction projects and similar other industrial occupations.",scraped,True,Safety & PPE,IS 2925:1984,derived_from_year,1984,BIS Product Certification,True,qco_gazette,Certification of mining safety helmets under Coal Mines Regulations 1957 Reg. 157(4) -- DGMS Circular No. 22/1966 dated 23 Apr 1966. Scope: mining use; not confirmed as a general-market QCO.,,,https://archive.org/details/gov.in.is.2925.1984,medium,none,4,archive_org_bis;archive_org_scope,
IS 2534,IS 2534,2534,,Carbide Tipped Dead Centres,"This standard covers the requirements for carbide tipped dead centres with Morse taper to 6,",scraped,True,Mechanical,IS 2534:1999,derived_from_year,1999,Not determined,,not_assessed,,,,https://archive.org/details/gov.in.is.2534.1999,medium,minor,,archive_org_bis;archive_org_scope,certification_not_determined;missing_amendment_count
IS 2535-1,IS 2535-1,2535,1,Cylindrical gears for general and heavy engineering ; Part 1 Standard basic rack tooth profile,Cylindrical gears for general and heavy engineering ; Part 1 Standard basic rack tooth profile,title_fallback,False,Mechanical,IS 2535-1:2004,derived_from_year,2004,Not determined,,not_assessed,,,,https://archive.org/details/gov.in.is.2535.1.2004,low,blocker,,archive_org_bis;archive_org_scope,scope_equals_title;certification_not_determined;missing_amendment_count
IS 2425,IS 2425,2425,,Test chart for pillar type vertical drilling machines,Test chart for pillar type vertical drilling machines,title_fallback,False,Mechanical,IS 2425:1982,derived_from_year,1982,Not determined,,not_assessed,,,,https://archive.org/details/gov.in.is.2425.1982,low,blocker,,archive_org_bis;archive_org_scope,scope_equals_title;scope_too_short (8 words);certification_not_determined;missing_amendment_count
IS 12246,IS 12246,12246,,"Irons, Pyro-puncture with Copper Needles","Irons, Pyro-puncture with Copper Needles",title_fallback,False,Metallurgy,IS 12246:1988,derived_from_year,1988,Not determined,,not_assessed,,,,https://archive.org/details/gov.in.is.12246.1988,low,blocker,,archive_org_bis;archive_org_scope,scope_equals_title;scope_too_short (5 words);certification_not_determined;missing_amendment_count
IS 2726,IS 2726,2726,,Code of practice for fire safety of industrial buildings: Cotton ginning and pressing (including cotton seed delintering)factories,"1.1 This standard lays down the essential require- ments for fire safety of cotton ginning, cotton seed delintering and pressing factories",scraped,True,Cement & Construction,IS 2726:1988,derived_from_year,1988,Not determined,,not_assessed,,,,https://archive.org/details/gov.in.is.2726.1988,medium,minor,,archive_org_bis;archive_org_scope,certification_not_determined;missing_amendment_count
IS 2636,IS 2636,2636,,Wing Nuts,Wing Nuts,title_fallback,False,Mechanical,IS 2636:1972,derived_from_year,1972,Not determined,,not_assessed,,,,https://archive.org/details/gov.in.is.2636.1972,low,blocker,,archive_org_bis;archive_org_scope,scope_equals_title;scope_too_short (2 words);certification_not_determined;missing_amendment_count
IS 260,IS 260,260,,"Aluminium sulphate, non-ferric","This standard prescribes the requirements and methods of sampling and test for aluminium sulphate, non- ferric.",scraped,True,Chemicals,IS 260:2001,derived_from_year,2001,Not determined,,not_assessed,,,,https://archive.org/details/gov.in.is.260.2001,medium,minor,,archive_org_bis;archive_org_scope,certification_not_determined;missing_amendment_count
IS 26002,IS 26002 :,26002,,ASSURANCE ENGAGEMENT STANDARD PART 2 CONDUCTING ASSURANCE ENGAGEMENTS FOR ALL MATTERS OTHER THAN STATUTORY FINANCIAL INFORMATION â”€ GUIDANCE,"This Indian Standard (Part 3) provides competency requirements for individuals, firms and reporting entities for the purpose of conducting internal and or external assurance engagements.",scraped,True,Uncategorized,IS 26002:2022,derived_from_year,2022,Not determined,,not_assessed,,,,https://archive.org/details/gov.in.is.26002.3.2022,medium,blocker,0,archive_org_bis;archive_org_scope,category_unresolved;certification_not_determined
IS 2629,IS 2629,2629,,Recommended Practice for Hot-Dip Galvanizing of Iron and Steel,1.1 This standard recommends important guidelines for general hot-dip galvanizing of iron and steel.,scraped,False,Mechanical,IS 2629:1985,derived_from_year,1985,Not determined,,not_assessed,,,,https://archive.org/details/gov.in.is.2629.1985,medium,blocker,3,archive_org_bis;archive_org_scope,scope_too_short (14 words);certification_not_determined
IS 2759,IS 2759,2759,,Higher tensile steel point hooks for use with wire rope thimbles,1.1 This standard covers the requirements of higher tensile steel point hooks with eye for use with wire rope thimbles conforming to IS:2315-1963t.,scraped,True,Mechanical,IS 2759:1969,derived_from_year,1969,Not determined,,not_assessed,,,,https://archive.org/details/gov.in.is.2759.1969,medium,minor,,archive_org_bis;archive_org_scope,certification_not_determined;missing_amendment_count
IS 2783,IS 2783,2783,,"Balaclava Caps, Wool, Plain-knitted","1.1 This standard prescribes the constructional details and other particulars of plain-knitted balaclava caps made from worsted yarn. 1.2 This standard does not specify the general appearance, lustre, feel, type of finish, shade and colour combination of balaclava caps ( see also 4.3 ).",scraped,True,Textiles,IS 2783:1976,derived_from_year,1976,Not determined,,not_assessed,,,,https://archive.org/details/gov.in.is.2783.1976,medium,minor,,archive_org_bis;archive_org_scope,certification_not_determined;missing_amendment_count
IS 216,IS 216,216,,Coal tar pitch,"This standard covers the requirements, methods of sampling and test for the range of four grades of coal tar pitch from soft to hard consistencies with softening points varying from 45° to 95°C and for the range of three grades of special coal tar pitch from binder to extra hard consistencies with softening points varying from 86° to 130°C intended for the production of water proofing protective and binding compounds employed in masonry, steel, timber and concrete structures and also for the preparation of roofing felts, besides their use as binder in the production of a variety of carbon products such as graphite electrodes, Soderberg or pre-baked anodes and carbon or graphite l)locks.",scraped,True,Petroleum,IS 216:2006,derived_from_year,2006,Not determined,,not_assessed,,,,https://archive.org/details/gov.in.is.216.2006,medium,minor,,archive_org_bis;archive_org_scope,certification_not_determined;missing_amendment_count
IS 1242,IS 1242,1242,,Handloom Cotton Shirting,"1.1 This standard prescribes the constructional particulars and Ather requirements of handloom cotton shirting, bleached, dyed, striped, checked or printed. i 1.2 This standard does not specify the general appearance, feel, finiih or weaving and printing pattern, etc, of the shirting. \ ♦Specification for grey cotton yarn ( second revision ) . fRules for rounding off numerical values ( revised ). ISt 1242- 1975",scraped,True,Textiles,IS 1242:1975,derived_from_year,1975,Not determined,,not_assessed,,,,https://archive.org/details/gov.in.is.1242.1975,medium,minor,2,archive_org_bis;archive_org_scope,certification_not_determined
IS 12437,IS 12437,12437,,Zirconium powder for use in explosive and pyrotechnic industry,1.1 This standard prescribes the requirements and the method of sampling and test for zirconium powder for use in explosive and pyrotechnic industry.,scraped,True,Chemicals,IS 12437:1988,derived_from_year,1988,Not determined,,not_assessed,,,,https://archive.org/details/gov.in.is.12437.1988,medium,minor,1,archive_org_bis;archive_org_scope,certification_not_determined
IS 12448-2-3,IS 12448-2-3,12448,2-3,"General Examination, Electrical Continuity and Contact Resistance Tests, Insulation Tests and Voltage Stress Tests, Section 3: Insulation Tests","1.1 This standard ( Part 1 ) is intended to be used as a basic specification. It contains basic test methods and procedures applicable to electrome- chanical components, with the following families or sub-families: a) Connections, solderless; b) Connectors for frequencies below 3 MHz; c) Sockets for electronic tubes; d) Sockets for other plug-in-devices; e) Switches, lever; f) Switches, push-button; g) Switches, rotary; h) Switches, sensitive; j) Switches, thermal time-delay; and k) Switches, thermostatic. 1.2 Other electromechanical devices that are not specifically covered by this standard include: a) capacitors, variable; b) connectors for frequencies above 3 MHz; c) inductors, variable; d) resistors, variable; e) solenoids; f) switches, magnetically operated; and g) switches, proximity.",scraped,True,Electronics,IS 12448-2-3:1988,derived_from_year,1988,Not determined,,not_assessed,,,,https://archive.org/details/gov.in.is.12448.1.1988,medium,minor,,archive_org_bis;archive_org_scope,certification_not_determined;missing_amendment_count
IS 2987,IS 2987,2987,,Direction of operation of controls for machine tools - Recommendations,Direction of operation of controls for machine tools - Recommendations,title_fallback,False,Mechanical,IS 2987:1992,derived_from_year,1992,Not determined,,not_assessed,,,,https://archive.org/details/gov.in.is.2987.1992,low,blocker,,archive_org_bis;archive_org_scope,scope_equals_title;scope_too_short (10 words);certification_not_determined;missing_amendment_count
IS 2990,IS 2990,2990,,Tenons,Tenons,title_fallback,False,Mechanical,IS 2990:1986,derived_from_year,1986,Not determined,,not_assessed,,,,https://archive.org/details/gov.in.is.2990.1986,low,blocker,,archive_org_bis;archive_org_scope,scope_equals_title;scope_too_short (1 words);certification_not_determined;missing_amendment_count
IS 2997,IS 2997,2997,,Air circulator type electric fans and regulators,"1.1 This standard specifies the requirements and methods of test of air circulator fans, oscillating and non-oscillating, and their associated *Since revised. tRules for rounding off numerical values {rtvised). IS:2997-1964 regula'tors suitable for use on single phase ac circuits and dc circuits not exceeding 250 V, intended for normal domestic and similar uses.",scraped,True,Electrical,IS 2997:1964,derived_from_year,1964,BIS Product Certification,True,public_knowledge,,Electric fans and regulators - household appliance under mandatory certification,,https://archive.org/details/gov.in.is.2997.1964,high,none,8,archive_org_bis;archive_org_scope,
IS 3005-2,IS 3005-2,3005,2,"Grey Cast Iron Ingot Moulds, Stools and Slag Ladles, Part II: Grey Cast Iron Ingot Moulds of Mass More than Eight Tonnes","1,1 This standard ( Part II ) covers the requirements for grey cast iron ingot moulds of mass more than eight tonnes.",scraped,True,Mechanical,IS 3005-2:1979,derived_from_year,1979,Not determined,,not_assessed,,,,https://archive.org/details/gov.in.is.3005.2.1979,medium,minor,1,archive_org_bis;archive_org_scope,certification_not_determined
IS 3014,IS 3014,3014,,Ferroniobium (Ferrocolumbium),IS No. Title 1387 : 1993 General requirements for the supply of metallurgical materials ( second revision ) 1472 : 1977 Methods of sampling ferro-alloys for determination of chemical composition (first revision ) 3,scraped,True,Mechanical,IS 3014:1993,derived_from_year,1993,Not determined,,not_assessed,,,,https://archive.org/details/gov.in.is.3014.1993,medium,minor,,archive_org_bis;archive_org_scope,certification_not_determined;missing_amendment_count
IS 2911-1-1,IS 2911-1-1,2911,1-1,"DESIGN AND CONSTRUCTION OF PILE FOUNDATIONS — CODE OF PRACTICE, Part 1: CONCRETE PILES, Section 1: Driven Cast In-situ Concrete Piles","1.1 This standard (Part 2) covers the design and construction of timber piles for earth retaining structures, shore protection, slope protection, compaction of ground or to support structures up to two storeys. 1.2 It also covers timber piles used for load bearing structures, however, in such cases, timber piles capped with a continuous reinforced cement concrete beam shall be used below the load bearing walls. 1.3 Sawn timber piles, generally used in sheet piling, are not covered in this standard.",scraped,True,Cement & Construction,IS 2911-1-1:2010,derived_from_year,2010,Not determined,,not_assessed,,,,https://archive.org/details/gov.in.is.2911.2.2021,medium,minor,,archive_org_bis;archive_org_scope,certification_not_determined;missing_amendment_count
IS 2911-2,IS 2911-2,2911,2,"Code of practice for design and construction of pile foundations, Part 2: Timber piles","1.1 This standard (Part 2) covers the design and construction of timber piles for earth retaining structures, shore protection, slope protection, compaction of ground or to support structures up to two storeys. 1.2 It also covers timber piles used for load bearing structures, however, in such cases, timber piles capped with a continuous reinforced cement concrete beam shall be used below the load bearing walls. 1.3 Sawn timber piles, generally used in sheet piling, are not covered in this standard.",scraped,True,Cement & Construction,IS 2911-2:1980,derived_from_year,1980,Not determined,,not_assessed,,,,https://archive.org/details/gov.in.is.2911.2.2021,medium,minor,1,archive_org_bis;archive_org_scope,certification_not_determined
IS 12567,IS 12567,12567,,Pneumatic handling equipment - Bends - Dimensions,"This Indian Standard specifies dimensions of bends for use in pneumatic handling equipment for loose bulk materials in three series; light, medium and heavy service duties.",scraped,True,Mechanical,IS 12567:1989,derived_from_year,1989,Not determined,,not_assessed,,,,https://archive.org/details/gov.in.is.12567.1989,medium,minor,,archive_org_bis;archive_org_scope,certification_not_determined;missing_amendment_count
IS 12614-1,IS 12614-1,12614,1,"Methods of Chemical Analysis of Ferromolybdenum, Part 1: Determination of Molybdenum",This standard (Part 1) covers the 8 hydroxy- quinoline ( gravimetric ) and permanganate ( titration ) method for determination of molyb- denum in ferromolybdenum.,scraped,True,Chemicals,IS 12614-1:1988,derived_from_year,1988,Not determined,,not_assessed,,,,https://archive.org/details/gov.in.is.12614.1.1988,medium,minor,,archive_org_bis;archive_org_scope,certification_not_determined;missing_amendment_count
IS 12614-4,IS 12614-4,12614,4,"Methods of Chemical Analysis of Ferro-molybdenum, Part 4: Determination of Sulphur",This standard (Part 1) covers the 8 hydroxy- quinoline ( gravimetric ) and permanganate ( titration ) method for determination of molyb- denum in ferromolybdenum.,scraped,True,Chemicals,IS 12614-4:1988,derived_from_year,1988,Not determined,,not_assessed,,,,https://archive.org/details/gov.in.is.12614.1.1988,medium,minor,,archive_org_bis;archive_org_scope,certification_not_determined;missing_amendment_count
IS 12451,IS 12451,12451,,Margarine,1.1 This standard prescribes the requirements and the methods of sampling and test for margarine.,scraped,True,Food & Agriculture,IS 12451:1988,derived_from_year,1988,BIS Product Certification,True,public_knowledge,,Margarine - food product under mandatory certification,,https://archive.org/details/gov.in.is.12451.1988,high,none,2,archive_org_bis;archive_org_scope,
IS 12452,IS 12452,12452,,Code of practice for packaging of microscopes for export,Code of practice for packaging of microscopes for export,title_fallback,False,Mechanical,IS 12452:1988,derived_from_year,1988,Not determined,,not_assessed,,,,https://archive.org/details/gov.in.is.12452.1988,low,blocker,,archive_org_bis;archive_org_scope,scope_equals_title;scope_too_short (9 words);certification_not_determined;missing_amendment_count
IS 12473-5,IS 12473-5,12473,5,"Chemical Analysis of Hardmetals by Flame Atomic Absorption Spectrometry, Part 5: Determination of cobalt, iron, manganese, molybdenum, nickel, titanium and vanadium in contents from 0.5 to 2 percent (","1.1 This standard ( Part 5 ) specifies the method to be used for the determination of cobalt, iron, manga- nese, molybdenum, nickel, titanium and vana- dium contents in hardmetals within the range 0*5 to 2 percent ( fnjm ) by flame atomic absorption spectrometry. 1.2 General requirements concerning the field of application, principle, interfering elements, apparatus, sampling and test report are given in Part 1 of this standard. Note — Determination of element contents in high concentration by the atomic absoption spectrometry method yields a wider scattering of results than are obtainable by other methods.",scraped,True,Chemicals,IS 12473-5:1988,derived_from_year,1988,Not determined,,not_assessed,,,,https://archive.org/details/gov.in.is.12473.5.1988,medium,minor,,archive_org_bis;archive_org_scope,certification_not_determined;missing_amendment_count
IS 3063,IS 3063,3063,,Fasteners - Single coil rectangular section spring lock washers,This standard covers requirements for single coil rectangular section spring lock washers suitable for use with bolt/nut assemblies involv- ing fasteners of property class 5*8 or less in the size range 2 to 100 mm.,scraped,True,Mechanical,IS 3063:1994,derived_from_year,1994,Not determined,,not_assessed,,,,https://archive.org/details/gov.in.is.3063.1994,medium,minor,1,archive_org_bis;archive_org_scope,certification_not_determined
IS 3064,IS 3064,3064,,Hand made drawing paper,1.1 This standard prescribes the requirements and methods of sampling and test for hand-made drawing paper. *Rules for rounding off numerical values ( revised ). 3 IS : 3064 - 1986,scraped,True,Chemicals,IS 3064:1986,derived_from_year,1986,Not determined,,not_assessed,,,,https://archive.org/details/gov.in.is.3064.1986,medium,minor,2,archive_org_bis;archive_org_scope,certification_not_determined
IS 3075-2,IS 3075-2,3075,2,"Circlips, Part 2: For Bores","1.1 Covers the requirement of circlips for bores of nominal diameter range 8 to 300 mm in normal type and 20 to 100 mm in heavy type. 1.2 Additional information like load-bearing capacity, shape of groove and fitting of circlip have been given in Appendix A. 2. Symbols 2.1 For the purpose of this standard the following letter symbols shall apply: a — radial width of the lug b — beam ( radial width of circlip opposite the aperture ) c — distance between measuring plates for testing spiral flatness di— bore diameter rfi — groove diameter dz — external diameter of the circlip not under tension di — minimum symmetrical diameter of bore during fitting di — diameter of the lug holes £ — modulus of elasticity Fh —load-bearing capacity of groove at a yield point of the grooved material of 200 N/mm> (seeA-1.1 ) Fa — load-bearing capacity of circlip with sharp-edged abutment of the pressure part ( see A-1.2). ^Ra — load-bearing capacity of circlip for abutment with edge chamfering distance g ( see A-1.2) ''•L — yl^'d point g — edge chamfering distance of the surface abutting against the circlip h — distance between the plates when testing conical deformation m — groove width n — edge margin r — curvature In the groove base or test Jaws s —thickness of the circlip t — groove depth with nominal sizes of di and dt 3. Dimensions, Tolerances and Design Data 3.1 Dimensions, tolerances and design data for clrclipSi normal type shall be as given in Table 1» read with Fig, 1, 3.2 Dimensions, tolerances and design data for circlips, heavy type shall be as given in Table 2, read with Fig. 1. Adopted 25 November 19Se April 1988. BIS Ore BUREAU OF INDIAN STANDARDS MANAK BHAVAN. BAHADUR SHAH ZAFAR MARG N6W DELHI 110009 IS:307S(Part2)-1986 TABLE 1 DIMCNSIONS AND DESIGN DATA FOR CIRCLIP8 FOR BORES - (C/a(/se3.1;and Fig. 1 ) NORMAtTYPE Ail dimensions In millimetres. is CIrcllp 1 Oroov* 1 De",scraped,True,Mechanical,IS 3075-2:1986,derived_from_year,1986,Not determined,,not_assessed,,,,https://archive.org/details/gov.in.is.3075.2.1986,medium,minor,1,archive_org_bis;archive_org_scope,certification_not_determined
IS 3141,IS 3141,3141,,Starter Motors for internal combustion engines used for automotive and other applications,This standard covers the basic mechanical and electrical requirements and methods of test for 12 and 24 V dc starter motors for internal combustion engines used for automotive and other applications.,scraped,True,Mechanical,IS 3141:2007,derived_from_year,2007,Not determined,,not_assessed,,,,https://archive.org/details/gov.in.is.3141.2007,medium,minor,,archive_org_bis;archive_org_scope,certification_not_determined;missing_amendment_count
IS 3156-3,IS 3156-3,3156,3,"Voltage transformers, Part 3: Protective voltage transformers","This standard ( Part 3 ), covers additional require- ments for protective voltage transformers.",scraped,False,Electrical,IS 3156-3:1992,derived_from_year,1992,Not determined,,not_assessed,,,,https://archive.org/details/gov.in.is.3156.3.1992,medium,blocker,,archive_org_bis;archive_org_scope,scope_too_short (14 words);certification_not_determined;missing_amendment_count
IS 3160:2022,IS 3160 : 2022,3160,,Tur Chuni as Livestock Feed Ingredient-Specification,This standard prescribes the reguirements and the methods of sampling and test for Tur or Arhar (Cajanus cajan L.) Chuni used as livestock feed ingredient.,scraped,True,Food & Agriculture,IS 3160:2022,derived_from_year,2022,Not determined,,not_assessed,,,,https://archive.org/details/gov.in.is.3160.2022,medium,minor,0,archive_org_bis;archive_org_scope,certification_not_determined
IS 3170-1,IS 3170-1,3170,1,"Internal Combustion Engines - Fuel Injection Nozzles, Part 1: Injection Nozzles - Size 'S'","This international Standard specifies the essential dimensional requirements for size ""S"" fuel nozzles used in diesel engines. These requirements allow the assembly and interchangeability of the nozzles in the corresponding nozzle holders. This International Standard is applicable to size ""S"" nozzles, which comprise hole type, long-stem nozzles (types A1 and A2) and pintle nozzles (type B). NOTE Type A1 and type B nozzles are the preferred types. The non-preferred hole type, short-stem nozzle, type C, is shown in annex A. 2 Normative references The following normative documents contain provisions which, through reference in this text, constitute provisions of this International Standard. For dated references, subsequent amendments to, or revisions of, any of these publications do not apply. However, parties to agreements based on this International Standard are encouraged to investigate the possibility of applying the most recent editions of the normative documents indicated below. For undated references, the latest edition of the normative document referred to applies. Members of ISO and IEC maintain registers of currently valid International Standards. ISO 2699, Diesel engines — Flange-mounted fuel injectors, size ""S""— Types 2, 3, 4, 5 and 6. ISO 7026, Diesel engines — Screw-in injection nozzle holders, types 20, 21, 21.1 and 27 for pintle nozzle size ""S"", type ""B'\ ISO 7030, Road vehicles — Screw-mounted injection nozzle holders, types 12, 13, 14, 15, 16, 17, 18 and 19. IS 3170 (Parti): 2006 ISO 2697: 1999 3 Dimensions and tolerances See Figures 1 and 2 and Table 1. Key 1 Fuel feed groove 2 Injection holes a The reference axis for the nozzle passes through the centre of the circle of diameter A 7: b A fuel feed groove is necessary only on nozzles without dowel holes and on nozzles having multiple fuel feed holes. c This dimension determines the distance between the reference plane YY' and the point of intersectio",scraped,True,Mechanical,IS 3170-1:2006,derived_from_year,2006,Not determined,,not_assessed,,,,https://archive.org/details/gov.in.is.3170.1.2006,medium,minor,,archive_org_bis;archive_org_scope,certification_not_determined;missing_amendment_count
IS 326-11,IS 326-11,326,11,Methods of test for natural and synthetic perfumery materials (Part 11) Determination of carbonyl value and content of carbonyl compounds,This standard (Part 2) prescribes the special tests for the detection of common impurities and adulterants in natural and synthetic perfumery materials.,scraped,True,Petroleum,IS 326-11:1986,derived_from_year,1986,Not determined,,not_assessed,,,,https://archive.org/details/gov.in.is.326.2.2023,medium,minor,,archive_org_bis;archive_org_scope,certification_not_determined;missing_amendment_count
IS 326-19,IS 326-19,326,19,"Method of Sampling and Test for Natural and Synthetic Perfumery Materials, Part 19: GAS Chromatograpfilc Analysis of Perfumery Materials",This standard (Part 2) prescribes the special tests for the detection of common impurities and adulterants in natural and synthetic perfumery materials.,scraped,True,Petroleum,IS 326-19:1998,derived_from_year,1998,Not determined,,not_assessed,,,,https://archive.org/details/gov.in.is.326.2.2023,medium,minor,,archive_org_bis;archive_org_scope,certification_not_determined;missing_amendment_count
IS 326-21,IS 326-21,326,21,"Methods of Sampling and Test for Natural and Sythetic Perfumery Materials, Part 21: Determination of Water Content - Karl Fischer Method",This standard (Part 2) prescribes the special tests for the detection of common impurities and adulterants in natural and synthetic perfumery materials.,scraped,True,Petroleum,IS 326-21:2001,derived_from_year,2001,Not determined,,not_assessed,,,,https://archive.org/details/gov.in.is.326.2.2023,medium,minor,,archive_org_bis;archive_org_scope,certification_not_determined;missing_amendment_count
IS 3262:2023,IS 3262 : 2023,3262,,Textiles - Pilot Lead Line - Specification,1.1 This standard prescribes the requirements for pilot lead line of 25 mm size.,scraped,False,Textiles,IS 3262:2023,derived_from_year,2023,Not determined,,not_assessed,,,,https://archive.org/details/gov.in.is.3262.2023,medium,blocker,0,archive_org_bis;archive_org_scope,scope_too_short (14 words);certification_not_determined
IS 327,IS 327,327,,Oil of Lemongrass,"This standard prescribes the requirements and the methods of test for the material commercially known as the oil of lemongrass or the East Indian Oil of lemongrass. The material is largely used in the extraction of citral, the chief constituent of the oil and the starting material for the manufacture of important ion- ones. It is also employed in the preparation of lemon-like perfumes, germicides, etc.",scraped,True,Petroleum,IS 327:1991,derived_from_year,1991,Not determined,,not_assessed,,,,https://archive.org/details/gov.in.is.327.1991,medium,minor,1,archive_org_bis;archive_org_scope,certification_not_determined
IS 3279,IS 3279,3279,,General requirements for mushroom ventilators,1.1 This standard deals with the general requirements of mushroom ventilators. ♦Under print. fRulcs for rounding off numerical values ( rwiud ). IS: 3279 -1966,scraped,True,Mechanical,IS 3279:1966,derived_from_year,1966,Not determined,,not_assessed,,,,https://archive.org/details/gov.in.is.3279.1966,medium,minor,,archive_org_bis;archive_org_scope,certification_not_determined;missing_amendment_count
IS 3288-1,IS 3288-1,3288,1,"Glossary of Terms Relating to Copper and Copper Alloys, Part 1: Materials","Glossary of Terms Relating to Copper and Copper Alloys, Part 1: Materials",title_fallback,False,Mechanical,IS 3288-1:1986,derived_from_year,1986,Not determined,,not_assessed,,,,https://archive.org/details/gov.in.is.3288.1.1986,low,blocker,,archive_org_bis;archive_org_scope,scope_equals_title;scope_too_short (12 words);certification_not_determined;missing_amendment_count
IS 3312:2021,IS 3312 : 2021,3312,,Steel Shelving Cabinets ( Adjustable Type ) - Specification ( Third Revision ),"This standard covers the requirements for materials, sizes, construction and finish of adjustable steel shelving cabinets with hinged doors with or without the provision of a locker.",scraped,True,Metallurgy,IS 3312:2021,derived_from_year,2021,Not determined,,not_assessed,,,,https://archive.org/details/gov.in.is.3312.2021,medium,minor,0,archive_org_bis;archive_org_scope,certification_not_determined
IS 3318,IS 3318,3318,,General requirements for surgical scalpels and knives,l-lThis standard covers the general requirements for different kinds of scalpels and knives used in surgical work.,scraped,True,Medical & Healthcare,IS 3318:1965,derived_from_year,1965,Not determined,,not_assessed,,,,https://archive.org/details/gov.in.is.3318.1965,medium,minor,1,archive_org_bis;archive_org_scope,certification_not_determined
IS 3322-1,IS 3322-1,3322,1,"Water-resistant clothing, Part 1: PVC-coated fabrics","1.1 This standard ( Part 1 ) specifies requirements and methods of sampling and test for cotton and nylon fabrics coated on one or both sides with a suitably plasticized coating, pigmented or otherwise, of vinyl chloride or copolymer, the major constituent of which is vinyl chloride, and which are suitable for use in the making up of water resistant clothing.",scraped,True,Safety & PPE,IS 3322-1:1987,derived_from_year,1987,Not determined,,not_assessed,,,,https://archive.org/details/gov.in.is.3322.1.1987,medium,minor,,archive_org_bis;archive_org_scope,certification_not_determined;missing_amendment_count
IS 3326,IS 3326,3326,,Cotton Stockinette,"1.1 This standard prescribes the requirements of scoured cotton stocki- nette. ♦Rules for rounding off numerical values ( revised ) . 3 IS : 3326 - 1978 1.2 This standard does not prescribe the type of finish, feel, general appearance, etc, of the stockinette ( see also 3.2 ). 2, MANUFACTURE 2.1 Yarn — The cotton yarn used for knitting stockinette shall be sofr and evenly spun with 600 to 700 turns per metre. The approximate count shall be 20s (30 tex). 2*2 Stockinette — The stockinette shall be plain-knitted and tubular in shape. It shall be well scoured and free from any filling material. It shall be reasonably free from manufacturing defects, such as large mends, ladders, dropped stitches, holes, cuts, tears and chemical damage. 3. REQUIREMENTS 3.1 The stockinette shall conform to the requirements as given in Table 1. TABLE 1 REQUIREMENTS OF COTTON STOCKINETTE Si, Characteristic Rkquiremknt Method of No. Test, Rkf to (1) (2) (3) (4) i) Wales/dm 360 ± 20 A-l ») Courses/dm 55 ± 5 A-2 iii) Mass, g/m 40 ± 2-5 IS : 1964-1970* iv) Mai width ( tubular ), cm 28 i 0-6 IS : 19.54- 1 969f v) Length, m 30 or as agreed IS : 1954-I969f VI) Scouring loss, percent, Max 2'0 IS : 1383-1377$ ( Mild method ) vii) pH value of aqueous extract 6 to 10 IS : 1390-196J§ ( Cold method ) ♦Methods for determination of weight per square metre and weight per linear metre of fabrics ( first revision ). tMethod for determination of length and width of fabrics ( first revision ). ^Method for determination of scouring loss in grey and finished cotton textile materials ( first revision ). §Methods of determination of pH value of aqueous extracts of textile materials. 3.2 Sealed Sample — If, in order to illustrate or specify the indetermi- nable characteristics, such as type of finish, feel, general appearance, e",scraped,True,Textiles,IS 3326:1978,derived_from_year,1978,Not determined,,not_assessed,,,,https://archive.org/details/gov.in.is.3326.1978,medium,minor,3,archive_org_bis;archive_org_scope,certification_not_determined
IS 3179,IS 3179,3179,,Engineering metrology - Feeler gauges,Engineering metrology - Feeler gauges,title_fallback,False,Mechanical,IS 3179:1990,derived_from_year,1990,Not determined,,not_assessed,,,,https://archive.org/details/gov.in.is.3179.1990,low,blocker,,archive_org_bis;archive_org_scope,scope_equals_title;scope_too_short (5 words);certification_not_determined;missing_amendment_count
IS 3188,IS 3188,3188,,Characteristics of string insulator units,"1.1 This standard applies to string insulator units of the cap and pin type with porcelain insulating parts intended for ac overhead power lines with nominal voltage greater than 1 000 V and a frequency not greater than 100 Hz. 1.2 This standard applies to string insulator units of the cap and pin type with ball and socket couplings or clevis and tongue couplings. 1.3 This standard applies to string insulator units for use on overhead power lines situated in atmospheres with no significant pollution. It may be applied to insulators intended for polluted atmospheres, in which case it will be necessary to modify certain dimensions. In any case, it is recommended that the standardized mechanical characteristics of this standard should be followed in such cases also.",scraped,True,Electrical,IS 3188:1980,derived_from_year,1980,Not determined,,not_assessed,,,,https://archive.org/details/gov.in.is.3188.1980,medium,minor,,archive_org_bis;archive_org_scope,certification_not_determined;missing_amendment_count
IS 3212,IS 3212,3212,,"Engineers' drawings instruments, lengthening bars",This standard covers the requirements of leng- thening bars for engineers 9 drawing instruments*,scraped,False,Mechanical,IS 3212:1991,derived_from_year,1991,Not determined,,not_assessed,,,,https://archive.org/details/gov.in.is.3212.1991,medium,blocker,,archive_org_bis;archive_org_scope,scope_too_short (14 words);certification_not_determined;missing_amendment_count
IS 12767,IS 12767,12767,,Liquid soap for cleaning painted surfaces,1.1 This standard prescribes the requirements and methods of sampling and test for liquid soap for cleaning painted surfaces.,scraped,True,Chemicals,IS 12767:1989,derived_from_year,1989,Not determined,,not_assessed,,,,https://archive.org/details/gov.in.is.12767.1989,medium,minor,,archive_org_bis;archive_org_scope,certification_not_determined;missing_amendment_count
IS 12771,IS 12771,12771,,General characteristics for nuclear reactor instrumentation,General characteristics for nuclear reactor instrumentation,title_fallback,False,Electronics,IS 12771:1989,derived_from_year,1989,Not determined,,not_assessed,,,,https://archive.org/details/gov.in.is.12771.1989,low,blocker,,archive_org_bis;archive_org_scope,scope_equals_title;scope_too_short (6 words);certification_not_determined;missing_amendment_count
IS 12778,IS 12778,12778,,"Hot Rolled Parallel Flange Steel Sections for Beams, Columns and Bearing Piles - Dimensions and Section Properties","This standard covers the nominal dimensions; mass and sectional properties of hot rolled parallel flange beams, columns and bearing piles.",scraped,True,Cement & Construction,IS 12778:2004,derived_from_year,2004,BIS Product Certification,True,public_knowledge,,Hot rolled parallel flange steel sections - steel QCO framework,,https://archive.org/details/gov.in.is.12778.2004,high,minor,,archive_org_bis;archive_org_scope,missing_amendment_count
IS 13033,IS 13033,13033,,Straw Holding Clips,"1.1 This standard prescribes the material, dimen- sions and other requirements for straw holding clips.",scraped,True,Food & Agriculture,IS 13033:1990,derived_from_year,1990,Not determined,,not_assessed,,,,https://archive.org/details/gov.in.is.13033.1990,medium,minor,,archive_org_bis;archive_org_scope,certification_not_determined;missing_amendment_count
IS 13050,IS 13050,13050,,Internal Combustion Engines - Valve Seat Inserts,"1.1 This standard specifies the requirements for different types of valve seat inserts, shape and dimensional tolerances used in Internal Com- bustion Engines including automotive engines. This standard covers valve seat inserts up to and including 120 mm outside diameter. 1.2 This standard covers both finished and semi- finished valve seat inserts. The latter will be interference fitted in the counter bore provided in the cylinder head casting and undergo seat cutting to the size. 1.3 This standard does not cover the semi- finished valve seat inserts which are cast in-situ in aluminium cylinder heads.",scraped,True,Mechanical,IS 13050:1991,derived_from_year,1991,Not determined,,not_assessed,,,,https://archive.org/details/gov.in.is.13050.1991,medium,minor,,archive_org_bis;archive_org_scope,certification_not_determined;missing_amendment_count
IS 13057,IS 13057,13057,,Potassium iodate,This standard prescribes requirements and methods of sampling and test for potassium iodate.,scraped,False,Chemicals,IS 13057:1991,derived_from_year,1991,Not determined,,not_assessed,,,,https://archive.org/details/gov.in.is.13057.1991,medium,blocker,1,archive_org_bis;archive_org_scope,scope_too_short (13 words);certification_not_determined
IS 13067,IS 13067,13067,,Impregnants for power capacitors,!•! This standard covers the requirements and methods of tests for liquids used as impregnants in power capacitors conforming to IS 2834 : 1986.,scraped,True,Electrical,IS 13067:1991,derived_from_year,1991,Not determined,,not_assessed,,,,https://archive.org/details/gov.in.is.13067.1991,medium,minor,,archive_org_bis;archive_org_scope,certification_not_determined;missing_amendment_count
IS 13082-2,IS 13082-2,13082,2,"Bulk handling equipment - Ship unloader - Gantry mounted grab type - Code of practice for design, manufacture and erection, Part 2 Electro-mechanical requirements","1,1 This Indian Standard covers electro-mecha- nical requirements, inspection and testing re- quirements relating to the design, manufacture, and erection of gantry mounted grab type ship unloader provided with horizontal boom and grab-bucket.",scraped,True,Mechanical,IS 13082-2:1991,derived_from_year,1991,Not determined,,not_assessed,,,,https://archive.org/details/gov.in.is.13082.2.1991,medium,minor,,archive_org_bis;archive_org_scope,certification_not_determined;missing_amendment_count
IS 13103,IS 13103,13103,,"Hydraulic fluid power - Single rod cylinders, 160 bar (16 MPa) compact series - Port dimensions","This International Standard establishes port dimensions^) for 16 MPa (160 bar^)) compact series cylinders as required for interchangeability of commonly used hydraulic cylinders. NOTE — This Internationa! Standard allows manufacturers of hydraulic equipment, freedom in design of metric cylinders; It does not restrict technical development but provides basic guidelines. The compact series dimensions are most applicable to square head cylinders. This International Standard will be incorporated into the next edition of ISO 6020-2. 2 Normative references The following standards contain provisions which, through reference in this text, constitute provisions of this International Standard. At the time of publication, the editions indicated were valid. All standards are subject to revision, and parties to agreements based on this International Standard are encouraged to investigate the possibility of applying the most recent editions of the standards Indicated below. Members of I EC and ISO maintain registers of currently valid International Standards. ISO 11 79-1 :— 3), Connections for general use and fluid power — Ports and stud ends witt) ISO 228-1 threads witli elastomeric or metal-to-metal sealing — Part 1: Threaded ports, ISO 3320:1 987, Fluid power systems and components — Cylinder bores and piston rod diameters — l^etric series. ISO 5598:1985, Fluid power systems and components — Vocabulary. ISO 6020-2:1 991 , Hydraulic fluid power — Mounting dimensions for single rod cylinders, 16 MPa (160 bar) series — Part 2: Compact series. ISO 6099:1 985, Fluid power systems and components — Cylinders — Identification code for mounting dimensions and mounting types. ISO 6149-1:1993, Connections for fluid power and general use — Ports and stud ends with ISO 261 threads and 0-ring sealing — Part 1: Ports with 0-ring seal in truncated housing. ISO 6162:1994, Hydraulic fluid power — Four-screw split-flange connections for use at pressures of 2,5",scraped,True,Mechanical,IS 13103:2005,derived_from_year,2005,Not determined,,not_assessed,,,,https://archive.org/details/gov.in.is.13103.2005,medium,minor,,archive_org_bis;archive_org_scope,certification_not_determined;missing_amendment_count
IS 2974-5,IS 2974-5,2974,5,"Code of practice for design and construction of machine foundations, Part 5: Foundations for impact machines other than hammer (forging and stamping press, pig breaker, drop crusher and jolter)","1.1 This standard ( Part 5 ) deals with design and construction of block type foundations of reinforced concrete for the installation of the following machines: a) Forging, sheet metal and stamping presses, b) Scrap breakers or pig breakers, and c) Jolters.",scraped,True,Cement & Construction,IS 2974-5:1987,derived_from_year,1987,Not determined,,not_assessed,,,,https://archive.org/details/gov.in.is.2974.5.1987,medium,minor,,archive_org_bis;archive_org_scope,certification_not_determined;missing_amendment_count
IS 302,IS 302 :,302,,Safety of household and similar electrical appliances: Part 2 Particular requirements Section 26 Clocks,Safety of household and similar electrical appliances: Part 2 Particular requirements Section 26 Clocks,title_fallback,False,Electrical,IS 302:2018,derived_from_year,2018,BIS Product Certification,True,public_knowledge,,Safety of household electrical appliances - appliance QCOs require the Standard Mark,,,low,blocker,0,archive_org_bis,scope_equals_title;scope_too_short (14 words);missing_source_url
IS 302-2-3,IS 302-2-3,302,2-3,"Safety of household and similar electrical appliances, Part 2: Particular requirements, Section 3: Electric iron","Safety of household and similar electrical appliances, Part 2: Particular requirements, Section 3: Electric iron",title_fallback,False,Electrical,IS 302-2-3:2007,derived_from_year,2007,BIS Product Certification,True,qco_gazette,"Electrical Wires, Cables, Appliances and Protection Devices and Accessories (Quality Control) Order, 2003 -- S.O. 189(E) dated 17 Feb 2003 (DPIIT); BIS CMD-1/12:1 dated 08 Dec 2006 (IS 302 Pt.2/Sec.3, electric irons)",,,,low,blocker,,archive_org_bis,scope_equals_title;missing_source_url;missing_amendment_count
IS 302-2-32,IS 302-2-32,302,2-32,"Safety of household and similar electrical appliances, Part 2: Particular requirements: Section 32 Massage appliances","Safety of household and similar electrical appliances, Part 2: Particular requirements: Section 32 Massage appliances",title_fallback,False,Electrical,IS 302-2-32:1994,derived_from_year,1994,BIS Product Certification,True,public_knowledge,,Safety of household electrical appliances - appliance QCOs require the Standard Mark,,,low,blocker,1,archive_org_bis,scope_equals_title;missing_source_url
IS 3023,IS 3023,3023,,Recommended practice for building up by metal spraying,"1.1 This standard covers recommendations for building-up by metal spray- ing using wire and oxy-fuel equipment except and where otherwise stated, the reference is to building-up of the outside surface of the cylindrical components, such as, shafts, rolls, drums, etc, which in fact constitute the bulk of the building up applications for which this process is employed.",scraped,True,Cement & Construction,IS 3023:1965,derived_from_year,1965,Not determined,,not_assessed,,,,https://archive.org/details/gov.in.is.3023.1965,medium,minor,,archive_org_bis;archive_org_scope,certification_not_determined;missing_amendment_count
IS 3025-2,IS 3025-2,3025,2,"Methods of Sampling and Test (Physical and Chemical) for Water and Waste Water, Part 2: Determination of 33 Elements by Inductively Coupled Plasma Atomic Emission Spectroscopy",1.1 This standard (Part 16) prescribes a gravimetric method for the determination of filterableresidue in water and wastewater. 1.2 This method is applicable to all types of water and waste water.,scraped,True,Chemicals,IS 3025-2:2004,derived_from_year,2004,Not determined,,not_assessed,,,,https://archive.org/details/gov.in.is.3025.16.2023,medium,minor,,archive_org_bis;archive_org_scope,certification_not_determined;missing_amendment_count
IS 3025-3,IS 3025-3,3025,3,"Methods of Sampling and Test (Physical and Chemical) for Water and Wastewater, Part 3: Precision and Accuracy",1.1 This standard (Part 16) prescribes a gravimetric method for the determination of filterableresidue in water and wastewater. 1.2 This method is applicable to all types of water and waste water.,scraped,True,Chemicals,IS 3025-3:1987,derived_from_year,1987,Not determined,,not_assessed,,,,https://archive.org/details/gov.in.is.3025.16.2023,medium,minor,1,archive_org_bis;archive_org_scope,certification_not_determined
IS 3660-2,IS 3660-2,3660,2,"Methods of Test for Natural Rubber, Part 2: Determination of Volatile Matter","1.1 The standard prescribes a method for the determination of volatile matter, which is volatile at 100°C, present in the natural rubber.",scraped,True,Petroleum,IS 3660-2:1985,derived_from_year,1985,Not determined,,not_assessed,,,,https://archive.org/details/gov.in.is.3660.2.1985,medium,minor,1,archive_org_bis;archive_org_scope,certification_not_determined
IS 3660-7,IS 3660-7,3660,7,"Methods of Test for Natural Rubber, Part 7: Determination of Mooney Viscosity","1.1 The standard prescribes a method for the determination of volatile matter, which is volatile at 100°C, present in the natural rubber.",scraped,True,Petroleum,IS 3660-7:2013,derived_from_year,2013,Not determined,,not_assessed,,,,https://archive.org/details/gov.in.is.3660.2.1985,medium,minor,,archive_org_bis;archive_org_scope,certification_not_determined;missing_amendment_count
IS 368,IS 368,368,,Electric Immersion Water Heaters LEGALLY BINDING DOCUMENT Step Out From the Old to the New --Jawaharlal Nehru Invent a new India using Knowledge --Satyanarayan Gangaram Pitroda,"The standard covers the general safety and performance requirements for ac single phase or dc portable electric immersion water heaters with a flexible cord and connector intended for water heating purposes. This standard does not cover electric immersion water heaters incorporating thermostat,",scraped,True,Electrical,IS 368:2014,derived_from_year,2014,BIS Product Certification,True,public_knowledge,,Electric immersion water heaters - household appliance under mandatory certification,,https://archive.org/details/gov.in.is.368.2014,high,minor,,archive_org_bis;archive_org_scope,missing_amendment_count
IS 3680,IS 3680,3680,,Round printing ink containers,1.1 This standard prescribes the requirements and methods of sampling and test for round built-up slip lid containers manufactured from tinplate for packing printing inks.,scraped,True,Mechanical,IS 3680:1987,derived_from_year,1987,Not determined,,not_assessed,,,,https://archive.org/details/gov.in.is.3680.1987,medium,minor,,archive_org_bis;archive_org_scope,certification_not_determined;missing_amendment_count
IS 3741-1,IS 3741-1,3741,1,"Medical Instruments - Sedimentation Tubes, Part 1: Westergren Tube",!•! This standard specifies requirements for Westergren tubes ( also known as ESR or BSR tubes ) used to determine the sedimentation rate of erythrocytes in human blood containing an anti-coagulant by Westergren method.,scraped,True,Medical & Healthcare,IS 3741-1:1990,derived_from_year,1990,Not determined,,not_assessed,,,,https://archive.org/details/gov.in.is.3741.1.1990,medium,minor,,archive_org_bis;archive_org_scope,certification_not_determined;missing_amendment_count
IS 3746:2018,IS 3746 : 2018,3746,,Graphical Symbols for Coal Preparation Plant (Second Revision),This standard prescribes basic symbols for use in the process flow diagrams and others relating to coal preparation plants.,scraped,True,Mining & Minerals,IS 3746:2018,derived_from_year,2018,Not determined,,not_assessed,,,,https://archive.org/details/gov.in.is.3746.2018,medium,minor,0,archive_org_bis;archive_org_scope,certification_not_determined
IS 3771:2019,IS 3771 : 2019,3771,,"Textiles — Long Cloth, Cotton Khadi, Bleached — Specification ( Second Revision )","Textiles — Long Cloth, Cotton Khadi, Bleached — Specification ( Second Revision )",title_fallback,False,Textiles,IS 3771:2019,derived_from_year,2019,Not determined,,not_assessed,,,,https://archive.org/details/gov.in.is.3771.2019,low,blocker,1,archive_org_bis;archive_org_scope,scope_equals_title;scope_too_short (13 words);certification_not_determined
IS 3792,IS 3792,3792,,Guide for heat insulation of non industrial buildings,"1.1 This guide is intended to cover heat insulation of non-industrial buildings, such as dwellings, hospitals, schools and office buildings wherein no mechanical cooling or heating aids, such as air-conditioning plants, are used. 2.",scraped,True,Cement & Construction,IS 3792:1978,derived_from_year,1978,Not determined,,not_assessed,,,,https://archive.org/details/gov.in.is.3792.1978,medium,minor,,archive_org_bis;archive_org_scope,certification_not_determined;missing_amendment_count
IS 3796,IS 3796,3796,,"SPICES AND CONDIMENTS — FENNEL SEEDS,WHOLE - SPECIFICATION","This standard prescribes the requirements for dried fruits ( seeds ) of fennel ( Foeniculum vulgare Mill,).",scraped,True,Food & Agriculture,IS 3796:1993,derived_from_year,1993,BIS Product Certification,True,public_knowledge,,Spices and condiments - available under BIS product certification,,https://archive.org/details/gov.in.is.3796.1993,high,minor,,archive_org_bis;archive_org_scope,missing_amendment_count
IS 3803-2,IS 3803-2,3803,2,"Steel - Conversion of Elongation Values, Part 2: Austenitic steels","Steel - Conversion of Elongation Values, Part 2: Austenitic steels",title_fallback,False,Mechanical,IS 3803-2:1989,derived_from_year,1989,Not determined,,not_assessed,,,,https://archive.org/details/gov.in.is.3803.2.1989,low,blocker,,archive_org_bis;archive_org_scope,scope_equals_title;scope_too_short (10 words);certification_not_determined;missing_amendment_count
IS 3810-3,IS 3810-3,3810,3,Glossary of terms relating to solid mineral fuels; Part III Terms relating to coke,"1.1 This standard ( Part III ) covers terms and definitions relating to coke. 1.1.1 Terms and definitions relating to sampling and analysis of coal given in Part II of this standard may be used wherever necessary, with suitable modification. •Glossary of terms used in coal preparation practice. 3 IS: 3810 (Part III) -1977",scraped,True,Petroleum,IS 3810-3:1977,derived_from_year,1977,Not determined,,not_assessed,,,,https://archive.org/details/gov.in.is.3810.3.1977,medium,minor,,archive_org_bis;archive_org_scope,certification_not_determined;missing_amendment_count
IS 3810,IS 3810 :,3810,,Glossary Of Terms Relating To Solid Mineral Fuels Part 3- Coke,"1.1 This standard ( Part III ) covers terms and definitions relating to coke. 1.1.1 Terms and definitions relating to sampling and analysis of coal given in Part II of this standard may be used wherever necessary, with suitable modification. •Glossary of terms used in coal preparation practice. 3 IS: 3810 (Part III) -1977",scraped,True,Mining & Minerals,IS 3810:2023,derived_from_year,2023,Not determined,,not_assessed,,,,https://archive.org/details/gov.in.is.3810.3.1977,medium,minor,0,archive_org_bis;archive_org_scope,certification_not_determined
IS 3445,IS 3445,3445,,Forged steel rolls,Forged steel rolls,title_fallback,False,Mechanical,IS 3445:1992,derived_from_year,1992,Not determined,,not_assessed,,,,https://archive.org/details/gov.in.is.3445.1992,low,blocker,,archive_org_bis;archive_org_scope,scope_equals_title;scope_too_short (3 words);certification_not_determined;missing_amendment_count
IS 3451-2,IS 3451-2,3451,2,"Code of practice for care and maintenance of brushes, Part 2 - Brushes other than pan set brushes","1.1 This standard ( Part II ) lays down the practice to be followed in the care and maintenance of brushes other than pan set, that is, either stapled set, or wire drawn set or twisted-in-wire set.",scraped,True,Chemicals,IS 3451-2:1975,derived_from_year,1975,Not determined,,not_assessed,,,,https://archive.org/details/gov.in.is.3451.2.1975,medium,minor,,archive_org_bis;archive_org_scope,certification_not_determined;missing_amendment_count
IS 3452-2,IS 3452-2,3452,2,"Toggle Switches, Part 2: Toggle Switches, Type I and type II",1*1 This standard ( Part II ) covers the requirements for toggle switches of Type I and Type II used in electronic and telecommunication equipment. 1.2 The toggle switches used in electrical appliances and electrical wiring installations in buildings and other similar locations as well as sealed type of toggle switches are not covered by this standard.,scraped,True,Electronics,IS 3452-2:1970,derived_from_year,1970,Not determined,,not_assessed,,,,https://archive.org/details/gov.in.is.3452.2.1970,medium,minor,3,archive_org_bis;archive_org_scope,certification_not_determined
IS 3495-1,IS 3495-1,3495,1,"Methods of tests of burnt clay building bricks: Part 1 Determination of compressive strength Part 2 Determination of water absorption Part 3 Determination of efflorescence, Part 4: Determination of wa",This standard (Part 6) covers the procedure for testing modulus of rupture for the burnt clay bricks by flexural testing.,scraped,True,Cement & Construction,IS 3495-1:1992,derived_from_year,1992,Not determined,,not_assessed,,,,https://archive.org/details/gov.in.is.3495.6.2022,medium,minor,,archive_org_bis;archive_org_scope,certification_not_determined;missing_amendment_count
IS 334,IS 334,334,,Glossary of Terms Relating to Bitumen and Tar,This standard defines the terms relating to the products commercially known as bitumen and tar.,scraped,True,Petroleum,IS 334:2002,derived_from_year,2002,Not determined,,not_assessed,,,,https://archive.org/details/gov.in.is.334.2002,medium,minor,,archive_org_bis;archive_org_scope,certification_not_determined;missing_amendment_count
IS 3722-1,IS 3722-1,3722,1,"Letter symbols and signs used in electrical technology, Part 1: General guidance on symbols and subscripts",1.1 This standard covers letter symbols and signs for quantities used in electrical technology and their units. 1.2 This standard ( Part I ) covers rules for symbols and subscripts.,scraped,True,Electrical,IS 3722-1:1983,derived_from_year,1983,Not determined,,not_assessed,,,,https://archive.org/details/gov.in.is.3722.1.1983,medium,minor,,archive_org_bis;archive_org_scope,certification_not_determined;missing_amendment_count
IS 4100,IS 4100,4100,,Alcoholic Drinks - Gin,This standard prescribes the requirements and the methods of samphng and test for gin.,scraped,False,Food & Agriculture,IS 4100:2005,derived_from_year,2005,Not determined,,not_assessed,,,,https://archive.org/details/gov.in.is.4100.2005,medium,blocker,1,archive_org_bis;archive_org_scope,scope_too_short (14 words);certification_not_determined
IS 13505,IS 13505,13505,,Centrifugally cast high alloy steel and nickel base tubing for pressure application at high temperature,This standard covers the requirements for iron- chromium-nickel alloy tubes made by the centrifugal casting process intended for pressure applications at high temperature.,scraped,True,Mechanical,IS 13505:1992,derived_from_year,1992,Not determined,,not_assessed,,,,https://archive.org/details/gov.in.is.13505.1992,medium,minor,,archive_org_bis;archive_org_scope,certification_not_determined;missing_amendment_count
IS 3921,IS 3921,3921,,Aluminium channels -,"1.1 This standard covers the material, dimensions and sectional properties of aluminium channels for structural use and other applications.",scraped,True,Cement & Construction,IS 3921:1985,derived_from_year,1985,Not determined,,not_assessed,,,,https://archive.org/details/gov.in.is.3921.1985,medium,minor,,archive_org_bis;archive_org_scope,certification_not_determined;missing_amendment_count
IS 13580,IS 13580,13580,,Internal Fuses and Internal Overpressure Disconnectors for Power Electronic Capacitors,Internal Fuses and Internal Overpressure Disconnectors for Power Electronic Capacitors,title_fallback,False,Electrical,IS 13580:1992,derived_from_year,1992,Not determined,,not_assessed,,,,https://archive.org/details/gov.in.is.13580.1992,low,blocker,,archive_org_bis;archive_org_scope,scope_equals_title;scope_too_short (10 words);certification_not_determined;missing_amendment_count
IS 4151,IS 4151,4151,,Specification for protective helmets for scooter and motorcycle riders,"1.1 This standard covers the requirements regarding the material, construction, workmanship, finish, mass and performance for protective helmet (with or without lower face cover) for everyday use by two wheeler riders. 1.2 The helmets covered by this standard are not intended for high-speed competitive events.",scraped,True,Safety & PPE,IS 4151:1993,derived_from_year,1993,BIS Product Certification,True,qco_gazette,"Helmet for riders of Two Wheeler Motor Vehicles (Quality Control) Order, 2020 -- MoRTH S.O. 4252(E) dated 26 Nov 2020, effective 1 Jun 2021 (IS 4151:2015)",,,https://archive.org/details/gov.in.is.4151.1993,medium,none,2,archive_org_bis;archive_org_scope,
IS 4160,IS 4160,4160,,"Interlocking switch socket outlet, Specification","Replace this clause of IS 1293 by the following: This standard applies to switched socket-outlets with interlock for ac only, for fixed electrical installations, with or without earthing contact, with rated voltage above 50 V but not exceeding 440 V and a rated current not exceeding 32 A, intended for household and similar purposes, either indoors or outdoors. Switched socket-outlets with interlock according to this standard consist of a combination of socket- outlets according to IS 1293, interlocked with a switch according to IS 3854 supplied as a complete unit. The rated current is limited to 16A maximum for fixed accessories provided with screwless terminals. This standard does not cover requirements for flush mounting boxes. However, it covers those requirements for surface- type mounting boxes which are necessary for the tests on socket-outlets. NOTES 1 General requirements for mounting boxes are covered by IS 14772. 2 Interlocked socket-outlets incorporating devices according to IS 8828 and IS 12640 ( Part 1 ) and IS 12640 ( Part 2 ) are not covered by this standard. These standards may be used as a guide tor the requirement and tests of these accessories where relevant. This standard does not apply to: a) Interlocked socket-outlets for industrial purposes; and b) Interlocked socket-outlets for SELV. Accessories complying with this standard are suitable for use at an ambient temperature not normally exceeding 35°C, but occasionally reaching 45°C.",scraped,True,Electrical,IS 4160:2005,derived_from_year,2005,BIS Product Certification,True,public_knowledge,,Interlocking switch socket outlet - electrical accessories under mandatory certification,,https://archive.org/details/gov.in.is.4160.2005,high,minor,,archive_org_bis;archive_org_scope,missing_amendment_count
IS 4162-3,IS 4162-3,4162,3,"Specification for Graduated Pipettes, Part 3: Pipettes For Which a Waiting Time of 15s Is Specified","U This standard ( Part 3 ) specifies the requirements for graduated pipettes with comparatively large jets, for which waiting time of 15s is specified in order to compensate for the possible effect of shorter delivery time, and which are suitable for general laboratory purposes. They are adjusted to Class A accuracy. 1.1.1 The requirements specified are in conformity with IS : 8729-1977t. 1.1.2 The requirements specified in Part 1 of this standard shall apply.",scraped,True,Chemicals,IS 4162-3:1985,derived_from_year,1985,Not determined,,not_assessed,,,,https://archive.org/details/gov.in.is.4162.3.1985,medium,minor,,archive_org_bis;archive_org_scope,certification_not_determined;missing_amendment_count
IS 417-6,IS 417-6,417,6,"Footballs, Volleyballs, Basketballs, Netballs, Throwballs and Water-polo Balls, Part VI: Water-polo Balls","Footballs, Volleyballs, Basketballs, Netballs, Throwballs and Water-polo Balls, Part VI: Water-polo Balls",title_fallback,False,Petroleum,IS 417-6:1976,derived_from_year,1976,Not determined,,not_assessed,,,,https://archive.org/details/gov.in.is.417.6.1976,low,blocker,1,archive_org_bis;archive_org_scope,scope_equals_title;scope_too_short (12 words);certification_not_determined
IS 4182,IS 4182,4182,,Misch metal,Misch metal,title_fallback,False,Mechanical,IS 4182:1988,derived_from_year,1988,Not determined,,not_assessed,,,,https://archive.org/details/gov.in.is.4182.1988,low,blocker,,archive_org_bis;archive_org_scope,scope_equals_title;scope_too_short (2 words);certification_not_determined;missing_amendment_count
IS 4201,IS 4201,4201,,Application Guide for Current Transformer,"1.1 This guide covers application of current transformers for use with both electrical measuring instruments and meters ( measuring current transfor- mers ) and electrical protective devices in non-balanced protected equip- ment, for example, for the operation of overcurrent devices both of the non-directional and directional types and for the operation of earth fault devices with time-lag characteristics ( protective current transformer ). 1.1. 1 Reference has been made to the use of current transformers for the dual purpose of measurement and protection and also for the operation of those protective devices which are more precisely dependent upon the magnitude and phase relationship of voltage and current, or upon the balance of the current. 1.2 This guide does not cover application of special purpose current trans- former.",scraped,True,Electrical,IS 4201:1983,derived_from_year,1983,Not determined,,not_assessed,,,,https://archive.org/details/gov.in.is.4201.1983,medium,minor,,archive_org_bis;archive_org_scope,certification_not_determined;missing_amendment_count
IS 4203,IS 4203,4203,,Method for determination of sulphate content in textile materials,"1.1 This standard prescribes the methods for determination of water-soluble sulphate present in textile materials, and the procedure for extracting the textile materials with water.",scraped,True,Textiles,IS 4203:1967,derived_from_year,1967,Not determined,,not_assessed,,,,https://archive.org/details/gov.in.is.4203.1967,medium,minor,,archive_org_bis;archive_org_scope,certification_not_determined;missing_amendment_count
IS 4215,IS 4215,4215,,Ring Type Needle Bearings,Ring Type Needle Bearings,title_fallback,False,Mechanical,IS 4215:1983,derived_from_year,1983,Not determined,,not_assessed,,,,https://archive.org/details/gov.in.is.4215.1983,low,blocker,,archive_org_bis;archive_org_scope,scope_equals_title;scope_too_short (4 words);certification_not_determined;missing_amendment_count
IS 4269,IS 4269,4269,,Dextrin for use in foundries,1.1 This standard covers the requirements for two grades of dextrin for use in foundries ( see Table 1 ).,scraped,True,Mechanical,IS 4269:1981,derived_from_year,1981,Not determined,,not_assessed,,,,https://archive.org/details/gov.in.is.4269.1981,medium,minor,,archive_org_bis;archive_org_scope,certification_not_determined;missing_amendment_count
IS 427:2013,IS 427 : 2013,427,,"Distemper, Dry, Colour as Required - Specification","This standard prescribes requirements and methods of sampling and test for dry distemper, colour as required. The material is used as a flat finish for protection and interior decoration on building surfaces.",scraped,True,Chemicals,IS 427:2018,derived_from_year,2018,Not determined,,not_assessed,,,,https://archive.org/details/gov.in.is.427.2005,medium,minor,0,archive_org_bis;archive_org_scope,certification_not_determined
IS 4273,IS 4273,4273,,iso-bornyl Acetate,1.1 This standard prescribes the requirements and the methods of sample ing and test for wo-bornyl acetate. 2/,scraped,True,Petroleum,IS 4273:1984,derived_from_year,1984,Not determined,,not_assessed,,,,https://archive.org/details/gov.in.is.4273.1984,medium,minor,,archive_org_bis;archive_org_scope,certification_not_determined;missing_amendment_count
IS 4281,IS 4281,4281,,"Scissors, McIndoe's, for Plastic Surgery","1.1 This standard covers the requircmc nts for the following McIndoc*s scissors for plastic surgery: a) Dissecting, triangular blad( s, blunt points, sliaight, and cm vcd on flat; b) Straight, finc^ sharp points; and c) Curved on flat. *Uulea for rounding off numerical valuen ( revised), 3 IS : 4281 . 1967",scraped,True,Medical & Healthcare,IS 4281:1967,derived_from_year,1967,Not determined,,not_assessed,,,,https://archive.org/details/gov.in.is.4281.1967,medium,minor,1,archive_org_bis;archive_org_scope,certification_not_determined
IS 4283,IS 4283,4283,,Hot air fan,1.1 This standard specifies the requirements and methods of test for hot air fans designed for connection to supply at voltages not exceeding 250 V ac single-phase or dc.,scraped,True,Electrical,IS 4283:1981,derived_from_year,1981,Not determined,,not_assessed,,,,https://archive.org/details/gov.in.is.4283.1981,medium,minor,3,archive_org_bis;archive_org_scope,certification_not_determined
IS 4223,IS 4223,4223,,Steel Wire for Umbrella Ribs,1*1 This standard covers the requirements for carbon steel round and flat wire used for umbrella ribs. 1.1*1 This standard does not cover the requirements for wire for hollow U-shaped ribs.,scraped,True,Electrical,IS 4223:1975,derived_from_year,1975,Not determined,,not_assessed,,,,https://archive.org/details/gov.in.is.4223.1975,medium,minor,,archive_org_bis;archive_org_scope,certification_not_determined;missing_amendment_count
IS 4247-1,IS 4247-1,4247,1,"Code of practice for structural design of surface hydroelectric power stations, Part 1: Data for design","1.1 This standard ( Part 1 ) covers the data required to be collected for the structural design of surface hydroelectric power stations. 1.1.1 The data will serve only to proceed with the designs. For preparing final construction drawings further details should be collected at different stages for which constant liaison should be maintained with the equipment suppliers, the electrical/mechanical engineers and architects.",scraped,True,Water & Environment,IS 4247-1:1993,derived_from_year,1993,Not determined,,not_assessed,,,,https://archive.org/details/gov.in.is.4247.1.1993,medium,minor,1,archive_org_bis;archive_org_scope,certification_not_determined
IS 4250,IS 4250,4250,,Domestic Electric Food-Mixers (Liquidizes and Grinders),1.1 This standard covers electric motor driven food-mixers. ( grinders and liquidizers ) intended for domestic use and designed for operation at voltages not exceeding 250 V. Multipurpose machines which are used together with certain accessories are also covered by this standard as far as it applies.,scraped,True,Electrical,IS 4250:1980,derived_from_year,1980,BIS Product Certification,True,public_knowledge,,Domestic electric food mixers - household appliance under mandatory certification,,https://archive.org/details/gov.in.is.4250.1980,high,none,9,archive_org_bis;archive_org_scope,
IS 4254,IS 4254,4254,,Jaw crushers - General requirements,This Indian Standard covers the jaw crushers which are commonly used for crushing rocks,scraped,False,Mechanical,IS 4254:1994,derived_from_year,1994,Not determined,,not_assessed,,,,https://archive.org/details/gov.in.is.4254.1994,medium,blocker,1,archive_org_bis;archive_org_scope,scope_too_short (14 words);certification_not_determined
IS 4259,IS 4259,4259,,Code of practice for erection and calibration of direction finders (medium frequency) for marine use,1.1 This standard deals with the lequirements of erection and calibration of direction-tinders used en board ships.,scraped,True,Mechanical,IS 4259:1967,derived_from_year,1967,Not determined,,not_assessed,,,,https://archive.org/details/gov.in.is.4259.1967,medium,minor,1,archive_org_bis;archive_org_scope,certification_not_determined
IS 4319-1,IS 4319-1,4319,1,"Pliers, Stretching and Contouring, Dental, Part 1: Pliers, Stretching and Contouring","Pliers, Stretching and Contouring, Dental, Part 1: Pliers, Stretching and Contouring",title_fallback,False,Medical & Healthcare,IS 4319-1:1986,derived_from_year,1986,Not determined,,not_assessed,,,,https://archive.org/details/gov.in.is.4319.1.1986,low,blocker,,archive_org_bis;archive_org_scope,scope_equals_title;scope_too_short (11 words);certification_not_determined;missing_amendment_count
IS 4320,IS 4320,4320,,"Thiram, Technical","1.1 This standard prescribes the requirements and methods of sampling and test for thiram, technical.",scraped,True,Food & Agriculture,IS 4320:1982,derived_from_year,1982,Not determined,,not_assessed,,,,https://archive.org/details/gov.in.is.4320.1982,medium,minor,,archive_org_bis;archive_org_scope,certification_not_determined;missing_amendment_count
IS 13450-2-4,IS 13450-2-4,13450,2-4,"Medical electrical equipment, Part 2: Particular requirements for the safety , Section 4 Cardia Defibrillators","Medical electrical equipment, Part 2: Particular requirements for the safety , Section 4 Cardia Defibrillators",title_fallback,False,Medical & Healthcare,IS 13450-2-4:2009,derived_from_year,2009,CRS,True,public_knowledge,,Medical electrical equipment - parts of this series are notified under CRS,,https://archive.org/details/gov.in.is.13450.1.2008,low,blocker,,archive_org_bis;archive_org_scope,scope_equals_title;missing_amendment_count
IS 13465-1,IS 13465-1,13465,1,"Solventless Polymerisable Resinous Compounds Used for Electrical Insulation, Part 1: Definitions and General Requirements","( First Revision ) This part of IEC 60455 relates to resin based reactive compounds and their components used for electrical insulation. All reactive compounds are solvent-free and may contain reactive diluents and fillers. The reactions involved in curing are polymerization and/or crosslinking. This standard does not relate to reactive compounds used as coating powders. NOTE - It is intended to draw up specifications for coating powders as a separate IEC Standard having a different number. These materials may be used for a range of applications, of which common ones are shown in table 1. Table 1 - Application methods Application Code letters Casting compound CC - Embedding compound EBC - Potting compound PC Encapsulating compound ECC Impregnating compound IC - for dipping procedure ICD - for trickling procedure ICT - for vacuum-pressure impregnation VPI The code letters associated with the application may be used as abbreviation of the application description. Further applications and associated code letters may be added if so required. 2 Designation Depending on their composition and reactivity, these compounds cure at ambient or at elevated temperature. The curing reaction may lead to rigid, flexible or elastomeric materials. The designation of a particular compound is based on the composition of its resin content or of its major reactive portion. The commonly used resins are as shown in table 2. For symbols of resins and polymers and their special characteristics see ISO 1043-1. Table 2 - Basic resins Resin Code letters Acrylic A Epoxy EP Polyurethane PUR Silicone SI Unsaturated polyester UP The code letters associated with the designation may be used as abbreviation of the polymer description. Further designations and associated code letters may be added if so required. NOTE - For symbols of fillers and reinforcing materials see ISO",scraped,True,Electrical,IS 13465-1:2005,derived_from_year,2005,Not determined,,not_assessed,,,,https://archive.org/details/gov.in.is.13465.1.2005,medium,minor,,archive_org_bis;archive_org_scope,certification_not_determined;missing_amendment_count
IS 13468,IS 13468,13468,,Apparatus for determination of dry density of soil by core cutter method-,"1.1 This standard covers the details of the cylindrical core cutter, steel dolly and steel rammer used for the determination ofinplace dry density of fine grained natural or compac- ted soils free from aggregates, using a core cutter.",scraped,True,Cement & Construction,IS 13468:1992,derived_from_year,1992,Not determined,,not_assessed,,,,https://archive.org/details/gov.in.is.13468.1992,medium,minor,,archive_org_bis;archive_org_scope,certification_not_determined;missing_amendment_count
IS 13602:2013,IS 13602 : 2013,13602,,Automotive vehicles - Instrument systems - Temperature gauges mechanical types,This standard specifies requirements for tem- perature gauges of mechanical type used for indicating lubricating oil or cooling water tern* perature of automotive engines.,scraped,True,Mechanical,IS 13602:2019,derived_from_year,2019,Not determined,,not_assessed,,,,https://archive.org/details/gov.in.is.13602.1992,medium,minor,0,archive_org_bis;archive_org_scope,certification_not_determined
IS 13609,IS 13609,13609,,Pallets - Quality of timber - Guidelines,"1.1 This standard provides guidelines for the quality of timber elements used in wood pallets. 1.2 The use of these guidelines when construct- ing timber pallets will enhance the uniformity of expected pallet performance. They will also help to control the spread of insects and plant diseases, as well as reduce adverse property changes caused by natural wood variables.",scraped,True,Mechanical,IS 13609:1992,derived_from_year,1992,Not determined,,not_assessed,,,,https://archive.org/details/gov.in.is.13609.1992,medium,minor,,archive_org_bis;archive_org_scope,certification_not_determined;missing_amendment_count
IS 13612-1,IS 13612-1,13612,1,"Modular co-ordination for normal brickwork - Recommendations, Part 1: Burnt clay bricks","1.1 This standard deals with the application of modular co-ordination in brickwork using modular and non-modular bricks. 1.2 This standard covers recommendations for achieving modular co-ordination in brickwork using modular and non-modular brick sizes, and preferred horizontal and vertical controlling dimensions in all types of buildings. This is intended to be a working reference for the dimensional control of all types of brickwork.",scraped,True,Cement & Construction,IS 13612-1:1993,derived_from_year,1993,Not determined,,not_assessed,,,,https://archive.org/details/gov.in.is.13612.1.1993,medium,minor,,archive_org_bis;archive_org_scope,certification_not_determined;missing_amendment_count
IS 13622,IS 13622,13622,,Indian timbers for furnitures and cabinets- Classification,"This standard covers the general classification of Indian Timber species suitable for furniture and cabinets. It also lays down the general requirements of quality, moisture content and preservative treatment for the timber.",scraped,True,Cement & Construction,IS 13622:1993,derived_from_year,1993,Not determined,,not_assessed,,,,https://archive.org/details/gov.in.is.13622.1993,medium,minor,,archive_org_bis;archive_org_scope,certification_not_determined;missing_amendment_count
IS 4352,IS 4352,4352,,"Pork Luncheon Meat, Canned","1*1 This standard prescribes the requirements and the methods of test fbr pork luncheon meat, canned. ♦Rules for rounding off numerical values ( rtvutd). 3 IS s 4352 -1967",scraped,True,Food & Agriculture,IS 4352:1967,derived_from_year,1967,Not determined,,not_assessed,,,,https://archive.org/details/gov.in.is.4352.1967,medium,minor,2,archive_org_bis;archive_org_scope,certification_not_determined
IS 4358,IS 4358,4358,,Sickles,"This standard specifies the requirements for plain and serrated blade sickles for harvesting of fodder, grasses, cereal crops, etc.",scraped,True,Food & Agriculture,IS 4358:1996,derived_from_year,1996,Not determined,,not_assessed,,,,https://archive.org/details/gov.in.is.4358.1996,medium,minor,,archive_org_bis;archive_org_scope,certification_not_determined;missing_amendment_count
IS 4366-1,IS 4366-1,4366,1,"Agricultural Tillage Discs, Part 1: Concave Type","l.l This standard ( Part 1 ) specifies the materials, dimensions and other requirements for agricultural tillage discs, concave type.",scraped,True,Food & Agriculture,IS 4366-1:1985,derived_from_year,1985,Not determined,,not_assessed,,,,https://archive.org/details/gov.in.is.4366.1.1985,medium,minor,,archive_org_bis;archive_org_scope,certification_not_determined;missing_amendment_count
IS 4375:2019,IS 4375 : 2019,4375,,Specification for Men’s Cotton Knitted Sports Shirt / T-Shirt ( Second Revision ),"1.1 This standard prescribes the requirements of three types of cotton plain or interlocks knitted sports shirts/ t-shirt. 1.2 This standard does not specify the general appearance, lustre, feel and shade of the sports shirts/t- shirt (see also 6.4).",scraped,True,Textiles,IS 4375:2019,derived_from_year,2019,Not determined,,not_assessed,,,,https://archive.org/details/gov.in.is.4375.2019,medium,minor,0,archive_org_bis;archive_org_scope,certification_not_determined
IS 13630,IS 13630 :,13630,,"Ceramic Tiles — Methods of Test, Sampling and Basis for Acceptance Part 16 Determination of Lead and Cadmium Given Off by Glazed Tiles","1.1 This standard (Part 8) covers a method of test for determining the stain and chemical resistance of the proper surface of all glazed ceramic tiles. 1.2 The method is applicable to all glazed ceramic tiles, except that the pencil test for chemical resistance is only applied to glazes from which pencil marks can be removed by means of a wet cloth. 1.3 Where the pencil test is not applicable, the chemical resistance of glazes shall be classified by the change in appearance resulting from chemical action. 1.4 The stain test is not applicable to tiles described as part glazed.",scraped,True,Cement & Construction,IS 13630:2019,derived_from_year,2019,Not determined,,not_assessed,,,,https://archive.org/details/gov.in.is.13630.8.2019,medium,minor,0,archive_org_bis;archive_org_scope,certification_not_determined
IS 1364-3,IS 1364-3,1364,3,"Hexagon Head Bolts, Screws and Nuts of Product Grades A and B, Part 3: Hexagon Nuts, Style 1 (Size Range M 1.6 to M 64)","This International Standard specifies the characteristics of hexagon nuts, style 1, with threads from M1.6 up to including M64, with product grade A for threads ^ ^ M16and product grade B for threads ^ > M16. If, in special cases, specifications other than those listed in this International Standard are required, they should be selected from existing International Standards, for exannple ISO 724, ISO 898-2, ISO 965-1, ISO 3506-2 and ISO 4759-1. NOTE For hexagon nuts style 2, see ISO 4033. 2 Normative references The following nornnative documents contain provisions which, through reference in this text, constitute provisions of this International Standard. For dated references, subsequent amendments to, or revisions of, any of these publications do not apply. However, parties to agreements based on this International Standard are encouraged to investigate the possibility of applying the most recent editions of the normative documents indicated below. For undated references, the latest edition of the normative document referred to applies. Members of ISO and lEC maintain registers of currently valid International Standards. ISO 225:1 983, Fasteners — Bolts, screws, studs and nuts — Symbols and designations of dimensions. ISO 724:1 993, ISO general-purpose metric screw threads — Basic dimensions. ISO 898-2:1992, Mechanical properties of fasteners— Part 2: Nuts with specified proof load values— Coarse thread. ISO 965-1 :1 998, ISO general purpose metric screw threads — Tolerances — Part 1: Principles and basic data. ISO 3269: — ^\ Fasteners — Acceptance inspection. ISO 3506-2:1 997, Mechanical properties of corrosion-resistant stainless steel fasteners — Part 2: Nuts. ISO 4042:1 999, Fasteners — Electroplat",scraped,True,Mechanical,IS 1364-3:2002,derived_from_year,2002,Not determined,,not_assessed,,,,https://archive.org/details/gov.in.is.1364.3.2002,medium,minor,,archive_org_bis;archive_org_scope,certification_not_determined;missing_amendment_count
IS 13782,IS 13782,13782,,Permeable sintered metal materials - Determination of fluid permeability,Permeable sintered metal materials - Determination of fluid permeability,title_fallback,False,Mechanical,IS 13782:1993,derived_from_year,1993,Not determined,,not_assessed,,,,https://archive.org/details/gov.in.is.13782.1993,low,blocker,,archive_org_bis;archive_org_scope,scope_equals_title;scope_too_short (9 words);certification_not_determined;missing_amendment_count
IS 13799,IS 13799,13799,,Polyurethane Base Surfacer (Two Pack) for Exterior Painting of Railway Coaches,"1,1 This standard prescribes the requirements and methods of sampling and test for two pack polyurethane surfacer intended to be used for the protection of exterior of railway coaches, diesel and electric locomotive against atmospheric corrosion. 1.1.1 It is primarily suitable for application by spraying. It may also be applied by brush for touching-up small areas. 1.1.2 The material is intended to be used as a surfacer in polyurethane paint system over a primed surface and a two component unsaturated polyester based polyurethane knifing filler for the protection of exterior of railway coaches, etc. The material shall be used after the surface imperfection are well covered with a two-component polyurethane knifing filler. The su-T^cer is used with the object of gettii^ a smooth, uniforn. a nd non absorbent base for the finishing enamel.",scraped,True,Chemicals,IS 13799:1993,derived_from_year,1993,Not determined,,not_assessed,,,,https://archive.org/details/gov.in.is.13799.1993,medium,minor,,archive_org_bis;archive_org_scope,certification_not_determined;missing_amendment_count
IS 13803,IS 13803,13803,,Sintered metal materials and hardmetals - Determination of young modulus,Sintered metal materials and hardmetals - Determination of young modulus,title_fallback,False,Mechanical,IS 13803:1993,derived_from_year,1993,Not determined,,not_assessed,,,,https://archive.org/details/gov.in.is.13803.1993,low,blocker,,archive_org_bis;archive_org_scope,scope_equals_title;scope_too_short (10 words);certification_not_determined;missing_amendment_count
IS 1381-2,IS 1381-2,1381,2,"Boiling flasks, Part 2: Flasks with conical ground socket","This International Standard specifies requirements for an internationally acceptable series of twiling flasks with conical ground joints for general laboratory purposes. 2 Normative references The following referenced docunnents are indispensable for the application of this document. For dated references, only the edition cited applies. For undated references, the latest edition of the referenced document (including any amendments) applies. ISO 383. Laboratory glassware ~ interchangeable conical ground joints ISO 1773, Laboratory glassware — Narrow-necked boiling flasks ISO 3585. Borosilicate glass 3.3 — Properties 3 Types Three types of boiling flasks with conical ground joints are specified: a) conical flasks; b) flat-bottom flasks; c) round-bottom flasks. 4 Series of capacities Two series are specified for each type of boiling flask with conical ground joints. The series differ in height and in selection of joint sizes. It is recommended that, in national standards, one of these series is chosen. 5 Material Boiling flasks shall be made from borosilicate glass 3.3 in accordance with ISO 3585, and shall be free from visible defects which might affect performance and free from any internal stress which would impair the perfonmance of the flask. 6 Dimensions The external diameter of body of round-bottom flasks and flat-bottom flasks, the external diameter of body at the widest point of conical flasks and the minimum wall thickness shall comply with the dimensions specified in ISO 1773. The nominal overall height of the tx)iling flasks with conical ground joints shall be as specified in Tables 1 to 3. IS1381(Part2):200a ISO 4797 : 2004 7 Ground glass joints The sizes of the conical joints fitted to the boiling flasks shall be as given in Tables 1 to 3. The joints shall comply with the requirements of ISO 383, kB series. 8 Marking The following inscriptions shall be permanently and legibly marked on all laboratory",scraped,True,Chemicals,IS 1381-2:2008,derived_from_year,2008,Not determined,,not_assessed,,,,https://archive.org/details/gov.in.is.1381.2.2008,medium,minor,,archive_org_bis;archive_org_scope,certification_not_determined;missing_amendment_count
IS 13889,IS 13889,13889,,Wheelchairs - Type Classification Based on Appearance Characteristics,Wheelchairs - Type Classification Based on Appearance Characteristics,title_fallback,False,Safety & PPE,IS 13889:1993,derived_from_year,1993,Not determined,,not_assessed,,,,https://archive.org/details/gov.in.is.13889.1993,low,blocker,,archive_org_bis;archive_org_scope,scope_equals_title;scope_too_short (8 words);certification_not_determined;missing_amendment_count
IS 13891,IS 13891,13891,,Quality tolerances for fresh water for fish culture,This standard prescribes the tolerance limits for fresh water for fish culture.,scraped,False,Chemicals,IS 13891:1994,derived_from_year,1994,Not determined,,not_assessed,,,,https://archive.org/details/gov.in.is.13891.1994,medium,blocker,,archive_org_bis;archive_org_scope,scope_too_short (12 words);certification_not_determined;missing_amendment_count
IS 13904,IS 13904,13904,,"Textiles - Serge, drab, polyester-wool blended","1.1 This standard prescribes the constructional particulars and other requirements of serge, drab, polyester-wool blended intended for use as dress material. 1*2 This standard does not specify the indetermi- able characteristics like general appearance, feel, finish and shade of cloth ( see also 1 ).",scraped,True,Textiles,IS 13904:1993,derived_from_year,1993,Not determined,,not_assessed,,,,https://archive.org/details/gov.in.is.13904.1993,medium,minor,,archive_org_bis;archive_org_scope,certification_not_determined;missing_amendment_count
IS 13916,IS 13916,13916,,Code of practice for installation of glass fibre reinforced plastic (GRP) piping system,"1.1 This standard describes procedure of laying GRP piping system installation and includes requirements for trenching, handling, jointing, compaction of back filling and post installation hydrostatic test. 1.1.1 This code does not cover installation that require special attention, techniques and materials like: a) Pipe through rigid walls, b) Subaqueous piping, and c) Plant or pumping station piping. NOTES 1 Pipes, fittings and rubber gaskets to be used for instal- lation of piping system as per this code shall conform to the following standards: a) The GRP pipes, jointing and fittings shall conform to IS 12709 : 1993. b) The Rubber gasket shall conform to IS 5382 : 1985. 2 Appropriate stiffness class of the GRP pipe ( see IS 12709 : 1994 ) shall be selected to withstand the overbur- den (dead load), live load and vacuum conditions, if any, considering site conditions.",scraped,True,Cement & Construction,IS 13916:1994,derived_from_year,1994,Not determined,,not_assessed,,,,https://archive.org/details/gov.in.is.13916.1994,medium,minor,,archive_org_bis;archive_org_scope,certification_not_determined;missing_amendment_count
IS 4682-7,IS 4682-7,4682,7,"Code of Practice for Lining of Vessels and Equipment for Chemical Processes, Part VII: Corrosion and Heat Resistant Metals","1.1 This standard (Part VII) lays down recommendations on the design of corrosion and heat resistant metal linings, method of application of linings, inspection and testing. 1,1.1 This does not cover deposition of metal by electrolysis* spraying or by explosion.",scraped,True,Mechanical,IS 4682-7:1974,derived_from_year,1974,Not determined,,not_assessed,,,,https://archive.org/details/gov.in.is.4682.7.1974,medium,minor,,archive_org_bis;archive_org_scope,certification_not_determined;missing_amendment_count
IS 13879,IS 13879,13879,,Textile machinery and accessories - Numbering of heald frames in a loom,Textile machinery and accessories - Numbering of heald frames in a loom,title_fallback,False,Textiles,IS 13879:1993,derived_from_year,1993,Not determined,,not_assessed,,,,https://archive.org/details/gov.in.is.13879.1993,low,blocker,,archive_org_bis;archive_org_scope,scope_equals_title;scope_too_short (12 words);certification_not_determined;missing_amendment_count
IS 4561-3,IS 4561-3,4561,3,"Oil Cans, Part III: Feeding Oil Cans",1.1 This standard ( Part III ) specifies the requirements for feeding oil cans for general purposes. ♦Rules for rounding off numerical values ( revised)^ 2 IS: 4561 (Part III) -1968,scraped,True,Mechanical,IS 4561-3:1968,derived_from_year,1968,Not determined,,not_assessed,,,,https://archive.org/details/gov.in.is.4561.3.1968,medium,minor,,archive_org_bis;archive_org_scope,certification_not_determined;missing_amendment_count
IS 4561-5,IS 4561-5,4561,5,"Oil Cans, Part V: Lever Type Oil Cans",1.1 This standard ( Part III ) specifies the requirements for feeding oil cans for general purposes. ♦Rules for rounding off numerical values ( revised)^ 2 IS: 4561 (Part III) -1968,scraped,True,Mechanical,IS 4561-5:1968,derived_from_year,1968,Not determined,,not_assessed,,,,https://archive.org/details/gov.in.is.4561.3.1968,medium,minor,,archive_org_bis;archive_org_scope,certification_not_determined;missing_amendment_count
IS 4570-13-1,IS 4570-13-1,4570,13-1,"Crystal Unit Holders, Part 13: Quartz Crystal Unit Holder Outline for Automatic Handling, Section 1: Metal, Sealed, Two Pin Crystal Unit Holder Type CU 01","This standard (Part 6) covers metal, solder-sealed, two pin crystal unit holder type CX intended for use in electronic equipment.",scraped,True,Electronics,IS 4570-13-1:1993,derived_from_year,1993,Not determined,,not_assessed,,,,https://archive.org/details/gov.in.is.4570.6.1999,medium,minor,1,archive_org_bis;archive_org_scope,certification_not_determined
IS 4007-2-1,IS 4007-2-1,4007,2-1,"Terminals for Electronic Equipment, Part 2: Detail Terminals, Section 1: Terminal, Insulated, with Insulated Captive Screw Cap, Type TSC 1","1.1 This standard ( Part I ) covers general requirements and tests for terminals ( sealed and non-sealed ) for use in electronics and telecom- munication equipment. 1.2 This standard does not apply to system terminals, such as, transmitter terminals and receiver terminals.",scraped,True,Electronics,IS 4007-2-1:1983,derived_from_year,1983,Not determined,,not_assessed,,,,https://archive.org/details/gov.in.is.4007.1.1982,medium,minor,,archive_org_bis;archive_org_scope,certification_not_determined;missing_amendment_count
IS 4007-2-2,IS 4007-2-2,4007,2-2,"Terminals for electronic equipment, Part 2: Details specification for terminals, Section 2: Terminal non-insulated, with insulated captive screw cap, type TSC 2","1.1 This standard ( Part I ) covers general requirements and tests for terminals ( sealed and non-sealed ) for use in electronics and telecom- munication equipment. 1.2 This standard does not apply to system terminals, such as, transmitter terminals and receiver terminals.",scraped,True,Electronics,IS 4007-2-2:1983,derived_from_year,1983,Not determined,,not_assessed,,,,https://archive.org/details/gov.in.is.4007.1.1982,medium,minor,,archive_org_bis;archive_org_scope,certification_not_determined;missing_amendment_count
IS 4007-2-3,IS 4007-2-3,4007,2-3,"Terminals for Electronic Equipment, Part 2: Detail Terminals, Section 3: Terminal, Non-insulated, with Insulated Captive Screw cap, Type TSC 3","1.1 This standard ( Part I ) covers general requirements and tests for terminals ( sealed and non-sealed ) for use in electronics and telecom- munication equipment. 1.2 This standard does not apply to system terminals, such as, transmitter terminals and receiver terminals.",scraped,True,Electronics,IS 4007-2-3:1983,derived_from_year,1983,Not determined,,not_assessed,,,,https://archive.org/details/gov.in.is.4007.1.1982,medium,minor,,archive_org_bis;archive_org_scope,certification_not_determined;missing_amendment_count
IS 4011,IS 4011,4011,,Methods of test for safety evaluation of cosmetics,This standard covers methods of test for safety evaluation of cosmetics.,scraped,False,Petroleum,IS 4011:1997,derived_from_year,1997,Not determined,,not_assessed,,,,https://archive.org/details/gov.in.is.4011.1997,medium,blocker,2,archive_org_bis;archive_org_scope,scope_too_short (11 words);certification_not_determined
IS 4020-1,IS 4020-1,4020,1,Door Shutters - Methods of Tests,Door Shutters - Methods of Tests,title_fallback,False,Cement & Construction,IS 4020-1:1998,derived_from_year,1998,Not determined,,not_assessed,,,,,low,blocker,2,archive_org_bis,scope_equals_title;scope_too_short (6 words);certification_not_determined;missing_source_url
IS 4022,IS 4022,4022,,"Indexable hardmetal (carbide) inserts with rounded corners, without fixing hole - Dimensions","Indexable hardmetal (carbide) inserts with rounded corners, without fixing hole - Dimensions",title_fallback,False,Mechanical,IS 4022:1996,derived_from_year,1996,Not determined,,not_assessed,,,,https://archive.org/details/gov.in.is.4022.1996,low,blocker,,archive_org_bis;archive_org_scope,scope_equals_title;scope_too_short (12 words);certification_not_determined;missing_amendment_count
IS 4025,IS 4025,4025,,Rolling bearings -Gauging practice,"This standard covers methods for measurement of dimensional accuracy, running accuracy and radial internal clearance of rolling bearings. 1.1 Various gauging methods are in use to measure the dimensional and running accuracy of the bearings. The methods which commonly used by bearing users and manufacturers and which provide an accuracy sufficient for practical purposes have been covered.",scraped,True,Mechanical,IS 4025:2006,derived_from_year,2006,Not determined,,not_assessed,,,,https://archive.org/details/gov.in.is.4025.2006,medium,minor,,archive_org_bis;archive_org_scope,certification_not_determined;missing_amendment_count
IS 4121,IS 4121,4121,,Method of test for determination of water transmission rate by capillary action through natural building stones,1.1 This standard lays down the procedure for determination of rate of water transmission rate by capillary action through natural building stones. ♦Rulci for rounding off numerical values ( revised ). 3 18:4121-1967,scraped,True,Cement & Construction,IS 4121:1967,derived_from_year,1967,Not determined,,not_assessed,,,,https://archive.org/details/gov.in.is.4121.1967,medium,minor,,archive_org_bis;archive_org_scope,certification_not_determined;missing_amendment_count
IS 4142,IS 4142,4142,,Discus,"1*1 This standard lays down the material, dimensional and construc- tional requirements offtwo sizes of discus ( see 3.1 ).",scraped,True,Petroleum,IS 4142:1967,derived_from_year,1967,Not determined,,not_assessed,,,,https://archive.org/details/gov.in.is.4142.1967,medium,minor,3,archive_org_bis;archive_org_scope,certification_not_determined
IS 14181-2,IS 14181-2,14181,2,"Synthetic (Plastic) Slide Fasteners - Special Purpose, Part 2: Test and Measurement Methods","Synthetic (Plastic) Slide Fasteners - Special Purpose, Part 2: Test and Measurement Methods",title_fallback,False,Mechanical,IS 14181-2:2002,derived_from_year,2002,Not determined,,not_assessed,,,,https://archive.org/details/gov.in.is.14181.2.2002,low,blocker,,archive_org_bis;archive_org_scope,scope_equals_title;scope_too_short (13 words);certification_not_determined;missing_amendment_count
IS 4402,IS 4402,4402,,Textiles - Fishing Nets - Netting - Basic Terms and Definitions,"This European Standard gives the principal terms relating to netting for fishing nets, together with their definitions or, in some cases, the method of expressing dimensions. 2 Normative references This European Standard incorporates by dated or undated reference, provisions from other publications. These normative references are cited at the appropriate places in the text and the publications are listed hereafter. For dated references, subsequent amendments to or revisions of any of these publications apply to this European Standard only when incorporated in it by amendment or revision. For undated references the latest edition of the publication referred to applies (including amendments). EN ISO 1 530:2003, Fishing nets — Description and designation of knotted netting (ISO 1530:2002). ISO 858, Fishing nets — Designation of netting yarns in the Tex System. ISO 1 139, Textiles — Designation of yarns. 3 Terms and definitions For the purposes of this European Standard the following terms and definitions apply. 3.1 netting a meshed structure of indefinite shape and size composed of one yarn or of one or more systems of yarns interlaced or joined, or obtained by other means, for example by stamping or cutting from sheet material or by extrusion 3.2 netting yarn all types of yarns 1 ) suitable for the manufacture of netting NOTE 1 The principal types of netting yarns are twines. The latter are defined below. The size of netting yarn is indicated by its linear density expressed in the unit tex of the Tex system in accordance with ISO 858. The size of the final product is expressed by the ""resultant linear density"" in accordance with ISO 1139. NOTE 2 The resultant linear density is the reciprocal of ""runnage"" which expresses the length per unit mass, in metres per gram or per kilogram, for example. 1) The definition in ISO 1139 denotes ""yarn"" folded yarn and cabled yarn as a general term embracing a single yarn (includinq mono",scraped,True,Textiles,IS 4402:2005,derived_from_year,2005,Not determined,,not_assessed,,,,https://archive.org/details/gov.in.is.4402.2005,medium,minor,,archive_org_bis;archive_org_scope,certification_not_determined;missing_amendment_count
IS 514,IS 514,514,,Textiles - Mercerized cotton fabrics for covering aircrafts and gliders,"1.1 This standard prescribss the requirements ■of four grades of mercerized cotton fabrics for covering aircraft and glider surfaces such as wings, fuselage, ailerons, elevators and other airfoil surfaces:",scraped,True,Textiles,IS 514:1992,derived_from_year,1992,Not determined,,not_assessed,,,,https://archive.org/details/gov.in.is.514.1992,medium,minor,,archive_org_bis;archive_org_scope,certification_not_determined;missing_amendment_count
IS 1599:2012,IS 1599:2012,1599,,Metallic Materials — Bend Test,"1*1 This standard specifies the method of conducting bend test for determining the ability of metallic materials to undergo plastic defor- mation in bending. It applies to the bend test of test pieces taken from metallic products as specified in the relevant product standard. 1.2 This standard is not applicable to certain materials and/or products, for example tubes in full section or welded joints, for which other standards exist.",scraped,True,Metallurgy,IS 1599:2012,derived_from_year,2012,Not determined,,not_assessed,,,,https://archive.org/details/gov.in.is.1599.2012,medium,minor,,allied_standards_mapping;archive_org_scope,ingested_from_allied_mapping;certification_not_determined;missing_amendment_count
IS 228,IS 228,228,,Methods for Chemical Analysis of Steels (Relevant Parts),This standard (Part 20) describes the method for determination of carbon in the range from 0.005 to 2 percent and sulphur from 0.001 to 0.35 percent in steel.,scraped,True,Metallurgy,IS 228:2003,derived_from_year,2003,Not determined,,not_assessed,,,,https://archive.org/details/gov.in.is.228.20.2003,medium,minor,,allied_standards_mapping;archive_org_scope,ingested_from_allied_mapping;certification_not_determined;missing_amendment_count
IS 2212:1991,IS 2212:1991,2212,,Code of Practice for Brickwork,1.1 This standard covers the construction of brick masonry in general and the erection of brick walls in particular. 1.2 Only masonry with clay bricks is dealt with in this standard. Use of unburnt bricks ( kachcha bricks ) and use of mud mortar are not specifically covered in this standard.,scraped,True,Cement & Construction,IS 2212:1991,derived_from_year,1991,Not determined,,not_assessed,,,,https://archive.org/details/gov.in.is.2212.1991,medium,minor,,allied_standards_mapping;archive_org_scope,ingested_from_allied_mapping;certification_not_determined;missing_amendment_count
IS 7692:1975,IS 7692:1975,7692,,Specification for Wooden Headforms for Testing of Helmets,"This standard specifies the size and constructional details of headforms for use in testing of protective helmets (all kinds). Details of headform below the reference plane are included as an optional require- ment for testing Industrial Safety Helmets, Firemen's helmets, 3and Civil Defence helmets, but for testing, of motorcycle riders' helmets, the headform shall con- form to the details as per this standard up to line HH' in Fig.l or up to the depth of the helmet under lest.",scraped,True,Safety & PPE,IS 7692:1993,derived_from_year,1993,Not determined,,not_assessed,,,,https://archive.org/details/gov.in.is.7692.1993,medium,minor,,allied_standards_mapping;archive_org_scope,ingested_from_allied_mapping;certification_not_determined;missing_amendment_count
IS 4905:2015,IS 4905:2015,4905,,Random Sampling and Randomization Procedures,1.1 This standard lays down general procedures for the selection of items from a lot on an objective basis by using random sampling techniques. It also describes the methods of calculation of simple estimates like mean and proportion of defective from the sample data.,scraped,True,Uncategorized,IS 4905:1968,derived_from_year,1968,Not determined,,not_assessed,,,,https://archive.org/details/gov.in.is.4905.1968,medium,blocker,,allied_standards_mapping;archive_org_scope,ingested_from_allied_mapping;category_unresolved;certification_not_determined;missing_amendment_count
IS 15575-1:2016,IS 15575 (Part 1) : 2016,15575,1,Electroacoustics — Sound Level Meters: Part 1 Specifications,"1.1 This standard gives electroacoustical performance specifications for three kinds of sound measuring instruments: - a conventional sound level meter that measures exponential time-weighted sound level; - an integrating-averaging sound level meter that measures time-average sound level; and - an integrating sound level meter that measures sound exposure level. A single instrument may make any, or all, of the three kinds of measurements. Additional performance specifications are given for the measurement of maximum time-weighted sound level and peak C sound level. Frequency-weighting A is mandatory for all sound level meters specified in this standard. 1.2 Sound level meters conforming to the requirements of thi^s standard have a specified frequency response for sound incident on the microphone from one principal direction in an acoustic free field or from random directions. 1.3 Sound level meters specified in this standard are intended to measure sounds generally in the range of human hearing. NOTE For measurement of audible sound in the presence of ultrasound, the AU weighting, specified in lEC 61012 [1], may be applied. ""I 1.4 Two performance categories, class 1 and class 2, are specified in this standard. In general, specifications for class 1 and class 2 sound level meters have the same design goals and differ mainly in the tolerance limits and the range of operational temperatures. Tolerance limits for class 2 specifications are greater than, or equal to,*those for class 1 specifications. 1.5 This standard is applicable to a range of designs for sound level meters. A sound level meter may be a self-contained hand-held instrument with an attached microphone and a built- in display device. A",scraped,True,Electronics,IS 15575-1:2005,derived_from_year,2005,Not determined,,not_assessed,,,,https://archive.org/details/gov.in.is.15575.1.2005,medium,minor,,allied_standards_mapping;archive_org_scope,ingested_from_allied_mapping;certification_not_determined;missing_amendment_count
IS 9973:1981,IS 9973:1981,9973,,Specification for Visors for Vehicular Helmets,"1.1 This standard covers the requirements in regard to the material, con- struction, workmanship and the performance test for the visor used in motor cycle and scooter helmets. This standard is an adjunct to IS : 415 ^ 1982*. Note — If the visors are manufactured separately, these should match to the shape as specified.",scraped,True,Safety & PPE,IS 9973:1981,derived_from_year,1981,Not determined,,not_assessed,,,,https://archive.org/details/gov.in.is.9973.1981,medium,minor,,allied_standards_mapping;archive_org_scope,ingested_from_allied_mapping;certification_not_determined;missing_amendment_count
IS 732:1989,IS 732:1989,732,,Code of Practice for Electrical Wiring Installations,"1.1 This code covers the essential requirements and precautions regarding wiring installations for ensuring satisfactory and reliable service and safety from all possible hazards from the use of electricity. 1.2 This code applies to the design, selection, erection and inspection and testing of wiring installations whether permanent or temporary, in and about buildings. 1.3 It relates generally to all wiring installations in non-industrial and industrial locations, whe- ther the electric supply is derived from an external source or from a private generating plant. 1.4 Installations utilizing the following nominal voltage ranges are dealt with in this code: a) voltages normally not exceeding 50 V ac or 120 V dc whether between conductors or to earth. b) voltages normally exceeding extra-low voltage but not exceeding 1 000 V ac or 1 500 V dc between conductors or 600 V ac or 900 V dc between conductors and earth. 1.5 This code covers all general guidelines appli- cable to installations operating within the ranges given in 1.4. Supplementary or additional pro- visions may be necessary to be complied with in respect of specific occupancies depending on their nature. For the purposes of guidelines on indi- vidual occupancies reference may be National Electrical Code ( SP : 30-1985 ). 1.6 This code is not applicable to the following: a) Systems for distribution of energy to the public, or to power generation and trans- mission for such systems. b) Wiring installations in special locations- such as mines or other areas where potenti- ally explosive atmosphere exists. c) Lightning conductors, telecommunications and alarm systems. d) Traction installations, motor vehicles, ins- tallations on board ships, aircraft or offshore installations. 1.7 This code also does not apply to matters concerning specifications of individual items of equipment and does not deal with requirements for the construction of prefabricated assemblies of electrical equipment. SECTION 1",scraped,True,Electrical,IS 732:1989,derived_from_year,1989,Not determined,,not_assessed,,,,https://archive.org/details/gov.in.is.732.1989,medium,minor,,allied_standards_mapping;archive_org_scope,ingested_from_allied_mapping;certification_not_determined;missing_amendment_count
IS 1293:2019,IS 1293:2019,1293,,Plugs and Socket-Outlets for Household and Similar Purposes of Rated Voltage up to and Including 250 V and Rated Current up to and Including 16 A,"1.1 Th is standard applies to plugs and fixed or portable socket-outlets for ac only, with and without earthing contact, with a rated voltage above 50 V but not exceeding 250 V and a rated current not exceeding 16A, intended for household and similar purposes, either indoors or outdoors. This standard does not cover requirement for flush mounting boxes, however it covers only those requirements for surface-type mounting boxes which are necessary for the tests on the socket-outlet. NOTES 1 Requirements for mounting boxes are given in IS 14772. This standard applies also to plugs incorporated in cord sets and to plugs and portable socket-outlets incorporated in cord extension sets. It also applies to plugs and socket-outlets which are a component of an appliance, unless otherwise stated in the standard for the relevant appliance. 2 Particular requirements are under consideration for: a) Adaptors; b) Fused plugs; c) Cable reels; and d) Plugs, fixed and portable socket-outlets for extra low voltage (ELY) and safety extra low voltage (SELV). This standard does not apply to: a) Plugs, socket-outlets and couplers for industrial purposes; b) Appliance couplers; c) Fixed socket-outlets combined with fuses, automatic switches, etc; and d) Plugs, fixed and portable socket-outlets for ELV. 3 Socket-outlets with pilots lights are allowed provided that pilot light comply with the relevant standard, if any. Plugs and fixed or portable socket-outlets complying with this standard are suitable for use at ambient temperatures not normally exceeding 35X but occasionally reaching 45°C. 4 Socket-outlets complying with this standard are only suitable for incorporation in equipment in such a way and in such a place that it is unlikely that the ambient surrounding the socket- outlet reaches a temperature exceeding 45°C. In locations where special conditions prevail, as jn ships, vehicles and the like, and in hazardous locations, for example, where explosions are liable to occur, special constructions may be required.",scraped,True,Electrical,IS 1293:2005,derived_from_year,2005,BIS Product Certification,True,public_knowledge,,Plugs and socket-outlets - electrical accessories under mandatory certification,,https://archive.org/details/gov.in.is.1293.2005,medium,minor,,allied_standards_mapping;archive_org_scope,ingested_from_allied_mapping;missing_amendment_count
IS 366:1991,IS 366:1991,366,,Electric Irons — Specification,"1.1 This standard covers the genera! safety and performance requirements of electric iron used for household and similar purposes. In addition, the provision of 1 of IS 302-2-3 (1992) shall also apply.",scraped,True,Electrical,IS 366:1991,derived_from_year,1991,Not determined,,not_assessed,,,,https://archive.org/details/gov.in.is.366.1991,medium,minor,,allied_standards_mapping;archive_org_scope,ingested_from_allied_mapping;certification_not_determined;missing_amendment_count
IS 1367-6:1994,IS 1367 (Part 6):1994,1367,6,Technical Supply Conditions for Threaded Steel Fasteners: Part 6 Mechanical Properties and Test Methods for Nuts with Specified Proof Load Values,"This International Standard specifies the mechanical properties of nuts with specified proof load values when tested at room temperature (see ISO 1). Prop- erties will vary at higher and lower temperature. It applies to nuts — with nominal thread diameters up to and includ- ing 39 mm; — of triangular ISO thread and with diameters and pitches according to ISO 68 and ISO 262 (coarse thread); — with diameter/pitch combinations according to ISO 261 (coarse thread); — with thread tolerances 6H according to ISO 965-1 and ISO 965-2; — with specific mechanical requirements; — with widths across flats as specified in ISO 272 or equivalent; — with nominal heights greater than or equal to 0,5/r»; — made of carbon steel or low alloy steel. It does not apply to nuts requiring special properties such as — locking abilities (see ISO 2320); — weldability; corrosion resistance (see ISO 3506); ability to withstand temperatures 4- 300 °C or below - 50 °C. above NOTES 1 Nuts made from free-cutting steel should not be used above + 250 °C. 2 For special products such as nuts for high-strength structural bolting, and overtapped nuts for use with hot- dipped galvanized bolts, see the product standards for appropriate values 3 For assemblies with threads having tolerances wider than 6H/6g, there is an increased risk of stripping; see also table 1. 4 In the case of thread tolerances other or larger than 6H, a decrease of the stripping strength should be con- sidered (see table 1 ). Table 1 — Reduction in thread strength greater than Thread less than or equal to T Thr 6H est toad, % sad toleran< -7H :es 6G ~ M2,5 100 - 95,5 M2,5 M7 100 95,5 97 M7 M16 100 96 97,5 M16 M39 100 98 98,5 *) D is the nominal diameter of the internal thread in accordance with ISO 724. IS 1367 (Part 6): 1994 ISO 898-2 : 1992 2 Normative references",scraped,True,Mechanical,IS 1367-6:1994,derived_from_year,1994,Not determined,,not_assessed,,,,https://archive.org/details/gov.in.is.1367.6.1994,medium,minor,,allied_standards_mapping;archive_org_scope,ingested_from_allied_mapping;certification_not_determined;missing_amendment_count
IS 1586-1:2018,IS 1586 (Part 1):2018,1586,1,Metallic Materials — Rockwell Hardness Test: Part 1 Test Method,"This part of ISO 6508 specifies a metlnod of verification of testing macinines for determining Rockwell hardness (scales A, B, C, D, E, F, G, H, K, N, T) in accordance with ISO 6508-1 . It specifies a direct method for checking the main functions of the machine operation and an indirect method suitable for the overall checking of the machine. The indirect method may be used on its own for periodic routine checking of the machine in service. If a testing machine is also to be used for other methods of hardness testing, it shall be verified independently for each method. This part of ISO 6508 is applicable to portable hardness testing machines. 2 Normative references The following referenced documents are indispensable for the application of this document. For dated references, only the edition cited applies. For undated references, the latest edition of the referenced document (including any amendments) applies. ISO 376:2004, Metallic materials — Calibration of force-proving instruments used for verification of uniaxial testing machines ISO 6507-1 , Metallic materials — Vickers hardness test — Part 1: Test method ISO 6508-1 , Metallic materials — Rockwell hardness test — Part 1: Test method (scales A, B, C, D, E, F, G, H, K, N, T) ISO 6508-3:2005, Metallic materials — Rockwell hardness test — Part 3: Calibration of reference blocks (scales A, B, C, D, E, F, G, H, K, N, T) 3 General conditions Before a Rockwell hardness testing machine is verified, the machine shall be checked to ensure that it is properly set up in accordance with the manufacturer's instructions: Especially it should be checked that: a) the plunger holding the indenter is capable of sliding in its guide; IS 1586 (Part 2) :2012 ISO 6508-2 : 2005 b) the indenter-holder is firmly mounted in tine plunger; c) the test force can be applied and removed without shock or vibration and in such a manner that the readings are not influenced. It shall be checked",scraped,True,Metallurgy,IS 1586-1:2012,derived_from_year,2012,Not determined,,not_assessed,,,,https://archive.org/details/gov.in.is.1586.2.2012,medium,minor,,allied_standards_mapping;archive_org_scope,ingested_from_allied_mapping;certification_not_determined;missing_amendment_count
IS 10500:2012,IS 10500:2012,10500,,Drinking Water — Specification,This standard prescribes the requirements and the methods of sampling and test for drinking water.,scraped,True,Water & Environment,IS 10500:2012,derived_from_year,2012,Not determined,,not_assessed,,,,https://archive.org/details/gov.in.is.10500.2012,medium,minor,,allied_standards_mapping;archive_org_scope,ingested_from_allied_mapping;certification_not_determined;missing_amendment_count
IS 1964:2001,IS 1964:2001,1964,,Methods for Determination of Mass Per Unit Length and Mass Per Unit Area of Fabrics,"1.1 This standard prescribes two methods for determination of: a) the mass per unit length; and b) the mass per unit area of fabric. 1.2 These methods are not applicable to jute and tyre cord fabrics. The methods prescribed in this standard are applicable to all other textile fabrics irrespective of their composition (that is, whether they are made of cotton, wool, silk or man-made fibres or blends of two or more such fibres), manufacturing processes and finishing treatments. 1.2.1 The methods are also applicable to narrow fabrics.",scraped,True,Textiles,IS 1964:2001,derived_from_year,2001,Not determined,,not_assessed,,,,https://archive.org/details/gov.in.is.1964.2001,medium,minor,,allied_standards_mapping;archive_org_scope,ingested_from_allied_mapping;certification_not_determined;missing_amendment_count
IS 1969-1:2009,IS 1969 (Part 1):2009,1969,1,Tensile Properties of Fabrics — Determination of Maximum Force and Elongation at Maximum Force: Part 1 Strip Method,Tensile Properties of Fabrics — Determination of Maximum Force and Elongation at Maximum Force: Part 1 Strip Method,title_fallback,False,Textiles,IS 1969-1:2018,derived_from_year,2018,Not determined,,not_assessed,,,,https://archive.org/details/gov.in.is.1969.1.2018,low,blocker,,allied_standards_mapping;archive_org_scope,ingested_from_allied_mapping;scope_equals_title;certification_not_determined;missing_amendment_count
IS 1390:1983,IS 1390:1983,1390,,Methods for Determination of pH Value of Aqueous Extracts of Textile Materials,"1.1 This standard prescribes methods for determination of /iH value of aqueous extracts of textiles. The methods are applicable to textile in any form ( fibres, yarns or fabrics ) provided, that a small representa- tive sample may be obtained which is in or may be reduced to, a form which permits a ready exchange of liquid between the interior of the material and the water used in preparing the extract. 1.2 Two methods of preparation of aqueous extracts have been prescribed in this standard. For kier-boiled or scoured and bleached textile materials which have not been finished, pH values of aqueous IS : 1390 - 1983 extracts prepared by the cold method and by the hot method would be the same. Hence any one of the methods may be followed. However, for finished or proofed fabrics the two vakies may differ depending upon the nature of tinish or proofing of the fabrics; in such cases pH values of cold extract as well as hot extract should be separately determined.",scraped,True,Textiles,IS 1390:1983,derived_from_year,1983,Not determined,,not_assessed,,,,https://archive.org/details/gov.in.is.1390.1983,medium,minor,,allied_standards_mapping;archive_org_scope,ingested_from_allied_mapping;certification_not_determined;missing_amendment_count
IS 3812-1:2013,IS 3812 (Part 1) : 2013,3812,1,"Pulverized Fuel Ash - Specification: Part 1 For Use as Pozzolana in Cement, Cement Mortar and Concrete","1.1 This standard (Part 1) covers the extraction and the physical and chemical requirements of pulverized fuel ash for use as pozzolana for manufacture of cement and for part replacement of cement in cement mortar and concrete. 1.2 Pulverized fuel ash to be used as pozzolana in cement, cement mortar and concrete in accordance with this standard shall be fly ash only which may be either in as collected condition or beneficiated, segregated or processed.",scraped,True,Cement & Construction,IS 3812-1:2013,derived_from_year,2013,Not determined,,not_assessed,,,,https://archive.org/details/gov.in.is.3812.1.2013,medium,minor,,allied_standards_mapping;archive_org_scope,ingested_from_allied_mapping;certification_not_determined;missing_amendment_count
IS 783:1985,IS 783:1985,783,,Code of practice for laying of concrete pipes,"l.J This standard covers recommended design practice for the laying of precast concrete pipes. It includes methods for calculating loads on pipes according to installation conditions, and gives the corresponding load factors. 1.1.1 This standard is intended primarily for use in association with IS : 458-1 971 1 and IS : 784- 1978 J for pipes, but may also be used for the calculation of loads on other rigid pipes.",scraped,True,Cement & Construction,IS 783:1985,derived_from_year,1985,Not determined,,not_assessed,,,,https://archive.org/details/gov.in.is.783.1985,medium,minor,,allied_standards_mapping;archive_org_scope,ingested_from_allied_mapping;certification_not_determined;missing_amendment_count
IS 1734,IS 1734 (Relevant Parts),1734,,Methods of Test for Plywood,Methods of Test for Plywood,title_fallback,False,Cement & Construction,,not_derivable,,Not determined,,not_assessed,,,,,low,blocker,,allied_standards_mapping,ingested_from_allied_mapping;scope_equals_title;scope_too_short (5 words);missing_year;certification_not_determined;missing_source_url;missing_amendment_count
IS 848:2006,IS 848:2006,848,,Synthetic Resin Adhesives for Plywood (Phenolic and Aminoplastic) - Specification,"This standard prescribes the requirements for phenolic and aminoplastic synthetic resin adhesives used in the plywood industry, covering liquid, powder and film adhesives",scraped,True,Cement & Construction,IS 848:2006,derived_from_year,2006,Not determined,,not_assessed,,,,https://archive.org/details/gov.in.is.848.2006,medium,minor,,allied_standards_mapping;archive_org_scope,ingested_from_allied_mapping;certification_not_determined;missing_amendment_count
IS 12089:1987,IS 12089:1987,12089,,Specification for Granulated Slag for the Manufacture of Portland Slag Cement,1.1 This standard covers the requirements of granulated slag used in the manufacture of Portland slag cement conforming to IS : 455-1976t.,scraped,True,Cement & Construction,IS 12089:1987,derived_from_year,1987,Not determined,,not_assessed,,,,https://archive.org/details/gov.in.is.12089.1987,medium,minor,,allied_standards_mapping;archive_org_scope,ingested_from_allied_mapping;certification_not_determined;missing_amendment_count
IS 6925:1973,IS 6925:1973,6925,,Methods of Test for Determination of Water Soluble Chlorides in Concrete Admixtures,"1.1 This standard specifies the following methods of test for determina- tion of water soluble chlorides in concrete admixtures: a) Volumetric method, b) Gravimetric method, and c) Turbidimetric method. ♦Code of practice for plain and reinforced concrete ( second revision ). fRules for rounding off numerical values {revised ) . IS: 6925 -1973",scraped,True,Cement & Construction,IS 6925:1973,derived_from_year,1973,Not determined,,not_assessed,,,,https://archive.org/details/gov.in.is.6925.1973,medium,minor,,allied_standards_mapping;archive_org_scope,ingested_from_allied_mapping;certification_not_determined;missing_amendment_count
IS 2062:2011,IS 2062:2011,2062,,Hot Rolled Medium and High Tensile Structural Steel - Specification,"1.1 This standard covers the requirements of steel including micro-alloyed steel plates, strips, shapes and sections (angles, tees, beams, channels, etc), flats, bars, etc, for use in structural work. 1.1.1 The steels are suitable for welded, bolted and riveted structures and for general engineering purposes: 1.1.2 Where welding is employed for fabrication and guaranteed-weldability is required, welding procedure should be as specified in IS 9595 : 1996 'Metal arc welding of carbon and carbon manganese steels — Recommendations (first revision)'.",scraped,True,Metallurgy,IS 2062:2011,derived_from_year,2011,BIS Product Certification,True,public_knowledge,,Steel and steel products QCO - structural steel requires the Standard Mark,https://www.certification-india.com/en/india-tightens-bis-requirements-for-imported-steel-and-input-materials-under-qco-compliance-framework/,https://archive.org/details/gov.in.is.2062.2011,medium,minor,,allied_standards_mapping;archive_org_scope,ingested_from_allied_mapping;missing_amendment_count
IS 1852:1985,IS 1852:1985,1852,,Rolling and Cutting Tolerances for Hot Rolled Steel Products,"1.1 This standard lays down rolling and cutting tolerances for hot-rolled structural steel beams, channels, equal and unequal-leg angles, tee bars, bulb angles, round and square bars ( other than bars meant for fasteners ), flats, plates, strips and sheets rolled from structural steels including medium and high strength steels. 1.1.1 A list of Indian Standards covering material and dimensions of various hot-rolled sections is given in Appendix A for information. 1.2 This standard does not cover dimensional tolerances for carbon and alloy constructional steel products which are covered by IS : 3739-1972f. 1.3 For any specific end uses, such as shipbuilding, machine components, pressure vessels, etc, special tolerances finer than those specified in this standard, reference shall be made to the appropriate Indian Standard if available or otherwise these shall be as agreed to between the purchaser and the supplier.",scraped,True,Metallurgy,IS 1852:1985,derived_from_year,1985,Not determined,,not_assessed,,,,https://archive.org/details/gov.in.is.1852.1985,medium,minor,,allied_standards_mapping;archive_org_scope,ingested_from_allied_mapping;certification_not_determined;missing_amendment_count
IS 800:2007,IS 800:2007,800,,General Construction in Steel - Code of Practice,General Construction in Steel - Code of Practice,title_fallback,False,Cement & Construction,IS 800:2007,derived_from_year,2007,Not determined,,not_assessed,,,,https://archive.org/details/gov.in.is.800.2007,low,blocker,,allied_standards_mapping;archive_org_scope,ingested_from_allied_mapping;scope_equals_title;scope_too_short (8 words);certification_not_determined;missing_amendment_count
IS 3854:1997,IS 3854:1997,3854,,Switches for Domestic and Similar Purposes - Specification,Switches for Domestic and Similar Purposes - Specification,title_fallback,False,Electrical,IS 3854:2023,derived_from_year,2023,Not determined,,not_assessed,,,,https://archive.org/details/gov.in.is.3854.2023,low,blocker,,allied_standards_mapping;archive_org_scope,ingested_from_allied_mapping;scope_equals_title;scope_too_short (8 words);certification_not_determined;missing_amendment_count
IS 731:1971,IS 731:1971,731,,Porcelain Insulators for Overhead Power Lines with a Nominal Voltage Greater than 1000 V,"1.1 This standard applies to the porcelain insulators for ac overhead power lines suitable for nominal system voltage greater than 1 000 volts and a frequency not greater than 100 Hz. NOTE 1 — The specification applies to string insulator units, to insulator strings consisting of one-string insulator unit or an assembly of such units, and to rigid over head line insulators. The specification applies to insulators of the same type when used in sub-stations. It does not apply to insulators forming part of electrical apparatus or to parts used in their contruction. NOTE 2 — This specification applies to insulators for use on ac overhead lines and may be regarded as a provisional specification for insulators for use on dc over- head lines.",scraped,True,Electrical,IS 731:1971,derived_from_year,1971,Not determined,,not_assessed,,,,https://archive.org/details/gov.in.is.731.1971,medium,minor,,allied_standards_mapping;archive_org_scope,ingested_from_allied_mapping;certification_not_determined;missing_amendment_count
IS 2486-1:1993,IS 2486 (Part 1):1993,2486,1,Insulator Fittings for Overhead Power Lines with a Nominal Voltage Greater than 1000 V: Part 1 General Requirements and Tests,This standard ( Part 1 ) gives the general requirements and tests for insulator fittings for use on overhead power lines having a nominal voltage greater than 1 000 V.,scraped,True,Electrical,IS 2486-1:1993,derived_from_year,1993,Not determined,,not_assessed,,,,https://archive.org/details/gov.in.is.2486.1.1993,medium,minor,,allied_standards_mapping;archive_org_scope,ingested_from_allied_mapping;certification_not_determined;missing_amendment_count
IS 8263:1976,IS 8263:1976,8263,,Methods for Radio Interference Tests on High-Voltage Insulators,Methods for Radio Interference Tests on High-Voltage Insulators,title_fallback,False,Electrical,IS 8263:1976,derived_from_year,1976,Not determined,,not_assessed,,,,https://archive.org/details/gov.in.is.8263.1976,low,blocker,,allied_standards_mapping;archive_org_scope,ingested_from_allied_mapping;scope_equals_title;scope_too_short (8 words);certification_not_determined;missing_amendment_count
IS/ISO 14971:2019,IS/ISO 14971:2019,14971,,Medical Devices - Application of Risk Management to Medical Devices,"1.1 This standard specifies the requirements and methods of sampling and test for polycarbonate resins for the manufacture of items used in contact with foodstuffs, pharmaceuticals and drinking water. 1.2 This standard does not purport to establish suitability of polycarbonate in contact with particular foodstuff, pharmaceutical or drinking water, from other than toxicological considerations.",scraped,True,Medical & Healthcare,IS/ISO 14971:2001,derived_from_year,2001,Not determined,,not_assessed,,,,https://archive.org/details/gov.in.is.14971.2001,medium,minor,,allied_standards_mapping;archive_org_scope,ingested_from_allied_mapping;certification_not_determined;missing_amendment_count
IS 9000,IS 9000 (Relevant Parts),9000,,Basic Environmental Testing Procedures for Electronic and Electrical Items,"PART 4 DAMP HEAT (STEADY STATE) ( First Revision ) This part of IEC 60068 provides a test method for determining the suitability of electrotechnical products, components or equipment for transportation, storage and use under conditions of high humidity. The test is primarily intended to permit the observation of the effect of high humidity at constant temperature without condensation on the specimen over a prescribed period. This test provides a number of preferred severities of high temperature, high humidity and test duration. The test can be applied to both heat-dissipating and non-heat dissipating specimens. The test is applicable to small equipment or components as well as large equipment having complex interconnections with test equipment external to the chamber, requiring a set-up time which prevents the use of preheating and the maintenance of specified conditions during the installation period. 2 Normative references The following normative documents contain provisions which, through reference in this text, constitute provisions of this part of IEC 60068. For dated references, subsequent amendments to, or revisions of, any of these publications do not apply. However parties to agreements based on this part of IEC 60068 are encouraged to investigate the possibility of applying the most recent editions of the normative documents indicated below. For undated references, the latest edition of the normative document referred to applies Members of ISO and IEC maintain registers of currently valid International Standards. IEC 60068-1, Environmental testing - Part 1: General and guidance IEC 60068-2-2, Basic environmental testing procedures - Part 2: Tests - Tests B Dry heat 3 General description In this test, the specimen is introduced into the chamber, both of which are at laboratory temperature. The conditions in the chamber are adjusted to the severity required according to clause 5 and maintained for the prescribed time",scraped,True,Electronics,IS 9000:2008,derived_from_year,2008,Not determined,,not_assessed,,,,https://archive.org/details/gov.in.is.9000.4.2008,medium,minor,,allied_standards_mapping;archive_org_scope,ingested_from_allied_mapping;certification_not_determined;missing_amendment_count
IS 6103:1971,IS 6103:1971,6103,,Methods of Test for Direct Current Switches for Domestic and Similar Purposes,"1.1 This standard prescribes the method for the determination of specific resistance ( resistivity ) applied to new electrical insulating liquids, as well as to liquids in service, or subsequent to service, in cables, transformers, circuit-breakers, and other electrical apparatus. 1.2 This method covers a procedure for making referee tests with dc potential. 1.3 When it is desired to make routine determinations requiring less iccuracy, certain modifications to this method are permitted as described n 18 to 25. * Rules for rounding off numerical values ( rtoiud ). 3 1$ j 61 03 -1971",scraped,True,Electrical,IS 6103:1971,derived_from_year,1971,Not determined,,not_assessed,,,,https://archive.org/details/gov.in.is.6103.1971,medium,minor,,allied_standards_mapping;archive_org_scope,ingested_from_allied_mapping;certification_not_determined;missing_amendment_count
IS 3815:1969,IS 3815:1969,3815,,Specification for Point Hooks with Shank for General Engineering Purposes,Specification for Point Hooks with Shank for General Engineering Purposes,title_fallback,False,Mechanical,,not_derivable,,Not determined,,not_assessed,,,,,low,blocker,,allied_standards_mapping,ingested_from_allied_mapping;scope_equals_title;scope_too_short (10 words);missing_year;certification_not_determined;missing_source_url;missing_amendment_count
IS 2266:2002,IS 2266:2002,2266,,Steel Wire Ropes for General Engineering Purposes - Specification,Steel Wire Ropes for General Engineering Purposes - Specification,title_fallback,False,Mechanical,IS 2266:2019,derived_from_year,2019,Not determined,,not_assessed,,,,https://archive.org/details/gov.in.is.2266.2019,low,blocker,,allied_standards_mapping;archive_org_scope,ingested_from_allied_mapping;scope_equals_title;scope_too_short (9 words);certification_not_determined;missing_amendment_count
IS 10250:1982,IS 10250:1982,10250,,Methods of Test for Starter Motors for Internal Combustion Engines,"1.1 This standard specifies the basic information on degrees of severities for various environmental tests required to be conducted on automotive electrical equipment. L2 This standard deals only with the severities of test conditions and gives no information on electrical and mechanical checks to be made or performance requirements during or after the test, or about the expected life of the equipment. For these requirements, ""relevant equipment specification shall be referred. 1*3 The applicability of an environmental test and the sequence of tests shall be as given in the individual specifications. %",scraped,True,Mechanical,IS 10250:1982,derived_from_year,1982,Not determined,,not_assessed,,,,https://archive.org/details/gov.in.is.10250.1982,medium,minor,,allied_standards_mapping;archive_org_scope,ingested_from_allied_mapping;certification_not_determined;missing_amendment_count
IS 7372:1995,IS 7372:1995,7372,,Lead-Acid Storage Batteries for Motor Vehicles - Specification,"This standard covers the characteristics, dimen- sions and tests for lead-acid storage batteries with a rated voltage of 6 or 12 volts, used primarily for engine starting and other electrical loads in vehicles driven by internal combustion engines.",scraped,True,Electrical,IS 7372:1995,derived_from_year,1995,Not determined,,not_assessed,,,,https://archive.org/details/gov.in.is.7372.1995,medium,minor,,allied_standards_mapping;archive_org_scope,ingested_from_allied_mapping;certification_not_determined;missing_amendment_count
IS 5692:1988,IS 5692:1988,5692,,Method for Calculating Dynamic Load Ratings and Rating Life of Roller Bearings,Method for Calculating Dynamic Load Ratings and Rating Life of Roller Bearings,title_fallback,False,Mechanical,,not_derivable,,Not determined,,not_assessed,,,,,low,blocker,,allied_standards_mapping,ingested_from_allied_mapping;scope_equals_title;scope_too_short (12 words);missing_year;certification_not_determined;missing_source_url;missing_amendment_count
IS 6455:1972,IS 6455:1972,6455,,Radial Internal Clearances in Unloaded Radial Rolling Bearings,Radial Internal Clearances in Unloaded Radial Rolling Bearings,title_fallback,False,Mechanical,IS 6455:1972,derived_from_year,1972,Not determined,,not_assessed,,,,https://archive.org/details/gov.in.is.6455.1972,low,blocker,,allied_standards_mapping;archive_org_scope,ingested_from_allied_mapping;scope_equals_title;scope_too_short (8 words);certification_not_determined;missing_amendment_count
IS 101,IS 101 (Relevant Parts),101,,"Methods of Sampling and Test for Paints, Varnishes and Related Products","Methods of Sampling and Test for Paints, Varnishes and Related Products",title_fallback,False,Chemicals,,not_derivable,,Not determined,,not_assessed,,,,,low,blocker,,allied_standards_mapping,ingested_from_allied_mapping;scope_equals_title;scope_too_short (11 words);missing_year;certification_not_determined;missing_source_url;missing_amendment_count
IS 13213:1991,IS 13213:1991,13213,,Polyurethane Full Gloss Enamel (Two Pack) for Exterior Painting of Railway Coaches - Specification,"1,1 This standard prescribes requirements and methods of sampling and test of a two-pack fiill gloss polyurethane enamel, intended to be used for the protection of exterior of railway coaches, diesel and electric locomotive against atmospheric corrosion. 1.1.1 It is primarily suitable for application by spraying ( conventional air/airless ). It may also be apphea by brush for touching up small areas. 1.1.2 The material is intended to be used as a top coat in painting system for the protection of exterior of railway coaches, etc, involving wet and damp areas, high humidity, coastal, marine and industrial fall out. Polyurethane paints shall be suitable for use in those exterior applications where it is desirable to retain colour and gloss for long periods of time in addition to providing excellent chemical and corrosion resistance.",scraped,True,Chemicals,IS 13213:1991,derived_from_year,1991,Not determined,,not_assessed,,,,https://archive.org/details/gov.in.is.13213.1991,medium,minor,,allied_standards_mapping;archive_org_scope,ingested_from_allied_mapping;certification_not_determined;missing_amendment_count
IS 1205:1978,IS 1205:1978,1205,,Methods for Testing Tar and Bituminous Materials: Determination of Softening Point,Methods for Testing Tar and Bituminous Materials: Determination of Softening Point,title_fallback,False,Petroleum,IS 1205:2022,derived_from_year,2022,Not determined,,not_assessed,,,,https://archive.org/details/gov.in.is.1205.2022,low,blocker,,allied_standards_mapping;archive_org_scope,ingested_from_allied_mapping;scope_equals_title;scope_too_short (11 words);certification_not_determined;missing_amendment_count
IS 1217:1978,IS 1217:1978,1217,,Methods for Testing Tar and Bituminous Materials: Determination of Mineral Matter (Ash),Methods for Testing Tar and Bituminous Materials: Determination of Mineral Matter (Ash),title_fallback,False,Petroleum,,not_derivable,,Not determined,,not_assessed,,,,,low,blocker,,allied_standards_mapping,ingested_from_allied_mapping;scope_equals_title;scope_too_short (12 words);missing_year;certification_not_determined;missing_source_url;missing_amendment_count
IS 7016,IS 7016 (Relevant Parts),7016,,Methods of Test for Coated and Treated Fabrics,"This International Standard specifies a pass/fati method for the deterrrnnatton of the resistance of rubber^ or plastics-coated fabrics to water penetration (hydrostatic resistance) when subjected to a specftc hydrostatic pressure over a fixed period of time. Two test specimen shapes are given; one ts cwcular. the other square 2 Normative references The following normative documents contain provisions which, through reference (n thrs text, constitute provtSfons of this International Standard. For dated references, subsequent amendments to. or revisions of. any of these publications do not apply. However, parties to agreements based on thts International Standard are encouraged ;o investigate the possibility of applying the most recent editions of the normative documents tndcated below. For undated references, the latest edition of the normative document referred to applies Members of ISO and lEC maintain registers of currently valid International Standards. ISO 2231 ;1 989. Rubber^ or pfasttcs-coated fabrics — Standard atmospheres for condftfonmg and testmg ISO 2286-1 : 1998, Rubber- or plastics-coated fabrics — DetermmaUon of roil charactenstfcs — Part f: Methods for determination of length, width and net mass 3 Principle A test specimen of coated fabric is subjected to an increasing pressure of water on one face, under standard conditions, until a predeternr}ined pressure specified in the coated-fabric specificatton fs obtatned The required pressure is maintained for a specified time or until penetration occurs, whchever ts the sooner. 4 Apparatus 4.1 General The apparatus shalt consist of an opervmouthed vessel fitted with a clamp to fasten the test specimen over the mouth. The lower part of the vessel shall have a nozzle aftowtng it to be connects to a water iniet ptj^ to fill it with water at room temperature. A retaining mesh is fitted over the test sp^inr^n. This fT>esh shall conpnse wires of 1 mm to 1 ,2 mm diameter forming squ",scraped,True,Textiles,IS 7016:2009,derived_from_year,2009,Not determined,,not_assessed,,,,https://archive.org/details/gov.in.is.7016.7.2009,medium,minor,,allied_standards_mapping;archive_org_scope,ingested_from_allied_mapping;certification_not_determined;missing_amendment_count
IS 688:1988,IS 688:1988,688,,Method for Determination of Colour Fastness of Textile Materials to Washing,"1.1 This standard prescribes a method for determination of colour fastness of textile materials of all kinds and in all forms to organic solvents commonly used in cleaning or mill processing. If dry-cleaning is involved, use the method prescribed in IS : 4802 - 1988*.",scraped,True,Textiles,IS 688:1988,derived_from_year,1988,Not determined,,not_assessed,,,,https://archive.org/details/gov.in.is.688.1988,medium,minor,,allied_standards_mapping;archive_org_scope,ingested_from_allied_mapping;certification_not_determined;missing_amendment_count
IS 513-1:2016,IS 513 (Part 1):2016,513,1,Cold Reduced Carbon Steel Sheet and Strip: Part 1 Cold Forming and Drawing Steel - Specification,This standard (Part 1) covers the requirements of cold reduced carbon steel sheets and strips for cold forming and drawing purpose and where the surface is of prime importance. It covers sheets and strips up to 4.0 mm thick both in coil form and cut lengths.,scraped,True,Metallurgy,IS 513-1:2016,derived_from_year,2016,Not determined,,not_assessed,,,,https://archive.org/details/gov.in.is.513.1.2016,medium,minor,,allied_standards_mapping;archive_org_scope,ingested_from_allied_mapping;certification_not_determined;missing_amendment_count
IS 5165:1969,IS 5165:1969,5165,,Specification for Interchangeable Conical Ground-Glass Joints,I.I This standard prescribes the requirements and the methods of test for interchangeable conical ground-glass joints. ♦Substantially corresponds to IS : 1070 - 1957 Preferred numbers. fRules for rounding off numerical values ( revised ) . 18:5165-1969,scraped,True,Chemicals,IS 5165:1969,derived_from_year,1969,Not determined,,not_assessed,,,,https://archive.org/details/gov.in.is.5165.1969,medium,minor,,allied_standards_mapping;archive_org_scope,ingested_from_allied_mapping;certification_not_determined;missing_amendment_count
IS 2303-1-1:1994,IS 2303 (Part 1/Sec 1):1994,2303,1-1,Method of Grading and Test for Chemical Resistance of Glass - Part 1: Resistance to Water at 98 Deg C,This Indian Standard specifies methods for determining the hydrolytic resistance of the in- terior surfaces of glass containers when subjected to attack by water at 12rC ± TC for 60 min ± 1 min.,scraped,True,Chemicals,IS 2303-1-1:1994,derived_from_year,1994,Not determined,,not_assessed,,,,https://archive.org/details/gov.in.is.2303.2.1994,medium,minor,,allied_standards_mapping;archive_org_scope,ingested_from_allied_mapping;certification_not_determined;missing_amendment_count
IS 744:1977,IS 744:1977,744,,Method for Determination of Wool Fibre Diameter - Projection Microscope Method,"1.1 This standard prescribes the procedure for determination of diameter of wool fibres in any form by means of a projection microscope. It also prescribes a method for determining the percentage of medullated fibres and kemp fibre content of raw wool. NOTE — In the case of dyed, bleached or finished fibres, the diameter as determined, may be different from that of the same fibres not subjected to such t^ itments. Further, the estimates of fibre diameter of the same lot of wool at the various stages of processing may not necessarily be the same.",scraped,True,Textiles,IS 744:2000,derived_from_year,2000,Not determined,,not_assessed,,,,https://archive.org/details/gov.in.is.744.2000,medium,minor,,allied_standards_mapping;archive_org_scope,ingested_from_allied_mapping;certification_not_determined;missing_amendment_count
IS 6527:1995,IS 6527:1995,6527,,Stainless Steel Surgical Instruments - General Requirements,1.1 This standard covers the requirements for stainless steel wire rods. 1.2 This standard does not apply to wire rod used for the manufacturer of welding electrodes.,scraped,True,Medical & Healthcare,IS 6527:1995,derived_from_year,1995,Not determined,,not_assessed,,,,https://archive.org/details/gov.in.is.6527.1995,medium,minor,,allied_standards_mapping;archive_org_scope,ingested_from_allied_mapping;certification_not_determined;missing_amendment_count
IS 7531:1990,IS 7531:1990,7531,,Methods of Testing for Corrosion Resistance of Stainless Steel Surgical Instruments,This standard specifies the methods for testing of corrosion resistance of surgical instruments made from stainless steel.,scraped,True,Medical & Healthcare,IS 7531:1990,derived_from_year,1990,Not determined,,not_assessed,,,,https://archive.org/details/gov.in.is.7531.1990,medium,minor,,allied_standards_mapping;archive_org_scope,ingested_from_allied_mapping;certification_not_determined;missing_amendment_count
IS 3171:1989,IS 3171:1989,3171,,Internal Combustion Engines - Fuel Injection Nozzle Holders - Size 'S',"This Internationai Standard specifies dimensional requirements for the mounting of injection nozzle holders in compression-ignition (diesel) engines. The location of the fuel inlet and leak-off connections are not defined since they vary according to the particular application. This International Standard applies to screw-in injection nozzle holders of types 20, 21, 21.1 and 27. These nozzle holders are used with the pintle nozzle size ""8"", type ""B"", specified in ISO 2697 ""•). 2 Dimensions and tolerances 2.1 Nozzle holders without heat shield 2.1.1 Nozzle holder, type 20, ""long"" Injection nozzle holders of type 20 with nozzle protrusion of 1 mm ± 0,2 mm shall be as shown in figure 1 . 2.1.2 Nozzle holder, types 21 and 21.1, ""short"" Injectior^^ nozzle holders of type 21 and type 21.1 with nozzle protrusion of 13 mm ± 0,2 mm shall be as shown in figure 2. 2.2 Nozzle holder with integral heat shield, type 27 Injection nozzle holders of type 27 with heat shield protrusion of 14,1 mm ± 0,2 mm shall be as shown in figure 3. 3 Other specifications Dimensions and requirements not given in this International Standard are left to the discretion of the manufacturer. 1 ) ISO 2697: 1 974, Road vehicles — Fuels injection nozzles — Size ""S"". IS 3171 (Part 2): 2006 ISO 7026 : 1997 60° max. 26,6? max. 21,4 h.^ ^a Dimensions in millimetres /^^.^--^X Hexagon 27 h13 across flats -FaceB @| 00.1 (B)|A(B)| 1 ) The manufacturer shall design an appropriate heat shield or washer such that the distance of face B from the upper face of the cylinder head is achieved. 2) TKe determination of this diameter in the cylinder head is left to the manufacturer's choice. For this purpose, the maximum value for the nozzle retaining nut which is given as a result of the maximum material principle ® and the maximum tolerance value of the cylinder head hole shall be taken into account. The clearance shall be kept to a minimum to",scraped,True,Mechanical,IS 3171:2006,derived_from_year,2006,Not determined,,not_assessed,,,,https://archive.org/details/gov.in.is.3171.2.2006,medium,minor,,allied_standards_mapping;archive_org_scope,ingested_from_allied_mapping;certification_not_determined;missing_amendment_count
IS 11006:1984,IS 11006:1984,11006,,Methods of Test for Fuel Injection Nozzles for Diesel Engines,"This standard covers flash back arresters for use in delivery pipe lines, acetylene generators, gas, petroleum, oil and gasoline or liquefied petroleum storage and or piping system and welding and cutting systems.",scraped,True,Mechanical,IS 11006:2011,derived_from_year,2011,Not determined,,not_assessed,,,,https://archive.org/details/gov.in.is.11006.2011,medium,minor,,allied_standards_mapping;archive_org_scope,ingested_from_allied_mapping;certification_not_determined;missing_amendment_count
IS 10585:2019,IS 10585:2019,10585,,Hydraulic Fluid Power - Cylinders - Acceptance Tests,"This standard prescribes the method of test for evaluating the performance requirements of double acting cylinders used in oil hydraulic systems. NOTE — While the variation in the standard refers to a single- rod-ended cylinder, the test procedure is applicable to double-rod- ended type also.",scraped,True,Mechanical,IS 10585:2002,derived_from_year,2002,Not determined,,not_assessed,,,,https://archive.org/details/gov.in.is.10585.2002,medium,minor,,allied_standards_mapping;archive_org_scope,ingested_from_allied_mapping;certification_not_determined;missing_amendment_count
IS 8208:1976,IS 8208:1976,8208,,Sizes of Cylinder Bores and Piston Rod Diameters for Fluid Power Cylinders,Sizes of Cylinder Bores and Piston Rod Diameters for Fluid Power Cylinders,title_fallback,False,Mechanical,IS 8208:2004,derived_from_year,2004,Not determined,,not_assessed,,,,https://archive.org/details/gov.in.is.8208.2004,low,blocker,,allied_standards_mapping;archive_org_scope,ingested_from_allied_mapping;scope_equals_title;scope_too_short (12 words);certification_not_determined;missing_amendment_count
IS 10584:1983,IS 10584:1983,10584,,Fluid Power Systems and Components - Cylinder Rod Wiper Rings,1.1 This standard covers the requirements and methods of tests for pencils with spiral paper-form casing for marking on glossy-surface materials.,scraped,True,Mechanical,IS 10584:1983,derived_from_year,1983,Not determined,,not_assessed,,,,https://archive.org/details/gov.in.is.10584.2.1983,medium,minor,,allied_standards_mapping;archive_org_scope,ingested_from_allied_mapping;certification_not_determined;missing_amendment_count
IS 13925-1:1998,IS 13925 (Part 1):1998,13925,1,"Shunt Capacitors for A.C. Power Systems Having a Rated Voltage Above 1000 V - Part 1: General - Performance, Testing and Rating","Shunt Capacitors for A.C. Power Systems Having a Rated Voltage Above 1000 V - Part 1: General - Performance, Testing and Rating",title_fallback,False,Electrical,IS 13925-1:2012,derived_from_year,2012,Not determined,,not_assessed,,,,https://archive.org/details/gov.in.is.13925.1.2012,low,blocker,,allied_standards_mapping;archive_org_scope,ingested_from_allied_mapping;scope_equals_title;certification_not_determined;missing_amendment_count
IS 9385-1:1979,IS 9385 (Part 1):1979,9385,1,High Voltage Fuses - Part 1: Current-Limiting Fuses,"1.1 This standard (Part I) applies to all types of high-voltage current- limiting fuses designed for use outdoors or indoors on alternating current systems of 50 Hz and of rated voltages exceeding 1 000 V. 1.2 Some fuses are provided with fuse-links equipped with an indicating device or a striker. These fuses come within the scope of this standard, but the correct operation of the striker in combination with the tripping device of the switching device for which separate or additional requirements have to be complied with is outside the scope of this standard. Note — This standard refers primarily to three-phase systems with earthed neutral. For applications on single-phase systems or three-phase systems with unearthed neutral, see Part III of this standard, L3 Fuses designed for the protection of single capacitor units within multi- unit capacitor banks may have to conform to additional requirements other than those specified in this standard. 1.4 Fuses complying with the standard are to \>q operated under the normal conditions of service as detailed in Appendix B.",scraped,True,Electrical,IS 9385-1:1979,derived_from_year,1979,Not determined,,not_assessed,,,,https://archive.org/details/gov.in.is.9385.1.1979,medium,minor,,allied_standards_mapping;archive_org_scope,ingested_from_allied_mapping;certification_not_determined;missing_amendment_count
IS 548-1:1964,IS 548 (Part 1):1964,548,1,"Methods of Sampling and Test for Oils and Fats - Part 1: Sampling, Physical and Chemical Tests","1.1 This standard lays down the methods of sampling and test for indivi- dual oils, fats and fatty materials. It contains definitions of terms used in trade and industry and prescribes the methods for determining moisture, insoluble impurities, acid value and free fatty acids, unsaponifiable matter, melting point, refractive index, .specific gravity, titre of mixed fatty acids, colour, iodine value (Wijs), saponification value, acetyl value and hydroxyl value, allyl irothiocyanate content, Reichert-Meissl value and IS:548(PartI).lM4 Polenske value 1.2 Test methods, neither prescribed in this standard nor specified in standards for individual materials, shall be subject to agreement between the purchaser and the supplier. 1-3 Should any inconsistency be found to exist between the methods prescribed in this standard and those prescribed in the standard for an individual material, the latter shall prevail.",scraped,True,Food & Agriculture,IS 548-1:1964,derived_from_year,1964,Not determined,,not_assessed,,,,https://archive.org/details/gov.in.is.548.1.1964,medium,minor,,allied_standards_mapping;archive_org_scope,ingested_from_allied_mapping;certification_not_determined;missing_amendment_count
IS 5887-1:1976,IS 5887 (Part 1):1976,5887,1,Methods for Detection of Bacteria Responsible for Food Poisoning - Part 1: Isolation and Identification of Coliform Bacteria,"1.1 This standard ( Part I ) prescribes methods for isolation, identifica- tion and enumeration o£ Escherichia coliin foods.",scraped,True,Food & Agriculture,IS 5887-1:1976,derived_from_year,1976,Not determined,,not_assessed,,,,https://archive.org/details/gov.in.is.5887.1.1976,medium,minor,,allied_standards_mapping;archive_org_scope,ingested_from_allied_mapping;certification_not_determined;missing_amendment_count
IS 5461:1984,IS 5461:1984,5461,,Method for Sieve Analysis of Metal Powders,1.1 This standard prescribes the method for sieve analysis of dry unlubricated metallic powders. The method is not applicable to powders in which the morphology differs markedly from being equiaxial and the particle size wholly or mostly under 45 ftm. *Rules for rounding off numerical values ( revised ). 3 IS : 5461 - 1984,scraped,True,Metallurgy,IS 5461:1984,derived_from_year,1984,Not determined,,not_assessed,,,,https://archive.org/details/gov.in.is.5461.1984,medium,minor,,allied_standards_mapping;archive_org_scope,ingested_from_allied_mapping;certification_not_determined;missing_amendment_count
IS 4015-1:1998,IS 4015 (Part 1):1998,4015,1,Guide for Handling and Storage of Explosive and Pyrotechnic Compositions,"1.1 This guide outlines the basic informations intended for the use of a physician with regard to the definition/classification of pesticides, routes of entry in the body, first-aid measures, supportive therapy, specific chemical antidotes, signs and symptoms of poisoning, diagnosis and treatment of different groups of pesticides, preventive measures in relation to poisoning due to different types of pesticides and their formulations during their manufacture, testing or in the field applications.",scraped,True,Safety & PPE,IS 4015-1:1998,derived_from_year,1998,Not determined,,not_assessed,,,,https://archive.org/details/gov.in.is.4015.1998,medium,minor,,allied_standards_mapping;archive_org_scope,ingested_from_allied_mapping;certification_not_determined;missing_amendment_count
IS 694:2010,IS 694:2010,694,,Polyvinyl Chloride Insulated Unsheathed and Sheathed Cables/Cords with Rigid and Flexible Conductor for Rated Voltages up to and Including 1100 V,"Specification for PVC insulated unsheathed and sheathed electrical cables and flexible cords with copper or aluminium conductors for rated voltages up to and including 1100 volts, used in internal building wiring, submains and appliance connection. Covers conductor construction, insulation and sheath thickness, conductor resistance, insulation resistance, high voltage test, flammability and core identification colours.",curated_verified,True,Electrical Cables,IS 694:2010,derived_from_year,2010,BIS Product Certification,True,public_knowledge,,PVC insulated cables up to 1100 V - BIS product manual issued under Scheme-I,https://www.bis.gov.in/wp-content/uploads/2024/03/PM_IS-694_March-2024.pdf,https://www.bis.gov.in/wp-content/uploads/2024/03/PM_IS-694_March-2024.pdf,high,none,4,curated_task3,
IS 1554-1:1988,IS 1554 (Part 1):1988,1554,1,PVC Insulated (Heavy Duty) Electric Cables for Working Voltages up to and Including 1100 V,"Specification for heavy duty PVC insulated electric power and control cables, armoured and unarmoured, with copper or aluminium conductors for working voltages up to and including 1100 volts, used in distribution networks, panel feeders and industrial installations. Covers conductor and armour construction, insulation and sheath, electrical tests and dimensional tolerances.",curated_verified,True,Electrical Cables,IS 1554-1:1988,derived_from_year,1988,BIS Product Certification,True,public_knowledge,,PVC insulated heavy duty cables - BIS product manual issued under Scheme-I,https://www.bis.gov.in/wp-content/uploads/2020/06/Product-Manual-1554-1-V2.pdf,https://www.bis.gov.in/wp-content/uploads/2020/06/Product-Manual-1554-1-V2.pdf,high,none,5,curated_task3,
IS 8130:2013,IS 8130:2013,8130,,Conductors for Insulated Electric Cables and Flexible Cords - Specification,"Specification for annealed copper, tinned copper and aluminium conductors used in insulated electric cables and flexible cords, covering conductor classes, nominal cross sectional areas, number and diameter of wires, maximum conductor resistance at 20 degrees Celsius and flexibility requirements. This is the raw material standard normatively referenced by cable specifications.",curated_verified,True,Electrical Cables,IS 8130:2013,derived_from_year,2013,Not determined,,not_assessed,,,,https://www.bis.gov.in/wp-content/uploads/2024/03/PM_IS-694_March-2024.pdf,high,minor,,curated_task3,certification_not_determined
IS 5831:1984,IS 5831:1984,5831,,PVC Insulation and Sheath of Electric Cables - Specification,"Specification for polyvinyl chloride compounds used as insulation and sheathing material for electric cables, covering compound types, tensile strength and elongation before and after ageing, loss of mass, hot deformation, heat shock, thermal stability and insulation resistance constants. Referenced as a material standard by PVC cable specifications.",drafted,True,Electrical Cables,IS 5831:1984,derived_from_year,1984,Not determined,,not_assessed,,,,,medium,minor,,curated_task3,certification_not_determined;missing_source_url
IS 10810:1984,IS 10810:1984,10810,,Methods of Test for Cables,"Multi-part standard prescribing the test methods used for electric cables, including measurement of conductor resistance, insulation thickness and dimensions, insulation resistance, high voltage tests, tensile and elongation tests on insulation and sheath, hot set test, ageing in air oven, loss of mass, heat shock, thermal stability and flammability tests.",drafted,True,Test Methods - Cables,IS 10810:1984,derived_from_year,1984,Not determined,,not_assessed,,,,,medium,minor,,curated_task3,certification_not_determined;missing_source_url
IS 3043:2018,IS 3043:2018,3043,,Code of Practice for Earthing,"Code of practice for earthing of electrical installations and equipment, covering earth electrode types and design, soil resistivity measurement, sizing of earthing and bonding conductors, earthing of substations and generating stations, equipotential bonding, and protective earthing for safety of persons against electric shock.",drafted,True,Electrical Installation,IS 3043:2018,derived_from_year,2018,Not determined,,not_assessed,,,,,medium,minor,,curated_task3,certification_not_determined;missing_source_url
IS 3196-1:2013,IS 3196 (Part 1):2013,3196,1,"Welded Low Carbon Steel Gas Cylinders Exceeding 5 Litres Water Capacity for Low Pressure Liquefiable Gases, Part 1: Cylinders for Liquefied Petroleum Gas (LPG) - Specification","Specification for welded low carbon steel gas cylinders exceeding 5 litres water capacity for storage and transport of liquefied petroleum gas, covering design and wall thickness calculation, materials, welding and construction, valve pad and bung, protective ring or grill and shroud, hydrostatic stretch and burst testing, protective coating, marking and periodic retesting. Sixth revision.",curated_verified,True,Gas Cylinders,IS 3196-1:2013,derived_from_year,2013,BIS Product Certification,True,public_knowledge,,LPG cylinders - BIS product manual issued under Scheme-I,https://bis.gov.in/wp-content/uploads/2020/05/PM-3196-Part-1-May-2020.pdf,https://bis.gov.in/wp-content/uploads/2020/05/PM-3196-Part-1-May-2020.pdf,high,none,3,curated_task3,
IS 7142:1995,IS 7142:1995,7142,,Welded Low Carbon Steel Cylinders for Low Pressure Liquefiable Gases Not Exceeding 5 Litre Water Capacity - Specification,"Specification for small welded low carbon steel cylinders of water capacity not exceeding 5 litres for low pressure liquefiable gases, covering materials, design and construction, valve fitting arrangement, hydrostatic and pneumatic testing, protective finish and marking. Applies to the small LPG cylinders used for portable and camping stoves.",curated_verified,True,Gas Cylinders,IS 7142:1995,derived_from_year,1995,BIS Product Certification,True,public_knowledge,,Small LPG cylinders not exceeding 5 litre - BIS product manual under Scheme-I,https://www.bis.gov.in/wp-content/uploads/2019/05/PM-7142.pdf,https://www.bis.gov.in/wp-content/uploads/2019/05/PM-7142.pdf,high,none,,curated_task3,
IS 8737:1995,IS 8737:1995,8737,,Valve Fittings for Use with Liquefied Petroleum Gas (LPG) Cylinders of More Than 5 Litre Water Capacity - Specification,"Specification for self closing valve fittings used on liquefied petroleum gas cylinders of water capacity above 5 litres, covering materials for valve body and spindle, design and dimensions, gauging, leak tightness, endurance and torque testing, and marking requirements for domestic and commercial LPG cylinder service.",drafted,True,Gas Cylinders,IS 8737:1995,derived_from_year,1995,BIS Product Certification,True,public_knowledge,,LPG cylinder valve fittings - certified alongside the cylinder,,,medium,minor,,curated_task3,missing_source_url
IS 4576:1999,IS 4576:1999,4576,,Liquefied Petroleum Gases - Specification,"Specification for commercial liquefied petroleum gases supplied as fuel, covering the grades of LPG, vapour pressure limits, volatility, copper strip corrosion, total volatile sulphur content, moisture and residue on evaporation, together with the sampling and test methods to be used for acceptance of bulk and cylinder supplies.",drafted,True,Petroleum,IS 4576:1999,derived_from_year,1999,BIS Product Certification,True,public_knowledge,,Liquefied petroleum gases - petroleum product under mandatory certification,,,medium,minor,,curated_task3,missing_source_url
IS 9873-1:2019,IS 9873 (Part 1):2019,9873,1,"Safety of Toys, Part 1: Safety Aspects Related to Mechanical and Physical Properties","Safety requirements for the mechanical and physical properties of toys intended for use by children, covering small parts and choking hazards, sharp edges and sharp points, projectiles and kinetic energy limits, cords and elastics, folding mechanisms, enclosures and confined spaces, stability and overload, and the stricter requirements applying to toys for children under 36 months, with the associated test methods.",drafted,True,Toys,IS 9873-1:2019,derived_from_year,2019,BIS Product Certification,True,public_knowledge,,Toys (Quality Control) Order - toys must conform and carry the Standard Mark,,,medium,minor,,curated_task3,missing_source_url
IS 9873-2:2017,IS 9873 (Part 2):2017,9873,2,"Safety of Toys, Part 2: Flammability","Requirements and test methods for the flammability of toys, specifying categories of flammable materials prohibited in toys, and the rate of spread of flame tests applied to toys to be worn on the head, toy disguise costumes, toys intended to be entered by a child, and soft filled toys.",drafted,True,Toys,IS 9873-2:2017,derived_from_year,2017,BIS Product Certification,True,public_knowledge,,Toys (Quality Control) Order - toys must conform and carry the Standard Mark,,,medium,minor,,curated_task3,missing_source_url
IS 9873-3:2017,IS 9873 (Part 3):2017,9873,3,"Safety of Toys, Part 3: Migration of Certain Elements","Test method and maximum acceptable limits for the migration of the toxic elements antimony, arsenic, barium, cadmium, chromium, lead, mercury and selenium from toy materials and parts of toys, including preparation of samples of coatings, polymers, textiles, paper and modelling materials, extraction simulating ingestion, and analytical determination.",drafted,True,Toys,IS 9873-3:2017,derived_from_year,2017,BIS Product Certification,True,public_knowledge,,Toys (Quality Control) Order - toys must conform and carry the Standard Mark,,,medium,minor,,curated_task3,missing_source_url
IS 15644:2006,IS 15644:2006,15644,,Safety of Electric Toys - Specification,"Safety requirements for toys incorporating at least one electric function, including battery operated and transformer operated toys, covering markings and instructions, power input, heating and abnormal operation, electric strength and insulation resistance, mechanical strength, protection against access to live parts, construction of transformers and batteries, and screws and connections.",drafted,True,Toys,IS 15644:2006,derived_from_year,2006,BIS Product Certification,True,public_knowledge,,Electric toys - covered by the Toys (Quality Control) Order,,,medium,minor,,curated_task3,missing_source_url
IS 14543:2016,IS 14543:2016,14543,,Packaged Drinking Water (Other than Packaged Natural Mineral Water) - Specification,"Specification for packaged drinking water other than natural mineral water, covering permitted source and treatment processes, limits for organoleptic, physical, chemical, pesticide residue, toxic substance and microbiological parameters, requirements for the packaging material, hygienic conditions of manufacture, sampling, and labelling of bottled drinking water offered for sale.",drafted,True,Food and Water,IS 14543:2016,derived_from_year,2016,BIS Product Certification,True,public_knowledge,,Packaged drinking water - mandatory BIS certification before sale,,,high,minor,,curated_task3,missing_source_url
IS 13428:2005,IS 13428:2005,13428,,Packaged Natural Mineral Water - Specification,"Specification for packaged natural mineral water obtained from a protected underground or surface source, covering permitted treatments, limits for physical, chemical, toxic substance, pesticide residue and microbiological parameters, mineral content declaration, packaging material, hygiene during bottling, sampling and labelling.",drafted,True,Food and Water,IS 13428:2005,derived_from_year,2005,BIS Product Certification,True,public_knowledge,,Packaged natural mineral water - mandatory BIS certification before sale,,,medium,minor,,curated_task3,missing_source_url
IS 3025-1:1987,IS 3025 (Part 1):1987,3025,1,"Methods of Sampling and Test (Physical and Chemical) for Water and Wastewater, Part 1: Sampling","Test method covering procedures for sampling water and wastewater for physical and chemical examination, including selection of sampling points, grab and composite samples, types and cleaning of sample containers, minimum sample volume, preservation techniques and holding times, transport, and records required for a representative and defensible analytical result.",drafted,True,Test Methods - Water,IS 3025-1:1987,derived_from_year,1987,Not determined,,not_assessed,,,,,medium,minor,,curated_task3,certification_not_determined;missing_source_url
IS 13252-1:2010,IS 13252 (Part 1):2010,13252,1,"Information Technology Equipment - Safety, Part 1: General Requirements","Safety requirements for mains and battery powered information technology and business equipment, including laptops, tablets, desktop computers, monitors, printers, scanners and power supply units. Covers protection against electric shock and energy hazards, insulation and clearances, fire enclosures and flammability, thermal limits, mechanical strength and stability, and hazardous radiation. Notified under the Compulsory Registration Scheme for electronics and IT goods.",drafted,True,IT Equipment,IS 13252-1:2010,derived_from_year,2010,CRS,True,public_knowledge,,IT equipment safety - notified under the Compulsory Registration Scheme,https://www.crsbis.in/BIS/app_srv/tdc/gl/docs/Another_twelve_product_categories.pdf,,high,minor,2,curated_task3,missing_source_url
IS 616:2017,IS 616:2017,616,,"Audio, Video and Similar Electronic Apparatus - Safety Requirements","Safety requirements for mains operated audio, video and similar electronic apparatus such as televisions, monitors used as televisions, set top boxes, amplifiers and powered speaker systems. Covers marking and instructions, protection against electric shock, insulation and creepage distances, stability and mechanical hazards, resistance to fire, and component requirements. Notified under the Compulsory Registration Scheme.",drafted,True,Consumer Electronics,IS 616:2017,derived_from_year,2017,CRS,True,public_knowledge,,Audio/video apparatus safety - notified under the Compulsory Registration Scheme,https://www.bis.gov.in/wp-content/uploads/2025/03/temp_2131689472.pdf,,high,minor,,curated_task3,missing_source_url
IS 16046-2:2018,IS 16046 (Part 2):2018,16046,2,"Secondary Cells and Batteries Containing Alkaline or Other Non-Acid Electrolytes - Safety Requirements for Portable Sealed Secondary Cells and Batteries Made from Them, for Use in Portable Applications, Part 2: Lithium Systems","Safety requirements and tests for portable sealed lithium ion and lithium polymer cells and battery packs used in mobile phones, laptops, power banks and portable electronic equipment. Covers electrical abuse tests including external short circuit, abnormal charging and forced discharge, mechanical abuse tests including crush, impact and vibration, thermal abuse, and design and construction requirements. Notified under the Compulsory Registration Scheme.",drafted,True,Batteries,IS 16046-2:2018,derived_from_year,2018,CRS,True,public_knowledge,,Portable sealed secondary lithium cells and batteries - notified under CRS,https://www.bis.gov.in/wp-content/uploads/2025/03/temp_2131689472.pdf,,high,minor,,curated_task3,missing_source_url
IS 302-1:2008,IS 302 (Part 1):2008,302,1,"Safety of Household and Similar Electrical Appliances, Part 1: General Requirements","General safety requirements for household and similar electrical appliances, covering classification, marking and instructions, protection against access to live parts, starting and input, heating and temperature rise limits, leakage current and electric strength at operating temperature, moisture resistance, overload and abnormal operation, stability and mechanical hazards, construction, internal wiring, earthing provision, screws and connections, and clearances and creepage distances.",drafted,True,Electrical Appliances,IS 302-1:2008,derived_from_year,2008,BIS Product Certification,True,public_knowledge,,Safety of household electrical appliances - appliance QCOs require the Standard Mark,,,medium,minor,,curated_task3,missing_source_url
IS 1417:2016,IS 1417:2016,1417,,"Gold and Gold Alloys, Jewellery/Artefacts - Fineness and Marking","Requirements for the grading of gold and gold alloys used in jewellery and artefacts by fineness expressed in carats and parts per thousand, including the 14, 18 and 22 carat grades covered by mandatory hallmarking, the marks to be applied under the BIS hallmarking scheme, permissible tolerance on declared fineness, and sampling of finished jewellery for assaying.",curated_verified,True,Precious Metals,IS 1417:2016,derived_from_year,2016,Hallmarking,True,public_knowledge,,Hallmarking of Gold Jewellery and Gold Artefacts Order - mandatory in notified districts,https://www.bis.gov.in/wp-content/uploads/2022/04/Hallmarking-of-Gold-Jewellery-and-Gold-Artefacts-Amendment-Order-2022.pdf,https://sansad.in/getFile/annex/268/AU1800_jXMlby.pdf?source=pqars,high,none,,curated_task3,
IS 15820:2009,IS 15820:2009,15820,,Assaying and Hallmarking Centre - Requirements for Recognition,"Requirements that an assaying and hallmarking centre must satisfy to be recognised by BIS for assaying and hallmarking of gold and silver jewellery and artefacts, covering premises, testing equipment, reference materials, competence of assayers, test methods for determination of fineness, marking equipment, record keeping and quality system.",curated_verified,True,Precious Metals,IS 15820:2009,derived_from_year,2009,Hallmarking,True,public_knowledge,,Requirements for recognition of assaying and hallmarking centres,https://www.bis.gov.in/wp-content/uploads/2024/10/Revised-Guidelines-AHC-October-2024-1.pdf,https://www.bis.gov.in/wp-content/uploads/2024/10/Revised-Guidelines-AHC-October-2024-1.pdf,high,none,,curated_task3,
IS 2112:2014,IS 2112:2014,2112,,Silver and Silver Alloy Jewellery/Artefacts - Fineness and Marking,"Requirements for the fineness grades of silver and silver alloys used in jewellery and artefacts and the corresponding hallmarking requirements, including the BIS standard mark, fineness number, assaying and hallmarking centre identification mark and jeweller identification mark, with permissible tolerance on declared fineness.",drafted,True,Precious Metals,IS 2112:2014,derived_from_year,2014,Hallmarking,True,public_knowledge,,Silver jewellery and artefacts - voluntary hallmarking scheme,,,medium,minor,,curated_task3,missing_source_url
IS 1608-1:2018,IS 1608 (Part 1):2018,1608,1,"Metallic Materials - Tensile Testing, Part 1: Method of Test at Room Temperature","Test method specifying the procedure for tensile testing of metallic materials at room temperature, covering shape and dimensions of test pieces, determination of original cross sectional area and gauge length, testing rate, and determination of upper and lower yield strength, proof strength, tensile strength, percentage elongation after fracture and percentage reduction of area.",drafted,True,Test Methods - Metals,IS 1608-1:2018,derived_from_year,2018,Not determined,,not_assessed,,,,,high,minor,,curated_task3,certification_not_determined;missing_source_url
IS 2016:1967,IS 2016:1967,2016,,Plain Washers - Specification,"Specification for plain washers used with bolts, screws and nuts in general engineering assemblies, covering nominal sizes, inside and outside diameters, thickness and tolerances, material and finish, and designation. Requested for ingestion by the Task 2 Batch 02 audit as a companion fastener standard.",curated_verified,True,Fasteners,IS 2016:1967,derived_from_year,1967,Not determined,,not_assessed,,,,https://law.resource.org/pub/in/bis/S01/is.2016.1967.pdf,high,minor,,curated_task3,certification_not_determined
IS 4218-1:2001,IS 4218 (Part 1):2001,4218,1,"ISO General Purpose Metric Screw Threads, Part 1: Basic and Design Profiles","Specification of the basic and design profiles for ISO general purpose metric screw threads, defining the fundamental triangle, thread angle, pitch, crest and root truncation and the design profiles for internal and external threads used on bolts, screws and nuts. Requested for ingestion by the Task 2 Batch 02 audit as the thread standard underlying hexagon nut and bolt specifications.",curated_verified,True,Fasteners,IS 4218-1:2001,derived_from_year,2001,Not determined,,not_assessed,,,,https://law.resource.org/pub/in/bis/S01/is.4218.1.2001.pdf,high,minor,,curated_task3,certification_not_determined
IS 4146:1983,IS 4146:1983,4146,,Application Guide for Voltage Transformers,"Application guide for voltage transformers used for measurement and protection, covering selection of rated voltage factor, burden and accuracy class, connection arrangements, ferro-resonance and residual voltage considerations, and dual purpose voltage transformers serving both measurement and protection windings. Requested for ingestion by the Task 2 Batch 02 audit as the application companion to the IS 3156 series.",curated_verified,True,Electrical Instrument Transformers,IS 4146:1983,derived_from_year,1983,Not determined,,not_assessed,,,,https://law.resource.org/pub/in/bis/S05/is.4146.1983.pdf,high,minor,,curated_task3,certification_not_determined
IS 2099:1986,IS 2099:1986,2099,,Bushings for Alternating Voltages above 1000 Volts - Specification,"Specification for bushings for alternating voltages above 1000 volts used on transformers, switchgear and instrument transformers, covering rated voltage and current, insulation levels, temperature rise, partial discharge and dielectric tests, mechanical loads, and marking of high voltage bushings. Requested for ingestion by the Task 2 Batch 02 audit as a companion standard for substation equipment.",curated_verified,True,Electrical Insulators,IS 2099:1986,derived_from_year,1986,Not determined,,not_assessed,,,,https://law.resource.org/pub/in/bis/S05/is.2099.1986.pdf,high,minor,,curated_task3,certification_not_determined
IS 14756:2000,IS 14756:2000,14756,,Stainless Steel Utensils - Specification,"Specification for stainless steel utensils used for cooking, serving and storage of food, covering the grades of stainless steel permitted, thickness of sheet, dimensions and capacity, finish, freedom from sharp edges, corrosion resistance test, and marking of utensils. Covered by a Quality Control Order making conformity and the Standard Mark mandatory.",curated_verified,True,Kitchenware,IS 14756:2000,derived_from_year,2000,BIS Product Certification,True,public_knowledge,,Stainless steel utensils QCO - Standard Mark required under Scheme-I,https://www.bis.gov.in/wp-content/uploads/2024/07/Requiremnts-for-various-firms.pdf,https://www.bis.gov.in/wp-content/uploads/2024/07/Requiremnts-for-various-firms.pdf,high,none,,curated_task3,
IS 10322-1:2014,IS 10322 (Part 1) : 2014,10322,1,Part 1 : 2014: Luminaires Part 1 General Requirements and Tests,Part 1 : 2014: Luminaires Part 1 General Requirements and Tests,title_fallback,False,Electrical,IS 10322-1:2014,derived_from_year,2014,Not determined,,not_assessed,,,,https://archive.org/details/gov.in.is.10322.1.2014,low,blocker,,part2_gap_fill;archive_org_scope,part2_corpus_gap_fill;scope_equals_title;scope_too_short (11 words);certification_not_determined;missing_amendment_count
IS 10322-2:1982,IS 10322 (Part 2) : 1982,10322,2,"Luminaires, Part 2: Constructional Requirements","Luminaires, Part 2: Constructional Requirements",title_fallback,False,Electrical,IS 10322-2:1982,derived_from_year,1982,Not determined,,not_assessed,,,,https://archive.org/details/gov.in.is.10322.2.1982,low,blocker,,part2_gap_fill;archive_org_scope,part2_corpus_gap_fill;scope_equals_title;scope_too_short (5 words);certification_not_determined;missing_amendment_count
IS 10322-3:1984,IS 10322 (Part 3) : 1984,10322,3,"Luminaires, Part 3: Screw and Screwless Terminals (Superseding IS 6585)","1.1 This standard ( Part 3 ) specifies the requirements of screw and screwless terminals and their electrical connections for luminaires for use with tungsten filament, tubular fluorescent and other discharge lamps on supply voltages not exceeding 1 000 V. 1.2 In the case of screwless terminals the standard specifies requirements, excluding dimensions, for all types of terminals and electrical connections which do not employ screws, for solid or stranded copper conductors up to 2*5 mm^, for internal wiring of luminaires and for connections to external wiring of luminaires. 1.3 Examples of screw terminals are shown in Fig. 1 to 5. 1.4 Examples of screwless terminals are shown in Fig. 6 to 8.",scraped,True,Electrical,IS 10322-3:1984,derived_from_year,1984,Not determined,,not_assessed,,,,https://archive.org/details/gov.in.is.10322.3.1984,medium,minor,,part2_gap_fill;archive_org_scope,part2_corpus_gap_fill;certification_not_determined;missing_amendment_count
IS 10322-4:1984,IS 10322 (Part 4) : 1984,10322,4,"Luminaires, Part 4: Methods of Tests","l.X This standard ( Part 4 ) covers the methods of tests applicable to luminaires for use with tungsten filament, tubular fluorescent and other discharge lamps on supply voltage not exceeding 1 000 V.",scraped,True,Electrical,IS 10322-4:1984,derived_from_year,1984,Not determined,,not_assessed,,,,https://archive.org/details/gov.in.is.10322.4.1984,medium,minor,,part2_gap_fill;archive_org_scope,part2_corpus_gap_fill;certification_not_determined;missing_amendment_count
IS 16102-1:2012,IS 16102 (Part 1) : 2012,16102,1,"Self - Ballasted LED Lamps for General Lighting Services, Part 1: Safety Requirements","This standard (Part 1) specifies the safety and interchangeabihty requirements, together with the test methods and conditions, required to show compliance of LED lamps with integrated means for stable operation (self-ballasted LED lamps), intended for domestic and similar general lighting purposes, having, a) a rated wattage up to 60 W; b) a rated voltage of d.c. supplies up to 250 V or a.c. supplies up to 1 000 V at 50 Hz; and c) caps according to Table 1 . Recommendations for batch testing are given in Annex C of IS 16103 (Part 1) : 2012 'LED modules for general lighting: Part 1 Safety requirements'. NOTES 1 Where in this standard the term ""lamp(s)"" is used, it is understood to stand for ""self-ballasted LED lamp(s)"", except where it is obviously assigned to other types of lamps. 2 Higher wattage lamp is under consideration. Annex A provides an overview of systems composed of LED system and control gear.",scraped,True,Electrical,IS 16102-1:2012,derived_from_year,2012,Not determined,,not_assessed,,,,https://archive.org/details/gov.in.is.16102.1.2012,medium,minor,,part2_gap_fill;archive_org_scope,part2_corpus_gap_fill;certification_not_determined;missing_amendment_count
IS 16102-2:2017,IS 16102 (Part 2) : 2017,16102,2,Part 2 : 2017: Self - Ballasted LED Lamps for General Lighting Services Part 2 Performance Requirements (First Revision),"This standard (Part 2) specifies the performance requirements, together with the test methods and conditions, required to show compliance of LED lamps with integral means for stable operation, intended for domestic and similar general lighting purposes, having: a) arated power from 1 W to 25 W; b) a rated voltage above 50 V ac up to and including 250 V ac at 50 Hz; c) alampcapas listed in IS 16102 (Part 1): “Self ballasted LED lamps for general lighting services: Part 1 Safety requirements’. These performance requirements are additional to the safety requirements specified in IS 16102 (Part 1). The only feature provided by this standard, when applied for replacement purposes, is information on maximum lamp outlines. The requirements of this standard relate to acceptance and type testing. This standard covers LED lamps that intentionally produce white light, based on inorganic LEDs. This standard does not cover self-ballasted LED-lamps that intentionally produce tinted or coloured light neither does it covers OLEDs. The life time of LED lamps is in most cases much longer than the practical test times. Consequently, verification of manufacturer’s life time claims cannot be made ina sufficiently confident way, because projecting test data further in time is not standardized. For that reason the acceptance or rejection of a manufacturer’s life time claim, past an operational time as stated in 7.1, is out of the scope of this standard. Instead of life time validation, this standard has opted for lumen maintenance codes at a defined finite test time. Therefore, the code number does not imply a prediction of achievable life time. The categories, represented by the code, are lumen-depreciation character categories showing behaviour in agreement with manufacturer’s information, provided before the test is started. In order to validate a life time claim, several methods of test data extrapolation exist. A general method of projecting measurement data beyond limited test time is under consideration. The pass/fail criterion of the life time test as defined in this standard is different from the life time metrics claimed by manufacturers. NOTES 1 When lamps are operated in a luminaire, the claimed performance data can deviate from the values established from this standard due to variation or changes in the luminaire components that might impact the performance of the lamp. 2 Higher wattage lamps are under consideration. It can be expected that self-ballasted LED lamps, which comply with this standard will start and operate satisfactorily at voltages between 90 percent and 110 percent of rated supply voltage and at an ambient air temperature between -10°C and 40°C and in a luminaire complying with IS 10322 (Part 1). If the manufacturer or the responsible vendor claims suitability for operation at different conditions, for instance, at higher voltage, temperature or humidity then lamps shall start and operate satisfactorily under claimed different conditions and the same shall be verified by tests.",scraped,True,Electrical,IS 16102-2:2017,derived_from_year,2017,Not determined,,not_assessed,,,,https://archive.org/details/gov.in.is.16102.2.2017,medium,minor,,part2_gap_fill;archive_org_scope,part2_corpus_gap_fill;certification_not_determined;missing_amendment_count
IS 1944-6:1981,IS 1944 (Part 6) : 1981,1944,6,"Code of practice for lighting of public thoroughfare, Part 6: Lighting for towns and city centres and areas of civic importance (Group E)","Code of practice for lighting of public thoroughfare, Part 6: Lighting for towns and city centres and areas of civic importance (Group E)",title_fallback,False,Electrical Installation,IS 1944-6:1981,derived_from_year,1981,Not determined,,not_assessed,,,,https://archive.org/details/gov.in.is.1944.6.1981,low,blocker,,part2_gap_fill;archive_org_scope,part2_corpus_gap_fill;scope_equals_title;certification_not_determined;missing_amendment_count
IS 2190:2010,IS 2190 : 2010,2190,,"SELECTION, INSTALLATION AND MAINTENANCE OF FIRST-AID FIRE EXTINGUISHERS — CODE OF PRACTICE","This standard lays down recommendations for selection, installation, maintenance and testing of first- aid fire extinguishers. NOTE — The water, carbon dioxide mechanical foam fire extinguishers of capacity 50 litre and above are termed as mobile extinguishers in the Indian Standards which have been formulated; however, for the purpose of this standard these as well as all other types of trolley mounted extinguisher will be treated under general classification of fire extinguishers.",scraped,True,Safety & PPE,IS 2190:2010,derived_from_year,2010,Not determined,,not_assessed,,,,https://archive.org/details/gov.in.is.2190.2010,medium,minor,,part2_gap_fill;archive_org_scope,part2_corpus_gap_fill;certification_not_determined;missing_amendment_count
IS 15683:2018,IS 15683 : 2018,15683,,Portable Fire Extinguishers — Performance and Construction — Specification ( First Revision ),"This standard lays down requirements for performance, reliability and safety of portable fire extinguishers of the following types : a) Water based; b) Foam based; c) Powders — ABC/BC/D Type; d) Carbon dioxide; e) Clean agents; and f) Water mist type.",scraped,True,Safety & PPE,IS 15683:2018,derived_from_year,2018,Not determined,,not_assessed,,,,https://archive.org/details/gov.in.is.15683.2018,medium,minor,,part2_gap_fill;archive_org_scope,part2_corpus_gap_fill;certification_not_determined;missing_amendment_count
IS 908:1975,IS 908 : 1975,908,,"Specification for Fire Hydrant, Stand Post Type","1.1 This standard lays down the requirements regarding materials, shape and dimensions, construction and test for fire hydrant, stand post type, used for taking water from underground pipe line for fire fighting purposes. 'Rules for rounding off numerical values ( rms$d ) . 3 IS 1 908 -1975",scraped,True,Safety & PPE,IS 908:1975,derived_from_year,1975,Not determined,,not_assessed,,,,https://archive.org/details/gov.in.is.908.1975,medium,minor,,part2_gap_fill;archive_org_scope,part2_corpus_gap_fill;certification_not_determined;missing_amendment_count
IS 9798:2013,IS 9798 : 2013,9798,,Low Pressure Regulators for Use with Liquefied Petroleum Gas (LPG) Mixtures,"This standard specifies materials, construction, performance and testing requirements for low pressure single or two stage regulators for use with liquefied petroleum gas mixtures in vapour phase up to 4.903 kN/m? [50gf/ cm? or 500 mm water column (WC)] outlet pressure. NOTE — Low pressure is considered to be any pressure below 6.894 kN/m? (70.3gf/cm?). Domestic and commercial appliances normally operate at gas pressure of 2.942 kN/m? (30 gf/cm? or 300 mm water column).",scraped,True,Gas Cylinders,IS 9798:2013,derived_from_year,2013,Not determined,,not_assessed,,,,https://archive.org/details/gov.in.is.9798.2013,medium,minor,,part2_gap_fill;archive_org_scope,part2_corpus_gap_fill;certification_not_determined;missing_amendment_count
IS 12701:1996,IS 12701 : 1996,12701,,rotational moulded polyethylene water storage tanks,"1.1 This standard covers the requirements of materials, dimensions construction, shape, workmanship, performance requirements and inspection and testing of rotational moulded polyethylene water storage tanks with a nominal service temperature from +1°C to +50°C 1.1.1 These tanks are not meant for undergroumd applications. 1.2 This standard is applicable only to water storage tanks subjected to the following two conditions: a) Own hydrostatic head of water, and b) Tank w>th uniform flat base support. 1.3 This standard does not cover mobile water tanks and horizontal cylinderical water tanks.",scraped,True,Water & Environment,IS 12701:1996,derived_from_year,1996,Not determined,,not_assessed,,,,https://archive.org/details/gov.in.is.12701.1996,medium,minor,,part2_gap_fill;archive_org_scope,part2_corpus_gap_fill;certification_not_determined;missing_amendment_count
IS 4985:2021,IS 4985 : 2021,4985,,UNPLASTICIZED PVC PIPES FOR POTABLE WATER SUPPLIES SPECIFICATION Fourth Revision,"1.1 This standard covers requirements for plain as well as socket-ended pipes, including those for use with elastomeric sealing rings, for potable water supplies. 1.1.1 The standard also cover pipes for agricultural use. 1.2 This standard does not cover unplasticized PVC pipes for use in suction and delivery lines of agricultural pumps, which have been covered in IS 12231. 1.3 The pipes covered in this standard are not suitable for use as casing pipes in tube wells. Such pipes are covered in IS 12818.",scraped,True,Water & Environment,IS 4985:2021,derived_from_year,2021,Not determined,,not_assessed,,,,https://archive.org/details/gov.in.is.4985.2021,medium,minor,,part2_gap_fill;archive_org_scope,part2_corpus_gap_fill;certification_not_determined;missing_amendment_count
IS 4984:2016,IS 4984 : 2016,4984,,Polyethylene Pipes for Water Supply - Specification (Fifth Revision),"1.1 This standard lays down the requirements for polyethylene (PE) pipes (mains and service pipes) intended for the conveyance of water for human consumption including raw water prior to treatment and also water for general purpose. 1.2 This standard is applicable for the water supplies with a maximum operating pressure of 2.0 MPa. 1.3 An operating temperature of 27°C has been taken as the reference temperature. 1.4 The reference temperature of 20°C for 50 years of continuous stress is considered for the minimum required strength (MRS) of polyethylene base resin. To enable an operating water temperature of 27°C, the design stress has been accordingly corrected (see Table 1 and corresponding Notes). The standard also provides pressure reduction coefficients for water temperatures higher than 20°C and other than 27°C so as to calculate the maximum allowable operating pressure at those temperatures. 1.5 This standard does not purport to give guidelines for designing and dimensioning of pipe lines.",scraped,True,Water & Environment,IS 4984:2016,derived_from_year,2016,Not determined,,not_assessed,,,,https://archive.org/details/gov.in.is.4984.2016,medium,minor,,part2_gap_fill;archive_org_scope,part2_corpus_gap_fill;certification_not_determined;missing_amendment_count
IS 4926:2003,IS 4926 : 2003,4926,,Code of Practice Ready-Mixed Concrete,"This standard covers the requirements for the production and supply of ready-mixed concrete. It does not cover the placing, compaction, curing or protection of concrete after delivery.",scraped,True,Cement & Construction,IS 4926:2003,derived_from_year,2003,Not determined,,not_assessed,,,,https://archive.org/details/gov.in.is.4926.2003,medium,minor,,part2_gap_fill;archive_org_scope,part2_corpus_gap_fill;certification_not_determined;missing_amendment_count
IS 1726:1991,IS 1726 : 1991,1726,,cast iron manhole covers and frames,"1.1 The standard lays down basic and perform- ance requirements for manhole covers and frames in cast-iron, intended for use in drainage and water works.",scraped,True,Water & Environment,IS 1726:1991,derived_from_year,1991,Not determined,,not_assessed,,,,https://archive.org/details/gov.in.is.1726.1991,medium,minor,,part2_gap_fill;archive_org_scope,part2_corpus_gap_fill;certification_not_determined;missing_amendment_count
IS 14286:2010,IS 14286 : 2010,14286,,Crystalline Silicon Terrestrial Photovoltaic (PV) modules - Design Qualification And Type Approval,Crystalline Silicon Terrestrial Photovoltaic (PV) modules - Design Qualification And Type Approval,title_fallback,False,Electrical,IS 14286:2010,derived_from_year,2010,Not determined,,not_assessed,,,,https://archive.org/details/gov.in.is.14286.2010,low,blocker,,part2_gap_fill;archive_org_scope,part2_corpus_gap_fill;scope_equals_title;scope_too_short (12 words);certification_not_determined;missing_amendment_count
IS 2189:2008,IS 2189 : 2008,2189,,"Selection, Installation and Maintenance of Automatic Fire Detection and Alarm System Code of Practice","1.1 This standard covers the planning, design, selection, installation and maintenance of tire detection and alarm systems. It is applicable to simple systems with a few manual call points as well as to complex installations comprising addressable control and indicating panel, non-addressable detectors, manual call points, control and indication panels. It covers systems capable of providing signals to initiate, in the event of a fire, the operation of ancillary services, such as fire extinguishing systems and other necessary precautions but it does not cover the ancillary services. It covers tire detection and alarm system installed in buildings of different types including those installed in industries. 1.2 This standard covers minimum level of protection. Nothing in this standard prevents to install systems designed for higher degree of protection, for special risks, etc.",scraped,True,Safety & PPE,IS 2189:2008,derived_from_year,2008,Not determined,,not_assessed,,,,https://archive.org/details/gov.in.is.2189.2008,medium,minor,,part2_gap_fill;archive_org_scope,part2_corpus_gap_fill;certification_not_determined;missing_amendment_count
IS 3646-1:1992,IS 3646 (Part 1) : 1992,3646,1,"Code of practice for interior illumination, Part 1: General requirements and recommendations for welding interiors","This code ( Part 1 ) covers the principles and practice governing good lighting in buildings and relates chiefly to the lighting of 'working areas' in industrial, commercial and public buildings, hospitals and schools.",scraped,True,Electrical Installation,IS 3646-1:1992,derived_from_year,1992,Not determined,,not_assessed,,,,https://archive.org/details/gov.in.is.3646.1.1992,medium,minor,,part2_gap_fill;archive_org_scope,part2_corpus_gap_fill;certification_not_determined;missing_amendment_count
IS 12592:2002,IS 12592 : 2002,12592,,Precast Concrete Manhole Cover and Frame -,This standard covers the requirements for precast steel reinforced cement concrete manhole covers and frames intended for use in sewerage and storm water drainage.,scraped,True,Cement & Construction,IS 12592:2002,derived_from_year,2002,Not determined,,not_assessed,,,,https://archive.org/details/gov.in.is.12592.2002,medium,minor,,part2_gap_fill;archive_org_scope,part2_corpus_gap_fill;certification_not_determined;missing_amendment_count
