id,sno,code,name,address,state,city,pincode,contactPerson,phone,email,validity,scopeUrl,Primary Category,Secondary Categories,Classification Basis,Category Confidence,Category
15,1,8102006,"SIIR, Delhi Shriram Institute For Industrial Research","19-University Road, Delhi 110007, Delhi, North, Delhi, India - 110007",Delhi,Delhi,110007.0,Dr. Laxmi Rawat (Quality Manager),+91 011 35200445,laxmirawat@shriraminstitute.org,"31 Dec, 2026",https://lims.bis.gov.in/home_lab_scope/15/,General / Multi-sector,,Name/metadata heuristic,Low,General / Multi-sector
16,2,8138306,"Testtex India Laboratories Private Limited, Noida","C - 57, Sector - 65, Noida, Gautam Buddha Nagar, Uttar Pradesh, India - 201301",Uttar Pradesh,Noida,201301.0,Amit Tiwari (Quality Manager),+91 7303 919463,labsindianoida@testtex.com,"31 Dec, 2029",https://lims.bis.gov.in/home_lab_scope/16/,General / Multi-sector,,Name/metadata heuristic,Low,General / Multi-sector
18,3,6126316,"Intertek India Private Limited (Food Services), Hyderabad","Plot No D-53, IDA, Phase-1, Jeedimetla,Qutubullapur Mandal, hyderabad, Medchal Malkajgiri, Telangana, India - 500055",Telangana,Hyderabad,500055.0,gandla krishnaiah,9912463921,gandla.krishnaiah@intertek.com,"18 Mar, 2028",https://lims.bis.gov.in/home_lab_scope/18/,Food & Agriculture,,Name/address metadata heuristic,Medium,Food & Agriculture
19,4,8125636,"Kailtech Test and Research Centre Pvt. Ltd., Indore","141C, Electronic Complex Industrial Area, Indore, Indore, Madhya Pradesh, India - 452010",Madhya Pradesh,Indore,452010.0,,,contact@kailtech.net,"18 Dec, 2027",https://lims.bis.gov.in/home_lab_scope/19/,Electrical & Electronics,,Name/address metadata heuristic,Low,Electrical & Electronics
48,5,6130526,"REACT COMPLIANCE AND TESTING LABORATORIES LLP, BENGALURU","#3411, 3rd floor, Service Road, Vijayanagar, BENGALURU, Bengaluru Urban, Karnataka, India - 560040",Karnataka,Bengaluru,560040.0,Praveen Krishnan (Technical Manager),+91 9845716746,info@react-labs.com,"10 Mar, 2027",https://lims.bis.gov.in/home_lab_scope/48/,General / Multi-sector,,Name/metadata heuristic,Low,General / Multi-sector
49,6,6133516,"CVR LABS PRIVATE LIMITED, CHENNAI","Dignity Centre, II Floor No 21 Abdulrazack Street, Saidapet, Chennai, Chennai, Tamil Nadu, India - 600015",Tamil Nadu,Chennai,600015.0,S ParveenBanu (Technical Manager),+91 9500121387,bala@cvrlabs.com,"05 Apr, 2028",https://lims.bis.gov.in/home_lab_scope/49/,General / Multi-sector,,Name/metadata heuristic,Low,General / Multi-sector
51,7,9139736,"Sleen India Biz venture Private Limited, Agra","RAHANKALAN ROAD, PART 295, BLOCK-A KUBERPUR, 300 METER FROM RAILWAY CROSSING CHALESHAR ROAD, Agra, Uttar Pradesh, India, 282006, Agra, Agra, Uttar Pradesh, India - 282006",Uttar Pradesh,Agra,282006.0,Pawan Senger (Technical Manager),+91 8193022228,sleen.info@gmail.com,-,https://lims.bis.gov.in/home_lab_scope/51/,Construction & Cement,,Name/address metadata heuristic,Low,Construction & Cement
53,8,7139526,"SUNREN TELECOM LABORATORY, NAVI MUMBAI","C-475, MIDC Pavane, Navi Mumbai, Navi Mumbai, Thane, Maharashtra, India - 400705",Maharashtra,Mumbai,400705.0,Rekha Patel (Quality Manager),+91 22 24055281,sunil@sunren.net,"15 Mar, 2027",https://lims.bis.gov.in/home_lab_scope/53/,Telecom & Communication,,Name/address metadata heuristic,Low,Telecom & Communication
54,9,8163826,"SWASTIK ELECTRONICS TESTING CENTRE (OPC) PVT. LTD., GHAZIABAD","Plot No-16, Mainapur Industrial Area, Ghaziabad, Uttar Pradesh 201003, Ghaziabad, Ghaziabad, Uttar Pradesh, India - 201003",Uttar Pradesh,Ghaziabad,201003.0,Ashish Kumar,9311299492,head@swastiktestingcentre.com,"15 May, 2028",https://lims.bis.gov.in/home_lab_scope/54/,Electrical & Electronics,Mechanical & Engineering,Name/address metadata heuristic,Low,Electrical & Electronics
55,10,9136024,"National Research and Technology Consortium (NRTC), Parwanoo","HPCED Building, Department of industries complex, Sector-1, Parwanoo, Solan, Himachal Pradesh, India - 173220",Himachal Pradesh,Solan,173220.0,Dr Kiran Gupta (Quality Manager),+91 1792 234107,nrtcpwn@gmail.com,"10 Apr, 2029",https://lims.bis.gov.in/home_lab_scope/55/,Construction & Cement,,Name/address metadata heuristic,Low,Construction & Cement
58,11,8125006,"Ghaziabad Testing Laboratories Pvt Ltd, Ghaziabad","AO 150 Amrit Steel Compound South Side GT Road Industrial Area Ghaziabad (UP), Ghaziabad (UP), Ghaziabad, Uttar Pradesh, India - 201001",Uttar Pradesh,Ghaziabad,201001.0,Tej Krishen Saraf (Quality Manager),+91 9891067223,gtaslab@yahoo.com,"30 Sep, 2027",https://lims.bis.gov.in/home_lab_scope/58/,Metal & Metallurgy,,Name/address metadata heuristic,Low,Metal & Metallurgy
59,12,8112814,"FOOTWEAR DESIGN AND DEVELOPMENT INSTITUTE (FDDI), NOIDA","A-10/A GAUTAM BUDDTH NAGAR SECTOR 24 NOIDA, NOIDA, Gautam Buddha Nagar, Uttar Pradesh, India - 201301",Uttar Pradesh,Noida,201301.0,Mr. Rajesh Mishra,9718303177,rajeshmishra@fddiindia.com,"31 May, 2028",https://lims.bis.gov.in/home_lab_scope/59/,Textile & Leather,,Name/address metadata heuristic,Low,Textile & Leather
60,13,7136414,"NDDB CALF LIMITED, ANAND","Anand, Gujarat, Anand, Anand, Gujarat, India - 388001",Gujarat,Gujarat,388001.0,P Rohith Kumar,9726425080,prohith@nddbcalf.com,"31 Dec, 2029",https://lims.bis.gov.in/home_lab_scope/60/,Food & Agriculture,,Name/address metadata heuristic,Low,Food & Agriculture
61,14,8135716,"FARE Labs Pvt. Ltd., Gurugram","L-17/3, DLF PHASE-II, IFFCO CHOWK, M.G.ROAD, GURUGRAM, Gurugram, Haryana, India - 122002",Haryana,Gurugram,122002.0,,+91 9289351688,farelabs@farelabs.com,"09 Mar, 2029",https://lims.bis.gov.in/home_lab_scope/61/,General / Multi-sector,,Name/metadata heuristic,Low,General / Multi-sector
62,15,8138426,"Nemko India (Test Lab) Pvt. Ltd., Faridabad","Plot No 193, Sector 68, IMT Faridabad, Faridabad, Faridabad, Haryana, India - 121004",Haryana,Faridabad,121004.0,Kavita Dagar (Quality Manager),+91 9810629447,satish.sankhyan@nemko.com,"31 Dec, 2029",https://lims.bis.gov.in/home_lab_scope/62/,General / Multi-sector,,Name/metadata heuristic,Low,General / Multi-sector
63,16,9135004,National Institute of secondary steel technology,"Post Box No. 92, GT Road, Sirhind Side, Opposite Floating restaurant, MANDI GOBINDGARH, Fatehgarh Sahib, Punjab, India - 147301",Punjab,Mandi Gobindgarh,147301.0,ANIL MOHINDRU (Quality Manager),+91 9815904568,info@nisst.org,"24 Oct, 2028",https://lims.bis.gov.in/home_lab_scope/63/,Metal & Metallurgy,,Name/address metadata heuristic,Low,Metal & Metallurgy
64,17,9134536,Unique Test House LLP,"VILLAGE:-SARSINI, PO:-LALRU, MOHALI, S.A.S Nagar, Punjab, India - 140501",Punjab,Mohali,140501.0,SANJEEV KUMAR (Technical Manager),+91 9896169971,,"07 Sep, 2028",https://lims.bis.gov.in/home_lab_scope/64/,General / Multi-sector,,Name/metadata heuristic,Low,General / Multi-sector
65,18,9126034,"Institute for Auto Parts and Hand Tools Technology, Ludhiana","A-9, Phase-V, Focal Point, Ludhiana, Ludhiana, Ludhiana, Punjab, India - 141010",Punjab,Ludhiana,141010.0,Dr. Sanjeev Katoch,8427262400,iatldh@iapht.org,"17 Feb, 2028",https://lims.bis.gov.in/home_lab_scope/65/,Automotive,Mechanical & Engineering,Name/address metadata heuristic,Low,Automotive
67,19,8166106,"Cotecna Inspection India Private Limited, Gurugram","Plot No-306, Udyog Vihar, Phase-2, Gurugram, Haryana, Gurugram, Gurugram, Haryana, India - 122016",Haryana,Gurugram,122016.0,Jitender Dagar,9560271290,jitender.dagar@cotecna.co.in,-,https://lims.bis.gov.in/home_lab_scope/67/,General / Multi-sector,,Name/metadata heuristic,Low,General / Multi-sector
69,20,5123116,"Modern Test Center, Berhampur","3rd lane Neelanchal Nagar, Berhampur, Ganjam, Odisha, India - 760010",Odisha,Odisha,760010.0,,9437358552 7848843034,moderntestcenter@gmail.com,"31 May, 2029",https://lims.bis.gov.in/home_lab_scope/69/,General / Multi-sector,,Name/metadata heuristic,Low,General / Multi-sector
70,21,9164606,"JBS TESTING SOLUTIONS PVT LTD (27), JALANDHAR","PLOT NO. 27, STREET NO. 2, ADJOINING FOCAL POINT ROAD, TRANSPORT NAGAR, JALANDHAR, PUNJAB, JALANDHAR, Jalandhar, Punjab, India - 144004",Punjab,Jalandhar,144004.0,Varun Sharma (Technical Manager),+91 0181 2601629,jbstestingsolutions@gmail.com,-,https://lims.bis.gov.in/home_lab_scope/70/,General / Multi-sector,,Name/metadata heuristic,Low,General / Multi-sector
71,22,9123236,"IDMA LABORATORIES LIMITED, PANCHKULA","PLOT NO. 391 INDUSTRIAL AREA PHASE 1, PANCHKULA, Panchkula, Haryana, India - 134113",Haryana,Haryana,134113.0,Mr. Ankush Aggarwal,9888002607,testing@idmagroup.co.in,"31 Dec, 2026",https://lims.bis.gov.in/home_lab_scope/71/,General / Multi-sector,,Name/metadata heuristic,Low,General / Multi-sector
72,23,5137936,"Quality Control Division, S. M. Consultants Private Limited, Bhubaneswar","S. M. Tower, Plot No.- 130, Mancheswar Industrial Estate, Po.- Rasulgarh, Bhubaneswar, Khordha, Odisha, India - 751010",Odisha,Bhubaneswar,751010.0,Mr. Suvendu Mohanty (Quality Manager),+91 8908215859,md@smcindia.com,"31 Dec, 2026",https://lims.bis.gov.in/home_lab_scope/72/,General / Multi-sector,,Name/metadata heuristic,Low,General / Multi-sector
73,24,9111924,"THE NATIONAL SMALL INDUSTRIES CORPORATION LIMITED, TECHNICAL SERVICES CENTRE - NSIC, Rajpura","D/82-83, FOCAL POINT, RAJPURA, PATIALA, PUNJAB, RAJPURA, Patiala, Punjab, India - 140401",Punjab,Patiala,140401.0,Saurabh Sharma,9999020660,ntsec.rjp@nsic.co.in,"31 Dec, 2026",https://lims.bis.gov.in/home_lab_scope/73/,General / Multi-sector,,Name/metadata heuristic,Low,General / Multi-sector
74,25,7126926,"Hi Physix Laboratory India Private Limited, Pune","B-32/1/2, MIDC, Industrial Area, Ranjangaon, Pune, Pune, Pune, Maharashtra, India - 412220",Maharashtra,Pune,412220.0,K. K. Jayaswal,8552003805,infohplindia@bureauveritas.com,"20 Jun, 2028",https://lims.bis.gov.in/home_lab_scope/74/,General / Multi-sector,,Name/metadata heuristic,Low,General / Multi-sector
75,26,8135126,"Classic Instrumentation Pvt. Ltd. (8135126), Noida","C-45, SECTOR-65, Noida, Gautam Buddha Nagar, Uttar Pradesh, India - 201301",Uttar Pradesh,Noida,201301.0,HARSHIL SHARMA,9810285868,info@classiclabindia.com,"23 Oct, 2028",https://lims.bis.gov.in/home_lab_scope/75/,General / Multi-sector,,Name/metadata heuristic,Low,General / Multi-sector
76,27,5109624,"ELECTRONICS REGIONAL TEST LABORATORY (EAST) - ERTL (STQC), Kolkata","BLOCK-DN-63 ;SECTOR-V;SALT LAKE CITY KOLKATA-700 091., KOLKATA, 24 PARAGANAS NORTH, West Bengal, India - 700091",West Bengal,Kolkata,700091.0,Mita Das (Technical Manager),+91 9830786241,ertleast@stqc.gov.in,-,https://lims.bis.gov.in/home_lab_scope/76/,Construction & Cement,Electrical & Electronics,Name/address metadata heuristic,Low,Construction & Cement
77,28,7131116,"HITECHLAB HEALTHCARE &amp; RESEARCH CENTRE LLP, AHMEDABAD","201-202, Sahaj Arcade, Opp. Lincoln Healthcare, Near Sola gam, Science city road, Ahmedabd, Ahmedabad, Ahmadabad, Gujarat, India - 380060",Gujarat,Ahmedabad,380060.0,Rajesh Patel (Quality Manager),+91 9099971265,hitechlabindia@gmail.com,"01 Jun, 2027",https://lims.bis.gov.in/home_lab_scope/77/,General / Multi-sector,,Name/metadata heuristic,Low,General / Multi-sector
78,29,7107604,"National Test House (WR) - NTH, Mumbai","Plot No. F - 10, MIDC , Andheri (E), Mumbai, Mumbai Suburban, Maharashtra, India - 400093",Maharashtra,Mumbai,400093.0,Dilip Gwra Basumatary,6900181066,director.nthwr-ca@gov.in,-,https://lims.bis.gov.in/home_lab_scope/78/,General / Multi-sector,,Name/metadata heuristic,Low,General / Multi-sector
79,30,6130616,"ENVIRONMENTAL LABORATORY (UNIT OF MINERAL ENGINEERING SERVICES LLP), BENGALURU","948, 2ND CROSS, ST. THOMAS TOWN POST, KAMMANAHALLI MAIN ROAD,KAMMANAHALLI, BENGALURU, Bengaluru Urban, Karnataka, India - 560084",Karnataka,Bengaluru,560084.0,V.B Sudha (Quality Manager),+91 9742147954,elbng@yahoo.com,"20 Apr, 2027",https://lims.bis.gov.in/home_lab_scope/79/,Mechanical & Engineering,Mining & Minerals; Environmental & Water,Name/address metadata heuristic,Medium,Mechanical & Engineering
80,31,7119404,"MSME TESTING CENTRE (WR), MUMBAI","MSME-DI campus, Kurla - Andheri road, Sakinaka,, Mumbai, Mumbai Suburban, Maharashtra, India - 400072",Maharashtra,Mumbai,400072.0,Shri Manoj Kumar,8587030740,dctc-wr@dcmsme.gov.in,-,https://lims.bis.gov.in/home_lab_scope/80/,Mechanical & Engineering,,Name/address metadata heuristic,Low,Mechanical & Engineering
82,32,8131026,"Alpha Test House Private Limited, Delhi","487/25, Near Prachin Shiv Mandir Peeragarhi, DELHI, New Delhi, Delhi, India - 110087",Delhi,Delhi,110087.0,Ravinder Gupta,9711227171,electrical@alphatesthouse.com,-,https://lims.bis.gov.in/home_lab_scope/82/,General / Multi-sector,,Name/metadata heuristic,Low,General / Multi-sector
84,33,9122136,"Hindustaan Testing Solutions LLP, Ambala","Plot No. 36,Sector 1, HSIIDC IGC Saha, Ambala Cantt, Ambala Cantt, Ambala, Haryana, India - 133104",Haryana,Ambala,133104.0,Rachna Nayar,9355002828,hindustaantesthouse@gmail.com,"12 Sep, 2028",https://lims.bis.gov.in/home_lab_scope/84/,General / Multi-sector,,Name/metadata heuristic,Low,General / Multi-sector
85,34,8141526,"EMC Testing and Compliance LLP, Gurugram","115, Pace City-1, Sector 37, Gurugram, Gurugram, Haryana, India - 122001",Haryana,Gurugram,122001.0,Pradeep Kumar (Quality Manager),+91 8130427070,info@emclab.co.in,"19 Jul, 2027",https://lims.bis.gov.in/home_lab_scope/85/,General / Multi-sector,,Name/metadata heuristic,Low,General / Multi-sector
86,35,8127226,"UL India Private limited, Gurgaon","A-12 Sector 34 Infocity, Gurugram, Gurugram, Haryana, India - 122001",Haryana,Gurugram,122001.0,Gautam Brahmbhatt (Quality Manager),+91 9560249888,Satish.Kumar@ul.com,"07 Aug, 2028",https://lims.bis.gov.in/home_lab_scope/86/,General / Multi-sector,,Name/metadata heuristic,Low,General / Multi-sector
88,36,9138706,"Alpha Test House Services LLP (160), Sahibzada Ajit Singh Nagar","plot no.160,Industrial Area Phase-9, Sahibzada Ajit Singh Nagar, S.A.S Nagar, Punjab, India - 160062",Punjab,Punjab,160062.0,Aditya Singla(CEO),9888717272,chandigarh@alphatesthouse.com,"31 Dec, 2029",https://lims.bis.gov.in/home_lab_scope/88/,General / Multi-sector,,Name/metadata heuristic,Low,General / Multi-sector
90,37,6131326,"CSA INDIA PRIVATE LIMITED, BENGALURU","A-3 III FLOOR, BEARYS GRT, TOWER A EINSTEIN BUILDING SY 63/3B, GORVIGERE BIDARHALLI HOBLI, BENGALURU (BANGALORE) URBAN,, Bengaluru, Bengaluru Urban, Karnataka, India - 560067",Karnataka,Bengaluru,560067.0,,+91 9900056802,harsh.juneja@csagroup.org,"08 Jun, 2027",https://lims.bis.gov.in/home_lab_scope/90/,Construction & Cement,,Name/address metadata heuristic,Low,Construction & Cement
91,38,8123835,"Fire Test &amp; Research Laboratory, Sonipat","9th Milestone, Sonipat-Gohana Road, VPO Rattangarh, NH-352A,, Sonipat, Sonipat, Haryana, India - 131001",Haryana,Sonipat,131001.0,Rahul Chhillar (Quality Manager),+91 011 42831112,info@ftrl.in,"31 Dec, 2026",https://lims.bis.gov.in/home_lab_scope/91/,Safety & Protective Equipment,,Name/address metadata heuristic,Low,Safety & Protective Equipment
92,39,8136826,"URS PRODUCTS AND TESTING PVT LTD (F3), NOIDA","F-3, Sector - 6, Noida, Gautam Buddha Nagar, Uttar Pradesh, India - 201301",Uttar Pradesh,Noida,201301.0,Neeraj Rathee (Quality Manager),+91 9871062220,testing@ursindia.com,"31 Dec, 2026",https://lims.bis.gov.in/home_lab_scope/92/,General / Multi-sector,,Name/metadata heuristic,Low,General / Multi-sector
93,40,8122336,Shri Krishna Test House,"Plot No 88, Sector -E, Bawana-II, DSIIDC Industrial complex New Delhi, Delhi, Shahdara, Delhi, India - 110040",Delhi,Delhi,110040.0,Sunil Kumar Talwar,9891112786,skth1234@gmail.com,"05 Oct, 2028",https://lims.bis.gov.in/home_lab_scope/93/,General / Multi-sector,,Name/metadata heuristic,Low,General / Multi-sector
94,41,6120526,"UL INDIA PRIVATE LIMITED, BENGALURU","Loc 1&amp;2-Kalyani Platina Campus, Sy. no 129/4, EPIP Zone, Phase II, Whitefield, Bangalore- 560066, Loc3- 30/A, I Stage Vishveshwarya Industrial Estate, Doddanekkundi Industrial Area, Bangalore - 560048, Bangalore, Bengaluru Urban, Karnataka, India - 560066",Karnataka,Bengaluru,560066.0,Nandakumar Sarangan,9845225164,sarangan.nandakumar@ul.com,"12 May, 2027",https://lims.bis.gov.in/home_lab_scope/94/,General / Multi-sector,,Name/metadata heuristic,Low,General / Multi-sector
95,42,9137734,"Renewable Energy Test Centre (RTC), Murthal","Deenbandhu Chhotu Ram University of Science &amp; Technology Murthal, Murthal, Sonipat, Haryana, India - 131039",Haryana,Sonipat,131039.0,Dheeraj Yadav (Quality Manager),+91 9416810043,retcdcrust@gmail.com,"31 Dec, 2026",https://lims.bis.gov.in/home_lab_scope/95/,General / Multi-sector,,Name/metadata heuristic,Low,General / Multi-sector
98,43,8127706,"BUREAU VERITAS CONSUMER PRODUCTS SERVICES INDIA PRIVATE LIMITED, NOIDA","C-19, Sector -7, Noida, Gautam Buddha Nagar, Uttar Pradesh, India - 201301",Uttar Pradesh,Noida,201301.0,Sudhir Singh,9910985361,sudhir.singh@bureauveritas.com,"31 Dec, 2029",https://lims.bis.gov.in/home_lab_scope/98/,General / Multi-sector,,Name/metadata heuristic,Low,General / Multi-sector
99,44,8141226,"ACCURATE TEST SOLUTIONS LLP (F21), NOIDA","F 21 SECTOR 11 NOIDA 201301, NOIDA, Gautam Buddha Nagar, Uttar Pradesh, India - 201301",Uttar Pradesh,Noida,201301.0,Sanchit Trehan,9810820552,,"04 Jul, 2027",https://lims.bis.gov.in/home_lab_scope/99/,General / Multi-sector,,Name/metadata heuristic,Low,General / Multi-sector
100,45,6162524,"CSIR-CECRI, CSIR-Battery Performance Testing &amp; Evalauation Centre, Karaikudi","CSIR-CECRI, KARAIKUDI, KARAIKUDI, Sivaganga, Tamil Nadu, India - 630003",Tamil Nadu,Tamil Nadu,630003.0,Sundar mayavan,7598446281,sundarmayavan@cecri.res.in,"24 Sep, 2027",https://lims.bis.gov.in/home_lab_scope/100/,Electrical & Electronics,,Name/address metadata heuristic,Low,Electrical & Electronics
101,46,6105534,"Br. MSME- DEVELOPMENT INSTITUTE, COIMBATORE","386, Patel Road, Ramnagar, Coimbatore – 641009, Tamil Nadu, India., COIMBATORE, Coimbatore, Tamil Nadu, India - 641009",Tamil Nadu,Coimbatore,641009.0,Sabarigiri M (Technical Manager),9487163288,brdcdi-coim@dcmsme.gov.in,"14 Jan, 2028",https://lims.bis.gov.in/home_lab_scope/101/,General / Multi-sector,,Name/metadata heuristic,Low,General / Multi-sector
103,47,5141106,"ESKAPS (INDIA) PRIVATE LIMITED, KOLKATA","13 N/P, Chowringhee Mansion, 30, Jawaharlal Nehru Road., KOLKATA, Kolkata, West Bengal, India - 700016",West Bengal,Kolkata,700016.0,LABA KUMAR DAS (LAB HEAD),8802588515,certification@eskaps.net,"08 Jul, 2027",https://lims.bis.gov.in/home_lab_scope/103/,General / Multi-sector,,Name/metadata heuristic,Low,General / Multi-sector
104,48,6117624,"ELECTRONICS TEST AND DEVELOPMENT CENTRE - ETDC (STQC), BANGALURU (SAFETY LAB))","100 feet Road, Peenya IndustriaL Area, Bengaluru, Bengaluru Urban, Karnataka, India - 560058",Karnataka,Bengaluru,560058.0,V R Sarur,9480050731,vrsarur@stqc.gov.in,"31 Dec, 2026",https://lims.bis.gov.in/home_lab_scope/104/,Electrical & Electronics,Safety & Protective Equipment,Name/address metadata heuristic,Low,Electrical & Electronics
105,49,6114835,"National Council for Cement and Building Materials (NCCBM), Hyderabad","NCB Bhavan, Old Bombay Road, Near Raidarga Police Station, Gachibowli, Hyderabad - 500104., Hyderabad, Ranga Reddy, Telangana, India - 500104",Telangana,Hyderabad,500104.0,Suresh Vanguri (Quality Manager),+91 0129 4192222,ncbhcrt@rediffmail.com,"14 Aug, 2027",https://lims.bis.gov.in/home_lab_scope/105/,Construction & Cement,,Name/address metadata heuristic,Medium,Construction & Cement
106,50,6120236,"CHENNAI METTEX LAB PVT LTD, CHENNAI","Jothi Complex, No.83, MKN Road, Guindy, CHENNAI, Chennai, Tamil Nadu, India - 600122",Tamil Nadu,Chennai,600122.0,Mrs.J. Hemalatha (Quality Manager),+91 9841078949,test@mettexlab.com,"02 Feb, 2027",https://lims.bis.gov.in/home_lab_scope/106/,General / Multi-sector,,Name/metadata heuristic,Low,General / Multi-sector
107,51,7139416,"Bee Pharmo Labs Pvt. Ltd., Thane","C-2, Hatkesh Udyog Nagar, Mira Bhayander Road, Mira Road (East), Thane, Thane, Maharashtra, India - 401107",Maharashtra,Thane,401107.0,Nidhi Dubey (Technical Manager),+91 9820113704,food@beepharmo.com,"15 Mar, 2027",https://lims.bis.gov.in/home_lab_scope/107/,General / Multi-sector,,Name/metadata heuristic,Low,General / Multi-sector
108,52,7139026,"TUV INDIA PVT LTD, PUNE","TUV India Pvt. Ltd. ANJANI PALLADIUM, 203 &amp; 204, SECOND FLOOR AND MEZZANINE FLOOR, 104B, SURVEY NO.126/1, BANER MAIN ROAD, BANER., PUNE, Pune, Maharashtra, India - 411045",Maharashtra,Pune,411045.0,RAVIRAJ PADOL,9561652667,praviraj@tuv-nord.com,"31 Dec, 2029",https://lims.bis.gov.in/home_lab_scope/108/,General / Multi-sector,,Name/metadata heuristic,Low,General / Multi-sector
109,53,6121716,"Shiva Analyticals (India) Private Limited, Bengaluru","Plot Nos. 24D(P) &amp; 34D, KIADB Industrial Area, Hoskote, Bangalore, Bengaluru Rural, Karnataka, India - 562114",Karnataka,Bengaluru,562114.0,BALACHANDRAN G (Technical Manager),+91 9741621119,sathyamoorthy.m@shivaanalyticals.com,"21 Apr, 2028",https://lims.bis.gov.in/home_lab_scope/109/,General / Multi-sector,,Name/metadata heuristic,Low,General / Multi-sector
110,54,8123735,"International Centre for Automotive Technology, Gurugram","Plot No. 26, Sector-3, HSIIDC, IMT Manesar - 122050, Gurugram, Gurugram, Haryana, India - 122050",Haryana,Gurugram,122050.0,PRITAM SINGH,9871365588,pritam.singh@icat.in,"31 Dec, 2026",https://lims.bis.gov.in/home_lab_scope/110/,Automotive,,Name/address metadata heuristic,Low,Automotive
111,55,9140406,"KC INDIA TEST LABORATORIES LLP, GHAZIABAD","A-16/2, Site-IV, Sahibabad Industrial Area, Ghaziabad, Ghaziabad, Uttar Pradesh, India - 201010",Uttar Pradesh,Ghaziabad,201010.0,RASHMI BHARDWAJ (Quality Manager),+91 9599880265,kcitestlab@gmail.com,"06 Jun, 2027",https://lims.bis.gov.in/home_lab_scope/111/,General / Multi-sector,,Name/metadata heuristic,Low,General / Multi-sector
112,56,8134626,CONFORMITY TESTING LABS PVT LTD (WH52),"WH-52, Mayapuri Industrial Area, Phase-1, New Delhi, South West, Delhi, India - 110064",Delhi,Delhi,110064.0,Mr. J.K Dhawan Dhawan (Quality Manager),+91 9811127453,cto@labctl.in,"19 Sep, 2028",https://lims.bis.gov.in/home_lab_scope/112/,General / Multi-sector,,Name/metadata heuristic,Low,General / Multi-sector
113,57,8141826,"Star Wire (India) Laboratories Private Ltd., Ballabhgarh","21/4, Mathura Road, ballabgarh, Faridabad, Haryana, India - 121004",Haryana,Faridabad,121004.0,Harish Garg (Quality Manager),+91 011 43397400,swdc06@starwire.in,"17 Sep, 2027",https://lims.bis.gov.in/home_lab_scope/113/,Electrical & Electronics,,Name/address metadata heuristic,Low,Electrical & Electronics
115,58,6126416,"NAWaL Analytical Labs India Private Limited, Hosur","Plot No:98A,100,109, New SIDCO Industrial Estate,Srinagar, HOSUR, Krishnagiri, Tamil Nadu, India - 635109",Tamil Nadu,Hosur,635109.0,D BALAKRISHNAN,9894785841,ecogreen.labs@gmail.com,"21 Mar, 2028",https://lims.bis.gov.in/home_lab_scope/115/,General / Multi-sector,,Name/metadata heuristic,Low,General / Multi-sector
117,59,8139626,Conformity Testing Labs Pvt. Ltd. Unit 2 (A33),"A-33, Mayapuri Industrial Area, Phase 1, New Delhi, New Delhi, New Delhi, Delhi, India - 110064",Delhi,Delhi,110064.0,Reenu Gupta (Quality Manager),+91 7840889997,qa@labctl.in,"05 Apr, 2027",https://lims.bis.gov.in/home_lab_scope/117/,General / Multi-sector,,Name/metadata heuristic,Low,General / Multi-sector
118,60,7123316,"MicroChem Silliker Pvt. Ltd, Navi Mumbai","MicroChem Silliker Pvt. Ltd. D-87, Opp Khajanji Exports, Indiranagar, TTC Industrial Area, MIDC Turbhe, Navi Mumbai, Turbhe, Navi Mumbai, Thane, Maharashtra, India - 400703",Maharashtra,Mumbai,400703.0,Nikisha Raut (Quality Manager),+91 7045924393,jeetendra.patil@mxns.com,"31 Dec, 2026",https://lims.bis.gov.in/home_lab_scope/118/,General / Multi-sector,,Name/metadata heuristic,Low,General / Multi-sector
120,61,8101304,"National Test House (NR) - NTH, Ghaziabad","Kamla Nehru Nagar,Ghaziabad, Ghaziabad, Ghaziabad, Uttar Pradesh, India - 201002",Uttar Pradesh,Ghaziabad,201002.0,Shri Rajesh Kumar,9412223381,director-gzb@nth.gov.in,-,https://lims.bis.gov.in/home_lab_scope/120/,General / Multi-sector,,Name/metadata heuristic,Low,General / Multi-sector
122,62,5126636,SUNTECH,"40-P, TUPUDANA INDUSTRIAL AREA, RANCHI, Ranchi, Jharkhand, India - 834003",Jharkhand,Ranchi,834003.0,ANIL D. HANS,9304172295,sun.tech.lab@gmail.com,"11 Apr, 2028",https://lims.bis.gov.in/home_lab_scope/122/,General / Multi-sector,,Name/metadata heuristic,Low,General / Multi-sector
123,63,6135404,"The National Small Industries Corporation Ltd (NSIC), Chennai","NSIC Technical Services Centre (A Government of India Enterprise), Sector B-24, Guindy Industrial Estate, Ekkaduthangal, Chennai-600 032., CHENNAI, Chennai, Tamil Nadu, India - 600032",Tamil Nadu,Chennai,600032.0,NK SUBRAMANI,9840912079,ntscche@nsic.co.in,-,https://lims.bis.gov.in/home_lab_scope/123/,General / Multi-sector,,Name/metadata heuristic,Low,General / Multi-sector
124,64,6126126,"TUV Rheinland (India) Pvt. Ltd (6126126), Bengaluru","TUV Rheinland (India) Pvt. Ltd. 27/B,2nd Cross Road, Electronic City Phase-1, Bangalore, Bengaluru, Bengaluru Rural, Karnataka, India - 560100",Karnataka,Bengaluru,560100.0,Guruprasad BR,9620288803,guruprasad.br@ind.tuv.com,"17 Feb, 2028",https://lims.bis.gov.in/home_lab_scope/124/,Electrical & Electronics,,Name/address metadata heuristic,Low,Electrical & Electronics
125,65,8116816,Arbro Pharmaceuticals Private Limited,"4/9, Kirti Nagar Industrial Area, New Delhi, Delhi, New Delhi, Delhi, India - 110015",Delhi,Delhi,110015.0,Mr. Ashu Kumar (Technical Manager),+91 9650095867,arbrolab@arbropharma.com,"14 Jan, 2029",https://lims.bis.gov.in/home_lab_scope/125/,General / Multi-sector,,Name/metadata heuristic,Low,General / Multi-sector
126,66,9127026,DELHI TEST HOUSE (50) KUNDLI SONIPAT,"PLOT NO 50 phase IV sector 57 hsiidc industrial area kundli, Sonipat, Sonipat, Haryana, India - 131028",Delhi,Delhi,131028.0,Dhruv Rohilla (Technical Manager),+91 11 47075555,ag@delhitesthouse.com,"23 Jun, 2028",https://lims.bis.gov.in/home_lab_scope/126/,General / Multi-sector,,Name/metadata heuristic,Low,General / Multi-sector
127,67,5135906,"Excel Surveyors Pvt. Ltd., Kolkata","F-171, Prabartak Jute Mills Ltd., Gate No. 4, Old Nimta Road, , Kolkata-700 058, Kolkata, 24 PARAGANAS NORTH, West Bengal, India - 700058",West Bengal,Kolkata,700058.0,Jagadish Chandra Taraphdar (Quality Manager),+91 9825121860,sudip@excelsurveyor.com,"31 Dec, 2026",https://lims.bis.gov.in/home_lab_scope/127/,Textile & Leather,,Name/address metadata heuristic,Low,Textile & Leather
128,68,6132316,"SMS Labs Services Private Limited, Chennai","# 39/6, T.H. Road, Puduchatram, Thirumazhisai (Via), Poonamallee – Tk, Chennai, Tiruvallur, Thiruvallur, Tamil Nadu, India - 600124",Tamil Nadu,Chennai,600124.0,Balaji S (Quality Manager),+91 44 26811662,sm@smsla.in,"08 Oct, 2027",https://lims.bis.gov.in/home_lab_scope/128/,General / Multi-sector,,Name/metadata heuristic,Low,General / Multi-sector
129,69,6108016,"Bureau Veritas (India) Pvt Ltd, Chennai","No. F2, Thiru – Vi – Ka Industrial Estate, Phase III, Ekkattuthangal, Guindy, chennai, Chennai, Tamil Nadu, India - 600032",Tamil Nadu,Chennai,600032.0,Suresh R (Technical Manager),+91 9600090754,qachennaimail@bureauveritas.com,"31 Jul, 2029",https://lims.bis.gov.in/home_lab_scope/129/,General / Multi-sector,,Name/metadata heuristic,Low,General / Multi-sector
130,70,6108116,"BUREAU VERITAS INDIA TESTING SERVICES PVT LTD, HYDERABAD","7-2-C7 &amp; 8/4 SANATHNAGAR INDUSTRIAL ESTATE, HYDERABAD, Hyderabad, Telangana, India - 500018",Telangana,Hyderabad,500018.0,Balasubramaniam K K (Technical Manager),+91 7760522141,deepika.p@bureauveritas.com,"31 Mar, 2027",https://lims.bis.gov.in/home_lab_scope/130/,General / Multi-sector,,Name/metadata heuristic,Low,General / Multi-sector
132,71,6104634,"CIPET, Chennai","TVK industrial area,Guindy, chennai, Chennai, Tamil Nadu, India - 600032",Tamil Nadu,Chennai,600032.0,UDHAYAMALAR S (Quality Manager),+91 9480442963,cipetchnptc@gmail.com,"31 Mar, 2027",https://lims.bis.gov.in/home_lab_scope/132/,"Plastic, Rubber & Polymer",,Name/address metadata heuristic,Low,"Plastic, Rubber & Polymer"
134,72,7124016,"FHHL PRIVATE LIMITED, PUNE","Survey No. 126/10, Plot No. 1,Hadapsar Industrial Estate, Hadapsar, Pune, Pune, Maharashtra, India - 411013",Maharashtra,Pune,411013.0,,+91 8380074694,info@fhhl.in,"31 Dec, 2026",https://lims.bis.gov.in/home_lab_scope/134/,General / Multi-sector,,Name/metadata heuristic,Low,General / Multi-sector
135,73,5163604,"Central institute of Petrochemicals Engineering &amp; Technology (CIPET), Raipur","PLOT NO 48, INDUSTRIAL ARE BHANPURI, BHANPURI, Raipur, Raipur, Chhattisgarh, India - 493221",Chhattisgarh,Raipur,493221.0,Dr Alok Sahu (Quality Manager),+91 44 22254780,cipetraipur@gmail.com,"25 Apr, 2028",https://lims.bis.gov.in/home_lab_scope/135/,Mechanical & Engineering,"Plastic, Rubber & Polymer",Name/address metadata heuristic,Medium,Mechanical & Engineering
137,74,8165826,"AA Electro Magnetic Laboratory Pvt Ltd, Gurugram","Plot174, udyog vihar, phase 4, Gurgaon, Gurugram, Haryana, India - 122015",Haryana,Gurugram,122015.0,Aishwarya sharma (Quality Manager),+91 8929173840,info@aaemtlabs.com,"24 Sep, 2026",https://lims.bis.gov.in/home_lab_scope/137/,General / Multi-sector,,Name/metadata heuristic,Low,General / Multi-sector
138,75,6139316,"VSIX ANALYTICAL LABS PVT LTD, BENGALURU","#77,21st D cross, Muthurayaswamy Layout,Shrigandhakaval,Sunkadakatte, Bangalore, Bengaluru Urban, Karnataka, India - 560091",Karnataka,Bengaluru,560091.0,Kesavakumar Kamath N (Technical Manager),+91 9972300136,qc@vsixlabs.in,"18 Mar, 2027",https://lims.bis.gov.in/home_lab_scope/138/,General / Multi-sector,,Name/metadata heuristic,Low,General / Multi-sector
139,76,8166516,"FARE Labs Pvt. Ltd. (8166516), Gurugram","D-18 Infocity Phase II, Sector-33, GURUGRAM, Gurugram, Haryana, India - 122001",Haryana,Gurugram,122001.0,,+91 9313532519,meenakshi.tripathi@farelabs.com,"25 Nov, 2026",https://lims.bis.gov.in/home_lab_scope/139/,General / Multi-sector,,Name/metadata heuristic,Low,General / Multi-sector
140,77,7115716,"Geo-Chem Laboratories Private Limited, Mumbai","Pragati, adjacent to Crompton Greaves, Kanjurmarg (East), Mumbai - 400042, Mumbai, Mumbai, Maharashtra, India - 400042",Maharashtra,Mumbai,400042.0,P. Suresh Babu,9930068601,laboratory@geochem.net.in,"31 Dec, 2026",https://lims.bis.gov.in/home_lab_scope/140/,Chemical & Petrochemical,,Name/address metadata heuristic,Low,Chemical & Petrochemical
141,78,7119116,"Maarc Labs Private Limited, Pune","Survey No. 169, Sinhagad Road, Nanded Phata Pune, Maharashtra-411041, Pune, Pune, Maharashtra, India - 411041",Maharashtra,Pune,411041.0,,+91 9372411814,maarclabs.pune@gmail.com,"31 Dec, 2026",https://lims.bis.gov.in/home_lab_scope/141/,General / Multi-sector,,Name/metadata heuristic,Low,General / Multi-sector
142,79,6139834,"CIPET, Madurai","SIDCO Industrial Estate, Adjacent to Post office, K Pudur, Madurai-625007, Madurai, Madurai, Tamil Nadu, India - 625007",Tamil Nadu,Madurai,625007.0,,+91 44 22254780,cipetmdutesting@gmail.com,"22 May, 2027",https://lims.bis.gov.in/home_lab_scope/142/,"Plastic, Rubber & Polymer",,Name/address metadata heuristic,Low,"Plastic, Rubber & Polymer"
143,80,7106935,"The Automotive Research Association of India (ARAI), Kothrud, Pune","Survey no.102,Vetal hill,off Paud road,Kothrud, Pune, Pune, Maharashtra, India - 411038",Maharashtra,Pune,411038.0,Praveen Dambal (Quality Manager),+91 9422008185,director@araiindia.com,"11 Jan, 2028",https://lims.bis.gov.in/home_lab_scope/143/,Automotive,,Name/address metadata heuristic,Low,Automotive
144,81,9102534,"CIPET, Lucknow","B-27 Amausi Industrial Area Nadarganj Lucknow, Luknow, Lucknow, Uttar Pradesh, India - 226008",Uttar Pradesh,Lucknow,226008.0,Vivek Kumar (Quality Manager),+91 7052009477,cipetlko2@gmail.com,"31 Dec, 2026",https://lims.bis.gov.in/home_lab_scope/144/,"Plastic, Rubber & Polymer",,Name/address metadata heuristic,Low,"Plastic, Rubber & Polymer"
145,82,6141334,"CIPET, Vijayawada","SY NO. 377, Surampalli (V), Gannavaram (M), Krishna Dist., VIJAYAWADA, Krishna, Andhra Pradesh, India - 521212",Andhra Pradesh,Vijayawada,521212.0,Dr. CH SHEKAR (Quality Manager),+91 7077573905,vijayawada@cipet.gov.in,"06 Jun, 2027",https://lims.bis.gov.in/home_lab_scope/145/,"Plastic, Rubber & Polymer",,Name/address metadata heuristic,Low,"Plastic, Rubber & Polymer"
147,83,8134206,"Atharva Laboratories Pvt. Ltd. (D115A), Noida (8134206)","D-115 A, Hosiery Complex, Phase-II, Noida, Noida, Gautam Buddha Nagar, Uttar Pradesh, India - 201305",Uttar Pradesh,Noida,201305.0,Sandeep Kumar Jindal,7065088001,alplgreaternoida@gmail.com,"21 Jul, 2028",https://lims.bis.gov.in/home_lab_scope/147/,General / Multi-sector,,Name/metadata heuristic,Low,General / Multi-sector
148,84,9100634,"Research &amp; Development Centre for Bicycle and Sewing Machine, Ludhiana","B 38-39, Phase-V, Focal Point,, Ludhiana, Ludhiana, Punjab, India - 141010",Punjab,Ludhiana,141010.0,Rajeev Kumar Sharma,9888012324,bsmcrd@gmail.com,-,https://lims.bis.gov.in/home_lab_scope/148/,Mechanical & Engineering,,Name/address metadata heuristic,Low,Mechanical & Engineering
149,85,9163904,"Central Institute of Petrochemicals Engineering and Technology (CIPET), BADDI","Plot No. 198/201, Inside VRLA Building, Near Biogenetic Pvt. Ltd., Jharmajri, Baddi, Baddi, Solan, Himachal Pradesh, India - 173205",Himachal Pradesh,Baddi,173205.0,Dr. U.P. Singh (Quality Manager),+91 8829039100,baddicipet@gmail.com,"16 May, 2028",https://lims.bis.gov.in/home_lab_scope/149/,Mechanical & Engineering,"Plastic, Rubber & Polymer; Construction & Cement",Name/address metadata heuristic,Medium,Mechanical & Engineering
150,86,7130916,"Ashwamedh Engineers &amp; Consultants Laboratory Services Division, Nashik","Survey No.102, Plot No.26, Wadala Pathardi Road, Indira Nagar, NASHIK, Nashik, Maharashtra, India - 422009",Maharashtra,Nashik,422009.0,Ulka Belan (Quality Manager),+91 9325385516,aparna@ashwamedh.net,-,https://lims.bis.gov.in/home_lab_scope/150/,Mechanical & Engineering,,Name/address metadata heuristic,Low,Mechanical & Engineering
152,87,7123534,"CIPET: CSTS, CHHATRAPATI SAMBHAJINAGAR","Plot No. J-3/2, MIDC Industrial Area, Chikalthana, Jalgaon Road, Chhatrapati Sambhajinagar, Aurangabad, Maharashtra, India - 431006",Maharashtra,Chhatrapati Sambhajinagar,431006.0,Kirankumar V. Koli (Quality Manager),8602677054,aurangabad@cipet.gov.in,"31 Dec, 2029",https://lims.bis.gov.in/home_lab_scope/152/,"Plastic, Rubber & Polymer",,Name/address metadata heuristic,Low,"Plastic, Rubber & Polymer"
155,88,7137016,"Gujarat Testlab Private Limited, Ahmedabad","F-16,17 Madhavpura Market, Nr. Police Commissioner Office, Shahibaug,, Ahmedabad, Ahmadabad, Gujarat, India - 380004",Gujarat,Ahmedabad,380004.0,Krishna Amin (Quality Manager),+91 9825615647,gujlab@gmail.com,"31 Dec, 2029",https://lims.bis.gov.in/home_lab_scope/155/,General / Multi-sector,,Name/metadata heuristic,Low,General / Multi-sector
156,89,8165726,IEC TEST LABS LLP,"Ground Floor, Plot No. N-47, Pkt-N, Sector-5, Bawana, DSIDC, Delhi-110039, Delhi, North West, Delhi, India - 110039",Delhi,Delhi,110039.0,MANISH JADON,9871727340,iectestlabs@gmail.com,"07 Sep, 2029",https://lims.bis.gov.in/home_lab_scope/156/,General / Multi-sector,,Name/metadata heuristic,Low,General / Multi-sector
157,90,7124116,"Anacon Laboratories Pvt. Ltd, Nagpur","FP 34-35, Food Park, Five Star Estate, MIDC Butibori, Nagpur, Nagpur, Nagpur, Maharashtra, India - 441122",Maharashtra,Nagpur,441122.0,Sugandha Garway (Quality Manager),+91 9823167077,labngp@anacon.in,"15 Dec, 2029",https://lims.bis.gov.in/home_lab_scope/157/,Food & Agriculture,,Name/address metadata heuristic,Low,Food & Agriculture
159,91,6132626,"SGS INDIA PRIVATE LIMITED, BENGALURU","No 38/1 and 38/2, New BBMP, No.88/45/45, Beretena Agrahara Begur Hobli, Hosur Main Road, Bangalore-560100, Bengaluru, Bengaluru Urban, Karnataka, India - 560100",Karnataka,Bengaluru,560100.0,Rajesh,9513642187,rajesh.sp@sgs.com,"17 Nov, 2027",https://lims.bis.gov.in/home_lab_scope/159/,General / Multi-sector,,Name/metadata heuristic,Low,General / Multi-sector
160,92,6102906,"Vimta labs Limited, Hyderabad","Plot No.5, M N Park (Formerly Alexandria Knowledge Park) Genome Valley, Shameerpet, Hyderabad, Medchal Malkajgiri, Telangana, India - 500101",Telangana,Hyderabad,500101.0,Dr Muni Nagendra Prasad,9121009302,muni.poola@vimta.com,"31 Mar, 2028",https://lims.bis.gov.in/home_lab_scope/160/,General / Multi-sector,,Name/metadata heuristic,Low,General / Multi-sector
161,93,8141726,"Bharti Automation Pvt. Ltd.(A Testing Division), Gurugram","Plot no. 354,Sector-7, IMT Manesar, Gurgaon, Gurgaon, Gurugram, Haryana, India - 122050",Haryana,Gurugram,122050.0,Jyoti Singh (Quality Manager),+91 9711337466,ashok@bhartiautomation.com,"05 Aug, 2027",https://lims.bis.gov.in/home_lab_scope/161/,General / Multi-sector,,Name/metadata heuristic,Low,General / Multi-sector
162,94,7108424,"Electronics Regional Test Laboratory (West) - ERTL (STQC), Mumbai","Government of India, Ministry of Electronics and Information Technology, Plot no. F-7&amp;8, MIDC Area, Opp. SEEPZ, Andheri(East), Mumbai-400093, MUMBAI, Mumbai Suburban, Maharashtra, India - 400093",Maharashtra,Mumbai,400093.0,Chaitanya Athawale,9869258557,cathawale@stqc.gov.in,"31 Dec, 2026",https://lims.bis.gov.in/home_lab_scope/162/,Electrical & Electronics,,Name/address metadata heuristic,Low,Electrical & Electronics
163,95,9140626,"Aforeserve Labs Private Limited, Gurugram","Plot no 138, Sector-7, IMT Manesar, Gurugram, Gurugram, Gurugram, Haryana, India - 122051",Haryana,Gurugram,122051.0,Prakash Chandra Barik (Technical Manager),+91 8448749120,helpdesk@aforeserve.co.in,"06 Jun, 2027",https://lims.bis.gov.in/home_lab_scope/163/,General / Multi-sector,,Name/metadata heuristic,Low,General / Multi-sector
164,96,7165436,"DARSHAN ELECTRICAL TESTING AND RESEARCH LABORATORY (DETRL), RAJKOT","At, Hadala, Rajkot - Morbi Highway, Nr. Water Sump, Rajkot - 363650, Rajkot, Rajkot, Gujarat, India - 363650",Gujarat,Rajkot,363650.0,Anil Kansagara (Quality Manager),+91 9824451162,detrl@darshan.ac.in,"09 Aug, 2029",https://lims.bis.gov.in/home_lab_scope/164/,Electrical & Electronics,Environmental & Water,Name/address metadata heuristic,Low,Electrical & Electronics
165,97,8165026,"Atharva Laboratories Pvt. Ltd. (C-54), Noida","C-54, Hosiery Complex, Phase-II, Noida-201305, Noida, Gautam Buddha Nagar, Uttar Pradesh, India - 201305",Uttar Pradesh,Noida,201305.0,Savita Jindal,9315142851,atharvalaboratories2@gmail.com,-,https://lims.bis.gov.in/home_lab_scope/165/,General / Multi-sector,,Name/metadata heuristic,Low,General / Multi-sector
166,98,6164216,"Vimta Labs Limited, Bengaluru","1047, 18th C Main Rd, 5th Block, Rajajinagar, Bengaluru, Karnataka 560010, Bangalore, Bengaluru Urban, Karnataka, India - 560010",Karnataka,Bengaluru,560010.0,Syed Mahammad Rasool,9100094273,syed.rasool@vimta.com,"15 Oct, 2025",https://lims.bis.gov.in/home_lab_scope/166/,Construction & Cement,,Name/address metadata heuristic,Low,Construction & Cement
168,99,7120616,"Envirocare Labs Pvt Ltd, Thane","A7-A8 Enviro House, MIDC Main Road, Wagle Industrial Estate, Thane., Thane, Thane, Maharashtra, India - 400604",Maharashtra,Thane,400604.0,Soumya Nair,9167232042,soumya.n@envirocare.co.in,-,https://lims.bis.gov.in/home_lab_scope/168/,General / Multi-sector,,Name/metadata heuristic,Low,General / Multi-sector
169,100,8118116,"Cali Labs Private Limited, Bhopal","Khasra No. 11/1/1/1/2/2, Infront of Govt. School Lambakheda, Berasia Road, Bhopal, Bhopal, Bhopal, Madhya Pradesh, India - 462038",Madhya Pradesh,Bhopal,462038.0,Mr. Siddharth Tulse (Technical Manager),+91 0755 4013281,calilabs@gmail.com,"31 May, 2027",https://lims.bis.gov.in/home_lab_scope/169/,General / Multi-sector,,Name/metadata heuristic,Low,General / Multi-sector
170,101,8100924,"CENTRAL POWER RESEARCH INSTITUTE (CPRI), BHOPAL","GOVINDPURA, BHOPAL, Bhopal, Madhya Pradesh, India - 462023",Madhya Pradesh,Bhopal,462023.0,DR. ARUN KUMAR DATTA (Quality Manager),+91 080 23602919,stds@cpri.in,"30 Jun, 2027",https://lims.bis.gov.in/home_lab_scope/170/,General / Multi-sector,,Name/metadata heuristic,Low,General / Multi-sector
171,102,9134736,"Mananda Test House, Derabassi","Dhanauni Road (Near Lord Mahavir Jain Public School), Derabassi, Mohali, Punjab, Derabassi, S.A.S Nagar, Punjab, India - 140507",Punjab,Mohali,140507.0,,9988336323,mth17@rediffmail.com,"02 Oct, 2028",https://lims.bis.gov.in/home_lab_scope/171/,General / Multi-sector,,Name/metadata heuristic,Low,General / Multi-sector
172,103,9140226,Nextron International Lab Private Limited,"G-45, Pocket-C, Sector-4, Bawana, North West, Delhi, India - 110039",Delhi,Delhi,110039.0,Gaurav Gulia,8437033522,gulia.gaurav@yahoo.com,-,https://lims.bis.gov.in/home_lab_scope/172/,General / Multi-sector,,Name/metadata heuristic,Low,General / Multi-sector
173,104,8131406,"DELHI TEST HOUSE, Azadhpur","A-62/3, G T KARNAL ROAD INDUSTRIAL AREA, OPPOSITE HANS CINEMA, AZADPUR, DELHI 110033, Delhi, North, Delhi, India - 110033",Delhi,Delhi,110033.0,Dinesh Goel,9810442016,info@delhitesthouse.com,"17 Jun, 2027",https://lims.bis.gov.in/home_lab_scope/173/,General / Multi-sector,,Name/metadata heuristic,Low,General / Multi-sector
174,105,9138006,DELHI TEST HOUSE (A Unit of Delhii Test House Global LLP) (65) KUNDLI-2 SONIPAT,"Plot 65, Phase IV, Sector-57, HSIIDC Industrial Area, Kundli, Sonipat-131028, Haryana., SONIPAT, Sonipat, Haryana, India - 131028",Delhi,Delhi,131028.0,DINESH GOEL,+91 11 47075555,rohit@delhitesthouse.com,"31 Dec, 2029",https://lims.bis.gov.in/home_lab_scope/174/,General / Multi-sector,,Name/metadata heuristic,Low,General / Multi-sector
175,106,8138626,Matrix Test Labs,"PLOT NO 28 BADLI INDUSTRIAL AREA, delhi, New Delhi, Delhi, India - 110042",Delhi,Delhi,110042.0,VINEET KR. (Technical Manager),+91 9560422022,matrixtestlab@gmail.com,"31 Dec, 2029",https://lims.bis.gov.in/home_lab_scope/175/,General / Multi-sector,,Name/metadata heuristic,Low,General / Multi-sector
176,107,5127516,EDWARD FOOD RESEARCH &amp; ANALYSIS CENTRE LIMITED,"SUBHAS NAGAR, NILGUNJ BAZAR, BARASAT, KOLKATA- 700121, Kolkata, 24 PARAGANAS NORTH, West Bengal, India - 700121",West Bengal,Kolkata,700121.0,SURESH KUMAR MANDAL (Quality Manager),+91 33 66333939,efraclab@efrac.org,"07 Oct, 2028",https://lims.bis.gov.in/home_lab_scope/176/,Food & Agriculture,,Name/address metadata heuristic,Low,Food & Agriculture
179,108,8133016,"Saturn Quality Certifications Pvt.Ltd., Bahadurgarh","V-17,Modern Industrial Estate (M.I.E). Red Cross Road, Bahadurgarh, Haryana – 124 507, Bahadurgarh, Jhajjar, Haryana, India - 124507",Haryana,Bahadurgarh,124507.0,Dr. Smriti Babbar (Quality Manager),+91 9212190099,lab@saturngroupindia.com,"03 Feb, 2028",https://lims.bis.gov.in/home_lab_scope/179/,General / Multi-sector,,Name/metadata heuristic,Low,General / Multi-sector
183,109,9137826,Bharat Test House Pvt Ltd 781 Sonipat Haryana,"781, HSIIDC Rai Industrial Estate, Sonipat, Sonipat, Haryana, India - 131029",Haryana,Sonipat,131029.0,,+91 9810562215,director@bharattesthouse.com,"31 Dec, 2029",https://lims.bis.gov.in/home_lab_scope/183/,General / Multi-sector,,Name/metadata heuristic,Low,General / Multi-sector
185,110,9135626,Bharat Test House Pvt Ltd 1474 Sonipat Haryana,"1474, HSIIDC Rai Industrial Estate, SONIPAT, Sonipat, Haryana, India - 131029",Haryana,Sonipat,131029.0,,+91 9310314585,bthrai@bharattesthouse.com,"19 Mar, 2029",https://lims.bis.gov.in/home_lab_scope/185/,General / Multi-sector,,Name/metadata heuristic,Low,General / Multi-sector
187,111,7116134,"CIPET, Ahmedabad","Plot No. 630, Phase-IV, GIDC, Vatva,, Ahmedabad, Ahmadabad, Gujarat, India - 382445",Gujarat,Ahmedabad,382445.0,Rajesh Panda (Technical Manager),+91 7229000205,cipetahmd@gmail.com,"31 Dec, 2027",https://lims.bis.gov.in/home_lab_scope/187/,"Plastic, Rubber & Polymer",,Name/address metadata heuristic,Low,"Plastic, Rubber & Polymer"
189,112,9140526,"TUV Rheinland (India) Pvt. Ltd. (417), Gurugram","Plot No. 417, Udyog Vihar, Phase IV, Gurgaon, Gurugram, Haryana, India - 122015",Haryana,Gurugram,122015.0,Praveen Kumar Sharma,8588856255,praveenkumar.sharma@ind.tuv.com,-,https://lims.bis.gov.in/home_lab_scope/189/,General / Multi-sector,,Name/metadata heuristic,Low,General / Multi-sector
190,113,9162826,"Ace Test Labs &amp; Metrology Pvt. Ltd., Sonipat","PLOT NO. 68, HSIIDC, INDUSTRIAL ESTATE,RAI, SONIPAT, Sonipat, Haryana, India - 131029",Haryana,Sonipat,131029.0,Harinder Pal Singh,881692117,info@acetestgroup.com,"14 Nov, 2027",https://lims.bis.gov.in/home_lab_scope/190/,Calibration & Metrology,,Name/address metadata heuristic,Low,Calibration & Metrology
191,114,5102634,CENTRAL INSTITUTE OF PETROCHEMICALS ENGINEERING &amp; TECHNOLOGY (CIPET) : IPT-BHUBANESWAR,"B/25, C.N.I complex, Patia, Bhubaneswar, BHUBANESWAR, Khordha, Odisha, India - 751024",Odisha,Bhubaneswar,751024.0,Dr.Bishnu Prasasd Panda (Technical Manager),+91 7566177001,cipetbbsr@gmail.com,"31 Dec, 2026",https://lims.bis.gov.in/home_lab_scope/191/,Mechanical & Engineering,"Plastic, Rubber & Polymer",Name/address metadata heuristic,Medium,Mechanical & Engineering
192,115,6164516,ABC Techno Labs India Private Limited,"ABC Tower, No.400, 13th Street, SIDCO Industrial Estate - North Phase, Ambattur, Chennai, Tamil Nadu, India - 600098",Tamil Nadu,Chennai,600098.0,A. Robson Chinnadurai (Technical Manager),+91 9600412908,quality@abctechnolab.com,"04 Dec, 2028",https://lims.bis.gov.in/home_lab_scope/192/,General / Multi-sector,,Name/metadata heuristic,Low,General / Multi-sector
193,116,8125516,"INTERTEK INDIA PRIVATE LIMITED FOOD SERVICES, GURUGRAM","Plot No 68 69, Phase I, Udyog Vihar, Gurgaon, Haryana, Gurgaon, Gurugram, Haryana, India - 122016",Haryana,Gurugram,122016.0,Aditi Gupta (Quality Manager),+91 011 41595421,quality.food@intertek.com,"07 Dec, 2027",https://lims.bis.gov.in/home_lab_scope/193/,Food & Agriculture,,Name/address metadata heuristic,Medium,Food & Agriculture
196,117,8167006,"Cosmo Analytical Lab LLP, Noida","C-423, SEC-10, Noida, NOIDA, Gautam Buddha Nagar, Uttar Pradesh, India - 201301",Uttar Pradesh,Noida,201301.0,SHRAWAN KUMAR PANDEY,7985377877,cosmolabs.noida@gmail.com,"13 Jan, 2027",https://lims.bis.gov.in/home_lab_scope/196/,General / Multi-sector,,Name/metadata heuristic,Low,General / Multi-sector
197,118,6111634,"CIPET, Hyderabad","IDA Phase II, Cherlapally, Hyderabad, Medchal Malkajgiri, Telangana, India - 500051",Telangana,Hyderabad,500051.0,Dr. V KIRAN KUMAR,9959333415,cipetptchyd@gmail.com,"23 Feb, 2027",https://lims.bis.gov.in/home_lab_scope/197/,"Plastic, Rubber & Polymer",,Name/address metadata heuristic,Low,"Plastic, Rubber & Polymer"
198,119,7126506,"Testtex India Laboratories Pvt. Ltd., Mumbai","301-304, PREMSON INDUSTRIAL ESTATE, CAVES ROAD, MUMBAI,LOCATION 2 - OFFICE NO.2, TAHIRA IND. COMPOUND (PREMSONS INDUSTRIAL ESTATE COMPOUND), CAVES ROAD, JOGESHWARI (EAST), MUMBAI-400060, MUMBAI, Mumbai, Maharashtra, India - 400060",Maharashtra,Mumbai,400060.0,G. Viswanathan (Quality Manager),+91 9821112271,kunal@testtex.com,-,https://lims.bis.gov.in/home_lab_scope/198/,General / Multi-sector,,Name/metadata heuristic,Low,General / Multi-sector
199,120,8117816,Avon Food Lab Pvt. Ltd.,"C-35/23 lawrence road industrial area, Delhi-110035, New Delhi, North West, Delhi, India - 110035",Delhi,Delhi,110035.0,,+91 9810004270,qm@avonfoodlab.com,"19 Feb, 2027",https://lims.bis.gov.in/home_lab_scope/199/,Food & Agriculture,,Name/address metadata heuristic,Low,Food & Agriculture
201,121,8122904,"National Test House (NWR) - NTH, Jaipur","E 763, ROAD NO. 9F1, VKI AREA, Jaipur, Jaipur, Rajasthan, India - 302013",Rajasthan,Jaipur,302013.0,Shri Sriilayaraj Sounrararajan,9412223386,director-jai@nth.gov.in,"31 Dec, 2026",https://lims.bis.gov.in/home_lab_scope/201/,General / Multi-sector,,Name/metadata heuristic,Low,General / Multi-sector
203,122,6113734,CIPET. MYSURU,"437/A, Hebbal indl. Area, Mysuru, Mysuru, Karnataka, India - 570016",Karnataka,Mysuru,570016.0,R T Nagaralli (Quality Manager),+91 8124489163,ptcmys@gmail.com,"31 Dec, 2026",https://lims.bis.gov.in/home_lab_scope/203/,"Plastic, Rubber & Polymer",,Name/address metadata heuristic,Low,"Plastic, Rubber & Polymer"
205,123,8136626,"Intertek India Private Limited, New Delhi (E-26)","E-26, Block B-1, Mohan Co-Operative Industrial Estate, Mathura Road, Delhi, New Delhi, Delhi, India - 110044",Delhi,Delhi,110044.0,Manas Das (Quality Manager),+91 9820213510,manas.das@intertek.com,"27 Apr, 2029",https://lims.bis.gov.in/home_lab_scope/205/,Construction & Cement,,Name/address metadata heuristic,Low,Construction & Cement
213,124,8161906,"ACE TEST HOUSE PRIVATE LIMITED (8161906), NEW DELHI","khasra No 1048 Near Pepsi Godown, vill- Bhalaswa, New Delhi, North West, Delhi, India - 110033",Delhi,Delhi,110033.0,Ms. Jyoti - (Technical Manager),+91 7042858881,acetesthouse@gmail.com,"26 Aug, 2027",https://lims.bis.gov.in/home_lab_scope/213/,General / Multi-sector,,Name/metadata heuristic,Low,General / Multi-sector
214,125,8141606,"AADCO TESTING &amp; RESEARCH LABORATORY PVT LTD (F28), GHAZIABAD","F 28 BULANDSHAHAR ROAD INDUSTRIAL AREA, GHAZIABAD, Ghaziabad, Uttar Pradesh, India - 201009",Uttar Pradesh,Ghaziabad,201009.0,NK GOEL (Technical Manager),+91 9555443495,aadcolab@gmail.com,"26 Jul, 2027",https://lims.bis.gov.in/home_lab_scope/214/,General / Multi-sector,,Name/metadata heuristic,Low,General / Multi-sector
217,126,9137406,"HTH Laboratories Private Limited, Panipat","Plot No. 50-C, Sector-25, Part-2, HUDA, Panipat, Panipat, Haryana, India - 132103",Haryana,Panipat,132103.0,Deepa Sardana (Quality Manager),+91 9416017160,haryanatesthousecs@gmail.com,"31 Dec, 2026",https://lims.bis.gov.in/home_lab_scope/217/,General / Multi-sector,,Name/metadata heuristic,Low,General / Multi-sector
218,127,8117716,"AES Laboratories Pvt. Ltd., Noida","B-118 Phase 2, Noida, U.P 201305, Noida, Gautam Buddha Nagar, Uttar Pradesh, India - 201305",Uttar Pradesh,Noida,201305.0,Ms. Priyanka Vijay (Quality Manager),+91 9811331569,tqm@aeslabs.com,-,https://lims.bis.gov.in/home_lab_scope/218/,General / Multi-sector,,Name/metadata heuristic,Low,General / Multi-sector
219,128,7161816,"HPCL, Vashi QC Laboratory, Navi Mumbai","HPCL QC LAB, PLOT NO. D-99,, HPCL VASHI TERMINAL,, TURBHE MIDC, NAVI MUMBAI, Thane, Maharashtra, India - 400705",Maharashtra,Mumbai,400705.0,SATISH LIKHAR (Quality Manager),9594110099 9869287114,svlikhar@hpcl.in,"23 Aug, 2027",https://lims.bis.gov.in/home_lab_scope/219/,General / Multi-sector,,Name/metadata heuristic,Low,General / Multi-sector
220,129,5108204,"MICRO, SMALL &amp; MEDIUM ENTERPRISES - TESTING CENTRE (MSME), KOLKATA","111 &amp;112, B. T. ROAD, KOLKATA, 24 PARAGANAS NORTH, West Bengal, India - 700108",West Bengal,Kolkata,700108.0,Maitreyee Talapatra,9433304462,dctc-er@dcmsme.gov.in,-,https://lims.bis.gov.in/home_lab_scope/220/,Mechanical & Engineering,,Name/address metadata heuristic,Low,Mechanical & Engineering
221,130,7101125,"Electrical Research and Development Association, gujurat","ERDA Road, GIDC, Makarpura, Vadodara, VADODARA, Vadodara, Gujarat, India - 390010",Gujarat,Vadodara,390010.0,Mr. Nirav Taunk,9978940719,nirav.taunk@erda.org,"30 Nov, 2028",https://lims.bis.gov.in/home_lab_scope/221/,Electrical & Electronics,,Name/address metadata heuristic,Low,Electrical & Electronics
223,131,6137634,"CIPET, KOCHI","196 A, HIL Colony, Pathalam, Edayar Road,Eloor, Udyogamandal.P.O., Kochi, KOCHI, Ernakulam, Kerala, India - 683501",Kerala,Kochi,683501.0,,+91 8129497182,cipetkochi@gmail.com,"31 Dec, 2026",https://lims.bis.gov.in/home_lab_scope/223/,"Plastic, Rubber & Polymer",,Name/address metadata heuristic,Low,"Plastic, Rubber & Polymer"
224,132,7118234,"ELECTRONICS AND QUALITY DEVELOPMENT CENTRE - EQDC, GANDHINAGAR","B 177/178 &amp; B/23/2, GIDC ELECTRONICS ESTATE, SECTOR 25, Gandhinagar, Gandhinagar, Gujarat, India - 382024",Gujarat,Gandhinagar,382024.0,DIPAK CHAVDA (Quality Manager),+91 9427418080,qm@eqdc.in,"09 Oct, 2027",https://lims.bis.gov.in/home_lab_scope/224/,Electrical & Electronics,,Name/address metadata heuristic,Low,Electrical & Electronics
225,133,6114716,"SGS India Private Limited-Multilaboratory, Chennai","28 B/1 (SP), 28 B/2 (SP), SECOND MAIN ROAD, AMBATTUR INDUSTRIAL ESTATE,, CHENNAI, Chennai, Tamil Nadu, India - 600058",Tamil Nadu,Chennai,600058.0,Dr Pratheeshkumar N,8939992163,ellappan.m@sgs.com,"14 Feb, 2028",https://lims.bis.gov.in/home_lab_scope/225/,General / Multi-sector,,Name/metadata heuristic,Low,General / Multi-sector
226,134,5132706,"SGS INDIA PRIVATE LTD. ( LAB_JOKA), KOLKATA","CS Plot 512p Mouza Hanspukuria PO Joka Diamond Harbour Road South 24parganas, KOLKATA, 24 Paraganas South, West Bengal, India - 700104",West Bengal,Kolkata,700104.0,Anusuya Pakrashi (Quality Manager),9073687624 9831026305,amit.dutta@sgs.com,"08 Dec, 2027",https://lims.bis.gov.in/home_lab_scope/226/,General / Multi-sector,,Name/metadata heuristic,Low,General / Multi-sector
227,135,6124716,"Interfield Laboratories, Kochi","XIII/1208, Interprint House, R K Pillai Road, Karuvelipady, Kochi, Kochi, Ernakulam, Kerala, India - 682005",Kerala,Kochi,682005.0,,+91 484 2210915,qm@ifl.in,"02 Jul, 2027",https://lims.bis.gov.in/home_lab_scope/227/,General / Multi-sector,,Name/metadata heuristic,Low,General / Multi-sector
232,136,5164306,INSPECTION SYNDICATE OF INDIA PVT. LTD.,"ERGO Brilliant Tower Level 10 Unit No. 1002, GP Block Sector- V, Salt Lake, Kolkata, Kolkata, West Bengal, India - 700091",West Bengal,Kolkata,700091.0,T.K. BANERJEE (Quality Manager),+91 033 22307351,isoipl.ho@gmail.com,-,https://lims.bis.gov.in/home_lab_scope/232/,Construction & Cement,,Name/address metadata heuristic,Low,Construction & Cement
233,137,5134116,"KALYANI LABORATORIES PRIVATE LIMITED, BHUBANESWAR","PLOT NO-78/944,Balianta, Pahala, Bhubaneswar, Bhubaneswar, Khordha, Odisha, India - 752101",Odisha,Bhubaneswar,752101.0,PARAMESH JENA (Technical Manager),+91 0674 2974059,kalyanilab@yahoo.co.in,"11 Jul, 2028",https://lims.bis.gov.in/home_lab_scope/233/,General / Multi-sector,,Name/metadata heuristic,Low,General / Multi-sector
236,138,8166826,"ACE TEST LAB PRIVATE LIMITED (8166826), DELHI","Industrial Plot No 69 , Khasra No.54 , Street No. 02 , G.T.K. Road Nangli Poona, New Delhi, North West, Delhi, India - 110036",Delhi,Delhi,110036.0,AJAY YADAV,7879793911,info@acetestlab.com,"07 Jan, 2027",https://lims.bis.gov.in/home_lab_scope/236/,General / Multi-sector,,Name/metadata heuristic,Low,General / Multi-sector
237,139,8136216,"SGS India Pvt Ltd, Gurgaon (8136216)","Plot- 21, Sector- 03, IMT Manesar, Gurugram, Haryana, India - 122050",Haryana,Gurugram,122050.0,SUSHIL SHARMA,9643896348,ashwani.verma@sgs.com,"31 Dec, 2026",https://lims.bis.gov.in/home_lab_scope/237/,General / Multi-sector,,Name/metadata heuristic,Low,General / Multi-sector
238,140,9108716,"Interstellar Testing Centre Pvt. Ltd. (A group company of Qualitek Labs Limited), Panchkula","Plot No. 86 Industrial Area Phase 1, Panchkula, Panchkula, Panchkula, Haryana, India - 134109",Haryana,Haryana,134109.0,Mithun Khandelwal (Technical Manager),+91 8800990919,kamal.grover@itclabs.com,"31 Jul, 2028",https://lims.bis.gov.in/home_lab_scope/238/,Mechanical & Engineering,,Name/address metadata heuristic,Low,Mechanical & Engineering
239,141,8135535,International Centre for Automotive Technology (Centre-2),"Plot No.-1, Sector M-11, HSIIDC, IMT Manesar, Gurugram, Gurugram, Gurugram, Haryana, India - 122050",Haryana,Gurugram,122050.0,Ms. Priyanka Gupta (Quality Manager),+91 0124 4586181,icatcentre2_bis@icat.in,"01 Mar, 2029",https://lims.bis.gov.in/home_lab_scope/239/,Automotive,,Name/address metadata heuristic,Low,Automotive
240,142,8163426,"Sierra Aircon Pvt. Ltd., Gurugram","C-470, Pioneer Indl. Park, P.O. Pathredi, (Bilaspur-Tauru Road), GURUGRAM, Gurugram, Haryana, India - 122413",Haryana,Gurugram,122413.0,Mr. Md Junaid Alam (Quality Manager),+91 9871557776,mail@sierraaircon.com,"31 Mar, 2028",https://lims.bis.gov.in/home_lab_scope/240/,General / Multi-sector,,Name/metadata heuristic,Low,General / Multi-sector
242,143,8119706,"CEG Test House &amp; Research Centre Private Limited, Jaipur","CEG TOWER, B-11(G), MALVIYA INDUSTRIAL AREA, MALVIYA NAGAR, JAIPUR, Jaipur, Rajasthan, India - 302017",Rajasthan,Jaipur,302017.0,Dr. Bipin Kumar Singh,8955479196,quality@cegtesthouse.com,"31 Dec, 2026",https://lims.bis.gov.in/home_lab_scope/242/,General / Multi-sector,,Name/metadata heuristic,Low,General / Multi-sector
245,144,8136916,"CHOKSI LABORATORIES LIMITED, INDORE","Survey No. 9/1 , Balaji Tusiyana Industrial Estate , Kumedi, indore, Indore, Madhya Pradesh, India - 452010",Madhya Pradesh,Indore,452010.0,Manish Singhal (Quality Manager),+91 8770896041,qa.indore@choksilab.com,"31 Dec, 2026",https://lims.bis.gov.in/home_lab_scope/245/,General / Multi-sector,,Name/metadata heuristic,Low,General / Multi-sector
246,145,8122834,"CIPET, Jaipur","SP-1298, Sitapura Industrial Area, Phase III,Tonk Road, JAIPUR-302 022, Jaipur, Jaipur, Rajasthan, India - 302022",Rajasthan,Jaipur,302022.0,Dr. Bishnu Panda,9090968451,cipetjprtesting@gmail.com,"21 Feb, 2029",https://lims.bis.gov.in/home_lab_scope/246/,"Plastic, Rubber & Polymer",,Name/address metadata heuristic,Low,"Plastic, Rubber & Polymer"
247,146,7104734,"NSIC - Technical Services Centre, Rajkot","Aji Industrial, Bhavnagar Road, Opp Gujarat Forging, Rajkot, Rajkot, Gujarat, India - 360003",Gujarat,Rajkot,360003.0,Dharmendra Rajput (Technical Manager),+91 9982177100,ntscraj@nsic.co.in,"14 Jun, 2028",https://lims.bis.gov.in/home_lab_scope/247/,General / Multi-sector,,Name/metadata heuristic,Low,General / Multi-sector
250,147,7132925,Electrical Research and Development Association,"R 336 TTC INDUSTRIAL AREA THANE BELAPUR ROAD MIDC RABALE NAVI MUMBAI, NAVI MUMBAI, Thane, Maharashtra, India - 400701",Maharashtra,Mumbai,400701.0,,+91 7738418237,gurunath.rajpurkar@erda.org,"22 Dec, 2027",https://lims.bis.gov.in/home_lab_scope/250/,Electrical & Electronics,,Name/address metadata heuristic,Low,Electrical & Electronics
251,148,6106704,"MSME TESTING CENTRE, CHENNAI","No.65/1, GST Road, Guindy, Chennai, Chennai, Tamil Nadu, India - 600032",Tamil Nadu,Chennai,600032.0,G Velladurai,7666125995,dctc-sr@dcmsme.gov.in,"31 Dec, 2026",https://lims.bis.gov.in/home_lab_scope/251/,Mechanical & Engineering,,Name/address metadata heuristic,Low,Mechanical & Engineering
252,149,7134016,"QUALICHEM LABORATORIES, NAGPUR","4TH-6TH FLOOR SWAMI SAMARTHA COMMERCIAL COMPLEX, 4, NORTH BAZAR ROAD, NEAR GOKULPETH MARKET, DHARAMPETH EXTN., NAGPUR, NAGPUR, Nagpur, Maharashtra, India - 440010",Maharashtra,Nagpur,440010.0,Pradnya Nagarnaik (Quality Manager),+91 7507418444,qualichemlab@gmail.com,"12 Jul, 2025",https://lims.bis.gov.in/home_lab_scope/252/,General / Multi-sector,,Name/metadata heuristic,Low,General / Multi-sector
253,150,7103506,"TCR ENGINEERING SERVICES PVT.LTD., NAVI MUMBAI","VKB HOUSE PLOT NO. EL-182 MIDC TTC ELECTRONIC ZONE MAHAPE NAVI MUMBAI, NAVI MUMBAI, Thane, Maharashtra, India - 400710",Maharashtra,Mumbai,400710.0,Prabhakar Singh (Technical Manager),+91 022 68370900,sales@tcreng.com,"31 Dec, 2026",https://lims.bis.gov.in/home_lab_scope/253/,Mechanical & Engineering,Electrical & Electronics,Name/address metadata heuristic,Medium,Mechanical & Engineering
254,151,6139136,"TRUSTIN ANALYTICAL SOLUTIONS PRIVATE LIMITED, CHENNAI","R K COMPLEX, PLOT NO: 303/B, BLOCK-B, FIRST FLOOR, THIRUNEERMALAI ROAD, PARVATHYPURAM, CHROMPET, CHENNAI, Kanchipuram, Tamil Nadu, India - 600044",Tamil Nadu,Chennai,600044.0,MAHENDRAN M (Quality Manager),+91 9444303174,mahendran@trustingroup.in,-,https://lims.bis.gov.in/home_lab_scope/254/,Construction & Cement,,Name/address metadata heuristic,Low,Construction & Cement
256,152,8166916,AGSS ANALYTICAL AND RESEARCH LAB PVT LTD,"C-37/2, Lawrence Road, Industrial Area, Delhi-110035, New Delhi, North West, Delhi, India - 110035",Delhi,Delhi,110035.0,Jaswant Ray (Quality Manager),+91 9311654060,agsslabs@gmail.com,"13 Jan, 2027",https://lims.bis.gov.in/home_lab_scope/256/,General / Multi-sector,,Name/metadata heuristic,Low,General / Multi-sector
258,153,7105101,"CENTRAL INSTITUTE OF ROAD TRANSPORT (CIRT), PUNE","Pune Nasik Road, Bhosari, Pune, Pune, Pune, Maharashtra, India - 411026",Maharashtra,Pune,411026.0,P. S. Dahiya,9823113934,qm@cirtindia.com,"15 Sep, 2028",https://lims.bis.gov.in/home_lab_scope/258/,General / Multi-sector,,Name/metadata heuristic,Low,General / Multi-sector
259,154,8138926,ELMEF TESTING AND CALIBRATION LABORATORIES PRIVATE LIMITED,"RH-8, COUNTYWALK, VILLAGE-JHALARIA, Indore, Indore, Madhya Pradesh, India - 452016",Madhya Pradesh,Indore,452016.0,Prateeek sharma Sharma (Quality Manager),+91 0731 2920477,info@elmef.com,"03 Jan, 2027",https://lims.bis.gov.in/home_lab_scope/259/,Calibration & Metrology,,Name/address metadata heuristic,Low,Calibration & Metrology
266,155,5118334,"CIPET, Hajipur","INDUSTRIAL AREA, Hajipur, Vaishali, Bihar, India - 844102",Bihar,Bihar,844102.0,Avinash Kumar,8294497482,testing-hajipur@cipet.gov.in,"07 Oct, 2028",https://lims.bis.gov.in/home_lab_scope/266/,"Plastic, Rubber & Polymer",,Name/address metadata heuristic,Low,"Plastic, Rubber & Polymer"
267,156,5135804,"RITES Eastern Region Laboratory, Kolkata","56, CR Avenue, Central Metro Station Building, KOLKATA, Kolkata, West Bengal, India - 700012",West Bengal,Kolkata,700012.0,K S PANDIAN (Quality Manager),9073399490,erinspn@rites.com,"19 Mar, 2026",https://lims.bis.gov.in/home_lab_scope/267/,Construction & Cement,,Name/address metadata heuristic,Low,Construction & Cement
268,157,6122704,"NATIONAL TEST HOUSE-SR (NTH), Chennai","GOVT.OF INDIA,CSIR ROAD,TARAMANI., Chennai, Chennai, Tamil Nadu, India - 600113",Tamil Nadu,Chennai,600113.0,Director,9412223357,director-chn@nth.gov.in,"28 Nov, 2028",https://lims.bis.gov.in/home_lab_scope/268/,General / Multi-sector,,Name/metadata heuristic,Low,General / Multi-sector
269,158,7166626,Intertek India Private Limited (Gujarat),"Plot 5 and 6, Swastik Industrial Estate, Vill: Sari, Tal: Sanand, Ahmedabad, Ahmadabad, Gujarat, India - 382220",Gujarat,Ahmedabad,382220.0,Mr. Dharmesh Parmar,9879907184,dharmesh.parmar@intertek.com,"02 Dec, 2029",https://lims.bis.gov.in/home_lab_scope/269/,General / Multi-sector,,Name/metadata heuristic,Low,General / Multi-sector
270,159,6118616,"Monarch Biotech Private Limited, Unit : Monarch Nuclear Counting Laboratory","37-A, SIDCO INDUSTRIAL ESTATE, Thirumazhisai, CHENNAI, Thiruvallur, Tamil Nadu, India - 600124",Tamil Nadu,Chennai,600124.0,A.M. SHIVA KAARTHICK,9176640172,monarchbio@gmail.com,"04 Oct, 2028",https://lims.bis.gov.in/home_lab_scope/270/,General / Multi-sector,,Name/metadata heuristic,Low,General / Multi-sector
271,160,7140126,"Electrical Research and Testing Organisation (ERTO), Vadodara","Plot No. 747, B/h Gurukrupa farm, near Manjusar village, Savali Vadodara main road,, Vadodara, Vadodara, Gujarat, India - 391775",Gujarat,Vadodara,391775.0,Samir Patel,9998009021,sr.patel@erto.in,"10 Jun, 2027",https://lims.bis.gov.in/home_lab_scope/271/,Electrical & Electronics,,Name/address metadata heuristic,Low,Electrical & Electronics
272,161,9102335,"National Council for Cement and Building Materials (testing laboratories), Faridabad","34 km, stone delhi mathura road, ballabgarh, opposite good year tyers, Faridabad, Faridabad, Haryana, India - 121004",Delhi,Delhi,121004.0,Dr Pinky Pandey (Quality Manager),0129 266789,ncbcrt2@gmail.com,"15 May, 2027",https://lims.bis.gov.in/home_lab_scope/272/,Construction & Cement,,Name/address metadata heuristic,Medium,Construction & Cement
275,162,7167306,"HEXIQON LABORATORY PRIVATE LIMITED, AHMEDABAD","PLOT NO 8, SHAYONA ESTATE PART-2, NR.LAMBDA RESEARCH LABORATORY,NR.AUDA WATER TANK,, GOTA,, AHMEDABAD, Ahmadabad, Gujarat, India - 382481",Gujarat,Ahmedabad,382481.0,,+91 8487878021,hexiqonlab@gmail.com,"07 Feb, 2030",https://lims.bis.gov.in/home_lab_scope/275/,Environmental & Water,,Name/address metadata heuristic,Low,Environmental & Water
277,163,8122426,"Intertek India Private Limited, New Delhi (E-20)","E-20, Block B-1, Mohan Co-operative Industrial Estate, Mathura Road, New Delhi, Delhi, South, Delhi, India - 110044",Delhi,Delhi,110044.0,Rakesh Chaurasia,9871092339,rakesh.chaurasia@intertek.com,"27 Oct, 2028",https://lims.bis.gov.in/home_lab_scope/277/,Construction & Cement,,Name/address metadata heuristic,Low,Construction & Cement
278,164,6139916,"HUBERT ENVIRO CARE SYSTEMS(P)LTD, CHENNAI","18, 92nd St, Sector 10, Sivalingapuram, Ashok Nagar, Chennai, Tamil Nadu 600083, Chennai, Chennai, Tamil Nadu, India - 600083",Tamil Nadu,Chennai,600083.0,Dr.Rajkumar Samuel (Quality Manager),+91 044 42985555,rajkumar@hecs.in,-,https://lims.bis.gov.in/home_lab_scope/278/,General / Multi-sector,,Name/metadata heuristic,Low,General / Multi-sector
282,165,7137216,"LILABA ANALYTICAL LABORATORIES LLP, SURAT","BLOCK NO.327, PLOT NO. 88/89/90/91/92, SIDDHI VINAYAK INDUSTRIAL ESTATE, VILLAGE KHOLVAD, SURAT, GUJARAT, INDIA, Surat, Surat, Gujarat, India - 394190",Gujarat,Surat,394190.0,Mr. Bhavesh Sojitra,7878522830,admin@lilabalabs.com,"11 Jun, 2029",https://lims.bis.gov.in/home_lab_scope/282/,Construction & Cement,,Name/address metadata heuristic,Low,Construction & Cement
286,166,6133416,"Eurofins Analytical Services India Private Limited, Bengaluru","540/1, Doddanekundi Industrial Area 2,Graphite India Road, Hoodi, Whitefield, 560048, Bengaluru, India, Bangalore, Bengaluru Urban, Karnataka, India - 560048",Karnataka,Bengaluru,560048.0,RIZWAN SHARIFF,9060896026,Rizwan.Shariff@xoin.eurofinsasia.com,"14 Mar, 2028",https://lims.bis.gov.in/home_lab_scope/286/,General / Multi-sector,,Name/metadata heuristic,Low,General / Multi-sector
288,167,6104206,Shriram Research Institute,"14-15, Sadarmangala Industrial Area, Whitefield Road, Bengaluru, Bengaluru Urban, Karnataka, India - 560048",Karnataka,Bengaluru,560048.0,Mr. NAGARAJ D (Quality Manager),+91 011 27667267,dn@shriraminstitute-blr.org,-,https://lims.bis.gov.in/home_lab_scope/288/,General / Multi-sector,,Name/metadata heuristic,Low,General / Multi-sector
289,168,7121526,"Karandikar Laboratories Pvt. Ltd., Boisar","Gat No. 142, Boisar Chillar Road, Opp. Union Park, Betegaon, Boisar, Palghar, Maharashtra, India - 401501",Maharashtra,Palghar,401501.0,Atul Marathe (Technical Manager),+91 2525284931,sales@karandikarlab.com,-,https://lims.bis.gov.in/home_lab_scope/289/,General / Multi-sector,,Name/metadata heuristic,Low,General / Multi-sector
292,169,5116334,"CENTRAL INSTITUTE OF PETROCHEMICALS ENGINEERING &amp; TECHNOLOGY - CIPET, HALDIA","CITY CENTRE, P.O. DEBHOG, HALDIA, MEDINIPUR EAST, WEST BENGAL, INDIA, HALDIA, Medinipur East, West Bengal, India - 721657",West Bengal,West Bengal,721657.0,Mr. Pankaj Mishra,7477722773,testing-haldia@cipet.gov.in,"14 Dec, 2027",https://lims.bis.gov.in/home_lab_scope/292/,Mechanical & Engineering,"Plastic, Rubber & Polymer",Name/address metadata heuristic,Medium,Mechanical & Engineering
293,170,5120906,"S.B.Steels Company, Bally","366/1, G.T. Road, Bally, Bally, Howrah, West Bengal, India - 711201",West Bengal,Howrah,711201.0,Anindya Parui (Quality Manager),9830014714,sbsteelsco@gmail.com,"06 Sep, 2027",https://lims.bis.gov.in/home_lab_scope/293/,General / Multi-sector,,Name/metadata heuristic,Low,General / Multi-sector
294,171,6114324,Fluid Control Research Institute,"Kanjikode West, Palakkad, Palakkad, Kerala, India - 678623",Kerala,Kerala,678623.0,Gopan C K,9746526100,diroffice@fcriindia.com,"06 Dec, 2028",https://lims.bis.gov.in/home_lab_scope/294/,General / Multi-sector,,Name/metadata heuristic,Low,General / Multi-sector
296,172,7118404,"Indian Institute of Packaging (IIP), Mumbai","Plot E2, MIDC Area, Andheri East, Road No.8, Post Box No. 9432, Mumbai 400093, Maharashtra, India, Andheri, Mumbai, Maharashtra, India - 400093",Maharashtra,Mumbai,400093.0,THUMMA MOSSES MALLIK (Quality Manager),+91 2228219803,rdiip@iip-in.com,"30 Jun, 2028",https://lims.bis.gov.in/home_lab_scope/296/,Packaging & Paper,,Name/address metadata heuristic,Low,Packaging & Paper
297,173,7165924,"RTC cum Technology Back up Unit for Solar Thermal Devices (RTC), Pune","CENTRE FOR ENERGY STUDIES, SAVITRIBAI PHULE PUNE UNIVERSITY, Pune, Pune, Maharashtra, India - 411007",Maharashtra,Pune,411007.0,Dr. Priti vairale (Quality Manager),9765361124,hodenergy@unipune.ac.in,"26 Oct, 2026",https://lims.bis.gov.in/home_lab_scope/297/,General / Multi-sector,,Name/metadata heuristic,Low,General / Multi-sector
302,174,9125906,"PLANET ANALYSIS PRIVATE LIMITED, KANPUR","145-B, IInd Floor, Co-Operative Industrial Estate, Udyog Nagar, Dada Nagar, Kanpur, Kanpur Nagar, Uttar Pradesh, India - 208022",Uttar Pradesh,Kanpur,208022.0,Rohit Pandya (Technical Manager),+91 5123260803,paplkanpur@yahoo.in,"20 Jan, 2028",https://lims.bis.gov.in/home_lab_scope/302/,General / Multi-sector,,Name/metadata heuristic,Low,General / Multi-sector
303,175,6138806,"TAG Corporation, Chennai","91, Thiruneermalai Road, Chrompet, chennai, Kanchipuram, Tamil Nadu, India - 600044",Tamil Nadu,Chennai,600044.0,FAZULUR RAHMAN G (Quality Manager),+91 4422382929,murthy@tagcorporation.net,"10 Jan, 2027",https://lims.bis.gov.in/home_lab_scope/303/,General / Multi-sector,,Name/metadata heuristic,Low,General / Multi-sector
304,176,9133933,Pump Testing Laboratory,"Mechanical &amp; Production Engineering Department, Guru Nanak Dev Engineering College, Gill Park, Gill Road, Ludhiana, Ludhiana, Punjab, India - 141006",Punjab,Ludhiana,141006.0,Dr. J.S. Grewal,9815323023,jsgrewal23023@gmail.com,"15 May, 2028",https://lims.bis.gov.in/home_lab_scope/304/,Mechanical & Engineering,,Name/address metadata heuristic,Medium,Mechanical & Engineering
308,177,6121636,"LUCID LABORATORIES PRIVATE LIMITED, HYDERABAD","PLOT NO.3, IDA,, BALANAGAR, HYDERABAD, Medchal Malkajgiri, Telangana, India - 500037",Telangana,Hyderabad,500037.0,CHELLA RAO.S,8919862683,info@lucidlabsindia.com,"19 Apr, 2028",https://lims.bis.gov.in/home_lab_scope/308/,General / Multi-sector,,Name/metadata heuristic,Low,General / Multi-sector
311,178,6104524,"CENTRAL ELECTRICAL TESTING LABORATORY (CETL), KAKKALUR","O/o. THE DEPUTY DIRECTOR (E&amp;E), CENTRAL ELECTRICAL TESTING LABORATORY, DEPARTMENT OF INDUSTRIES &amp; COMMERCE, GOVERNMENT OF TAMIL NADU, CTH ROAD, KAKKALUR, Thiruvallur, Tamil Nadu, India - 602 003",Tamil Nadu,Tamil Nadu,,RAVIKUMAR R (Quality Manager),+91 9710491500,cetl.system@gmail.com,"31 Dec, 2026",https://lims.bis.gov.in/home_lab_scope/311/,Electrical & Electronics,,Name/address metadata heuristic,Low,Electrical & Electronics
312,179,6132436,"Vimta Labs Limited (6132436), Hyderabad","Plot No.11/6, road No. 9, IDA, Nacharam, Rangareddy, Keesara, Hyderabad, Medchal Malkajgiri, Telangana, India - 500076",Telangana,Hyderabad,500076.0,G Satyam Reddy,9704156476,satyam.goddumarri@vimta.com,"25 Oct, 2027",https://lims.bis.gov.in/home_lab_scope/312/,General / Multi-sector,,Name/metadata heuristic,Low,General / Multi-sector
313,180,9134816,ECO Laboratories &amp; Consultants Pvt Ltd,-,Delhi,Delhi,,,1724616225,consulteco@yahoo.com,-,https://lims.bis.gov.in/home_lab_scope/313/,General / Multi-sector,,Name/metadata heuristic,Low,General / Multi-sector
314,181,8167436,"SGS India Pvt Ltd, Gurgaon","226, Udyog Vihar, Phase-I, Gurgaon, Gurugram, Haryana, India - 122016",Haryana,Gurugram,122016.0,Amit Saluja,9873714633,amit.saluja@sgs.com,"16 Feb, 2030",https://lims.bis.gov.in/home_lab_scope/314/,General / Multi-sector,,Name/metadata heuristic,Low,General / Multi-sector
315,182,8131215,FICCI Research &amp; Analysis Centre,"Plot No. 2A, Sector -8, New Delhi-110075, New Delhi, Delhi, India - 110075",Delhi,Delhi,110075.0,Vikash Boran (Technical Manager),1145333500,info@fraclabs.org,"08 Jun, 2027",https://lims.bis.gov.in/home_lab_scope/315/,General / Multi-sector,,Name/metadata heuristic,Low,General / Multi-sector
317,183,7119305,INDIAN RUBBER MATERIALS RESEARCH INSTITUTE (IRMRI),"Plot No. 254/1B, Road no. 16V, Wagle Industrial Estate, Thane, Thane, Maharashtra, India - 400604",Maharashtra,Thane,400604.0,Dr. Rajkumar,8655095342,rk@irmra.org,"30 Jun, 2029",https://lims.bis.gov.in/home_lab_scope/317/,"Plastic, Rubber & Polymer",,Name/address metadata heuristic,Low,"Plastic, Rubber & Polymer"
318,184,8163116,"Institute for Industrial Research &amp; Toxicology, Dhaulana","F-209, UPSIDC, Mussoorie Gulawathi Road, Mussoorie Gulawathi Industrial Area, Ravali, Tehsil, Dhaulana, Hapur, Uttar Pradesh, India - 245101",Uttar Pradesh,Uttar Pradesh,245101.0,SHALINI MISHRA,9711623081,iirtdelhi@gmail.com,-,https://lims.bis.gov.in/home_lab_scope/318/,General / Multi-sector,,Name/metadata heuristic,Low,General / Multi-sector
319,185,8101204,"MSME Testing Centre, New Delhi","Shaheed Capt. Gaur Marg, Okhla Phase -III, New Delhi, South East, Delhi, India - 110020",Delhi,Delhi,110020.0,Dr. D.K. Pandey,9910201527,dctc-nr@dcmsme.gov.in,"31 Dec, 2026",https://lims.bis.gov.in/home_lab_scope/319/,Mechanical & Engineering,,Name/address metadata heuristic,Low,Mechanical & Engineering
321,186,9120034,CIPET:CSTS Amritsar,"P.O. Rayon &amp; Silk Mills, Amritsar, Amritsar, Punjab, India - 143105",Punjab,Amritsar,143105.0,Dr. Piyush Kumar,7890926806,amritsar@cipet.gov.in,"06 Jan, 2027",https://lims.bis.gov.in/home_lab_scope/321/,"Plastic, Rubber & Polymer",,Name/address metadata heuristic,Low,"Plastic, Rubber & Polymer"
322,187,5131716,"Mitra S.K. Private Limited, Kolkata","Building No. P- 48, Udayan Industrial Estate, 3, Pagladanga Road, Kolkata, Kolkata, West Bengal, India - 700015",West Bengal,Kolkata,700015.0,Dr. Amartya Kr. Gupta,9147709504,amartya@mitrask.com,"20 Jul, 2024",https://lims.bis.gov.in/home_lab_scope/322/,Construction & Cement,,Name/address metadata heuristic,Low,Construction & Cement
328,188,6101024,"Central Power Research Institute (CPRI), Bangalore","P.B.No. 8066, Sir.C V Raman Road, Sadashivanagar P O, Bengaluru, Bengaluru Urban, Karnataka, India - 560080",Karnataka,Bengaluru,560080.0,T Bhavani Shanker,9448141980,arunjothi@cpri.in,"31 Dec, 2026",https://lims.bis.gov.in/home_lab_scope/328/,General / Multi-sector,,Name/metadata heuristic,Low,General / Multi-sector
329,189,6117916,"Sipra labs Ltd., Hyderabad","7-2-1813/5/A, Survey No. 59/6, Industrial Estate, Sanath Nagar, Hyderabad, Ranga Reddy, Telangana, India - 500018",Telangana,Hyderabad,500018.0,Aasritha V (Quality Manager),+91 4023802004,sipra@sipralabs.com,"31 Mar, 2027",https://lims.bis.gov.in/home_lab_scope/329/,General / Multi-sector,,Name/metadata heuristic,Low,General / Multi-sector
330,190,8137526,"C and I Calibrations Pvt. Ltd., Jaipur","F-717 A, Sitapura Industrial Area, Jaipur-302022, Jaipur, Jaipur, Rajasthan, India - 302022",Rajasthan,Jaipur,302022.0,Satish Trivedi (Quality Manager),+91 9414188815,infocicpl@gmail.com,"17 Jul, 2029",https://lims.bis.gov.in/home_lab_scope/330/,General / Multi-sector,,Name/metadata heuristic,Low,General / Multi-sector
331,191,8130426,"Spectro Analytical Labs Private Limited, Gautam Buddha Nagar","S-1, GNEPIP Surajpur Industrial Area, Kasna Phase V, Greater Noida, Gautam Buddha Nagar, Gautam Buddha Nagar, Uttar Pradesh, India - 201308",Uttar Pradesh,Noida,201308.0,Aditya Pratap Singh (Technical Manager),+91 9873571512,qa.gn@xoin.eurofinsasia.com,"04 Jan, 2030",https://lims.bis.gov.in/home_lab_scope/331/,General / Multi-sector,,Name/metadata heuristic,Low,General / Multi-sector
333,192,6138124,"Central Electronics Centre, Indian Institute of Technology, Chennai","Sardar Patel Road, Chennai-600036, Chennai, Chennai, Tamil Nadu, India - 600036",Tamil Nadu,Chennai,600036.0,Dr C R Jeevandoss,9940398231,jeevandoss@iitm.ac.in,"31 Dec, 2029",https://lims.bis.gov.in/home_lab_scope/333/,Electrical & Electronics,,Name/address metadata heuristic,Low,Electrical & Electronics
336,193,6162436,"SGS India Private Limited, Thiruvallur","Consumer and Retail - Testing laboratory, Block -B , 28B/1(SP), 28B/2(SP), 2nd Main road, Ambattur Industrial estate, Ambattur., Chennai, Thiruvallur, Tamil Nadu, India - 600058",Tamil Nadu,Chennai,600058.0,K.Ramamohan,9840830474,Yagneswar.Rao@sgs.com,"26 Sep, 2027",https://lims.bis.gov.in/home_lab_scope/336/,Construction & Cement,,Name/address metadata heuristic,Low,Construction & Cement
337,194,7133816,"TUV India Private Limited (7133816), Pune","TUV India House Survey No: 42,3/1 &amp; 3/2, Near Bitwise Tower, Sus-Pashan Road,, Pune, Pune, Maharashtra, India - 411021",Maharashtra,Pune,411021.0,Rehana Shaikh (Quality Manager),+91 022 66477000,rehana@tuv-nord.com,"08 May, 2028",https://lims.bis.gov.in/home_lab_scope/337/,General / Multi-sector,,Name/metadata heuristic,Low,General / Multi-sector
340,195,8116426,"Yadav Measurements Pvt Ltd, Udaipur","Plot no. F 373-375, RIICO Bhamashah Industrial Area, Kaladwas, Udaipur (Rajasthan)-313003, Udaipur, Udaipur, Rajasthan, India - 313003",Rajasthan,Udaipur,313003.0,Prateek Paliwal,2942650127,yadav.measurements@yadavmeasurements.com,-,https://lims.bis.gov.in/home_lab_scope/340/,General / Multi-sector,,Name/metadata heuristic,Low,General / Multi-sector
342,196,8101924,"Electronic Regional Test Laboratory (North) - ERTL (STQC), Delhi","S-Block, Okhla Industrial Area, Phase-II,, New Delhi, South East, Delhi, India - 110020",Delhi,Delhi,110020.0,Manjula Bhati (Quality Manager),+91 1126386219,ertlnorth@stqc.nic.in,"31 Dec, 2026",https://lims.bis.gov.in/home_lab_scope/342/,Construction & Cement,Electrical & Electronics,Name/address metadata heuristic,Low,Construction & Cement
355,197,7109836,"GUJARAT TEST HOUSE, AHMEDABAD","Plot No.292, Road No.4, G.I.D.C., Kathwada, Ahmedabad-382 430., Ahmedabad, Ahmadabad, Gujarat, India - 382430",Gujarat,Ahmedabad,382430.0,,+91 9825063601,gth292@gmail.com,"15 Jul, 2027",https://lims.bis.gov.in/home_lab_scope/355/,General / Multi-sector,,Name/metadata heuristic,Low,General / Multi-sector
394,198,8166336,"Intertek India Private Limited (289-290), Gurugram","Plot No 289 &amp; 290 Udyog Vihar Phase II ,Gurugram ,Haryana 122016, GURUGRAM, Gurugram, Haryana, India - 122016",Haryana,Gurugram,122016.0,Sudhanshu Kumar,8527990259,sudhanshu.kumar@intertek.com,-,https://lims.bis.gov.in/home_lab_scope/394/,General / Multi-sector,,Name/metadata heuristic,Low,General / Multi-sector
399,199,5140804,"NATIONAL TEST HOUSE-ER (NTH), KOLKATA","BLOCK-CP, SECTOR-V,, SALT LAKE CITY, Kolkata, 24 PARAGANAS NORTH, West Bengal, India - 700091",West Bengal,Kolkata,700091.0,Shri Suresh Babu Murugesan,9412223289,director-kol@nth.gov.in,"14 Jun, 2027",https://lims.bis.gov.in/home_lab_scope/399/,Construction & Cement,,Name/address metadata heuristic,Low,Construction & Cement
401,200,7167626,"RAJKOT ENGINEERING TESTING AND RESEARCH CENTRE, RAJKOT","Plot No-372, Aji GIDC, O-road, Rajkot, Rajkot, Rajkot, Gujarat, India - 360003",Gujarat,Rajkot,360003.0,Nilesh Bundheliya (Quality Manager),+91 7069728109,cfcrajkot@gmail.com,"25 Mar, 2027",https://lims.bis.gov.in/home_lab_scope/401/,Mechanical & Engineering,,Name/address metadata heuristic,Medium,Mechanical & Engineering
405,201,9167906,"Arihant Analytical Laboratory Pvt. Ltd., Sonipat","Plot No. 272, Sector-57, Phase-IV, HSIIDC Kundli, Sonipat Haryana, Sonipat, Sonipat, Haryana, India - 131028",Haryana,Sonipat,131028.0,RAHUL JAIN,9310022355,aalkundli@gmail.com,"02 Jun, 2027",https://lims.bis.gov.in/home_lab_scope/405/,General / Multi-sector,,Name/metadata heuristic,Low,General / Multi-sector
416,202,8167106,"Softlines and Electrical Safety Testing Laboratory TUV Rheinland India Pvt Ltd., Gurgaon (8167106)","330-331 Udyog Vihar Phase IV, Gurugram, Gurugram, Haryana, India - 122015",Haryana,Gurugram,122015.0,,+91 80 46498000,g.kaur@ind.tuv.com,-,https://lims.bis.gov.in/home_lab_scope/416/,Electrical & Electronics,Safety & Protective Equipment,Name/address metadata heuristic,Low,Electrical & Electronics
419,203,5123904,"National Test House (NTH), Alipore, Kolkata-700027","11/1 Judges Court Road, Kolkata, Kolkata, Kolkata, West Bengal, India - 700027",West Bengal,Kolkata,700027.0,Shri Suresh Babu Murugesan,9412223289,director-kol@nth.gov.in,"08 Apr, 2027",https://lims.bis.gov.in/home_lab_scope/419/,General / Multi-sector,,Name/metadata heuristic,Low,General / Multi-sector
423,204,6167704,"CENTRAL LEATHER RESEARCH INSTITUTE (CSIR-CLRI), CHENNAI","Sardar Patel Road Adyar, Opposite to Indian Institute Of Technology, Chennai, Tamil Nadu 600020, chennai, Chennai, Tamil Nadu, India - 600020",Tamil Nadu,Chennai,600020.0,Dr.Mohan R (Quality Manager),+91 44 24437168,clricaters@clri.res.in,"02 May, 2027",https://lims.bis.gov.in/home_lab_scope/423/,Textile & Leather,,Name/address metadata heuristic,Low,Textile & Leather
425,205,7170010,"Chem-Tech Laboratories Private Limited, Pune","S-22, Parvati Industrial Estate, Pune Satara Road, Pune, Pune, Pune, Maharashtra, India - 411009",Maharashtra,Pune,411009.0,Priya Nair,9226579376,bis@chemtechlabs.com,"07 Apr, 2028",https://lims.bis.gov.in/home_lab_scope/425/,Chemical & Petrochemical,,Name/address metadata heuristic,Low,Chemical & Petrochemical
429,206,9121314,Punjab Biotechnology Incubator,"Knowledge city, sector-81, SAS nagar, Mohali 140306, Punjab, SAS Nagar, S.A.S Nagar, Punjab, India - 140306",Punjab,Mohali,140306.0,,+91 0172 5020895,pbti2015@yahoo.in,"18 Feb, 2028",https://lims.bis.gov.in/home_lab_scope/429/,General / Multi-sector,,Name/metadata heuristic,Low,General / Multi-sector
437,207,6167206,"TUV Rheinland (India) Pvt. Ltd., Visakhapatnam","Survey No. 480/2, AMTZ Campus, Nadupuru Village, Pedagantyada Mandal, Pragadi Maidan,, visakhapatnam, Visakhapatanam, Andhra Pradesh, India - 530031",Andhra Pradesh,Visakhapatnam,530031.0,Mr. Nagendra Hebbar,6364894533,Nagendra.Hebbar@ind.tuv.com,"03 Feb, 2027",https://lims.bis.gov.in/home_lab_scope/437/,General / Multi-sector,,Name/metadata heuristic,Low,General / Multi-sector
438,208,5117534,"Central Institute of Petrochemical Engineering and Technology (CIPET), Guwahati","NH 31, Near Assam Oil Petrol Pump, P.O Changsari, Guwahati, Assam, Guwahati, Kamrup, Assam, India - 781101",Assam,Guwahati,781101.0,Sagolsem Itomba (Quality Manager),+91 044 22254780,cipetcstsguwahati@gmail.com,-,https://lims.bis.gov.in/home_lab_scope/438/,"Plastic, Rubber & Polymer",Mechanical & Engineering; Food & Agriculture; Chemical & Petrochemical,Name/address metadata heuristic,Medium,"Plastic, Rubber & Polymer"
441,209,8170106,Standard Testing Laboratory Private Limited,"PLOT NO.782,KANJHAWALA INDUSTRIAL AREA,NEW DELHI,NORTH WEST, Delhi, North West, Delhi, India - 110081",Delhi,Delhi,110081.0,S K Pathak,7011080876,standardtestinglaboratory@yahoo.com,"10 Apr, 2028",https://lims.bis.gov.in/home_lab_scope/441/,General / Multi-sector,,Name/metadata heuristic,Low,General / Multi-sector
445,210,6168016,"Mats India Private Limited, Chennai","1A,1B, PERUMAL KOIL STREET, NERKUNDRAM, CHENNAI, Chennai, Tamil Nadu, India - 600107",Tamil Nadu,Chennai,600107.0,R VIJAYA (Quality Manager),+91 9840095622,lab.enquiry@matsgroup.com,"29 Jun, 2027",https://lims.bis.gov.in/home_lab_scope/445/,General / Multi-sector,,Name/metadata heuristic,Low,General / Multi-sector
453,211,9168306,Bharat Test House Pvt. Ltd. 1668 Sonipat,"1668 (DIV-II), HSIIDC INDUSTRIAL ESTATE, RAI, DIST. SONEPAT, HARYANA, INDIA, Sonipat, Sonipat, Haryana, India - 131029",Haryana,Sonipat,131029.0,,+91 9310314585,bthdiv2@bharattesthouse.com,-,https://lims.bis.gov.in/home_lab_scope/453/,General / Multi-sector,,Name/metadata heuristic,Low,General / Multi-sector
455,212,8169616,"VARDAN ENVIROLAB, GURUGRAM","Plot No. 82-A, Sector 5, HSIIDC IMT Manesar ,Gurgaon, Gurugram, Gurugram, Haryana, India - 122051",Haryana,Gurugram,122051.0,Mr. Gaurav Pratap Singh,9015719913,gaurav@vardan.co.in,"26 Dec, 2027",https://lims.bis.gov.in/home_lab_scope/455/,General / Multi-sector,,Name/metadata heuristic,Low,General / Multi-sector
463,213,8169106,Delhi Analytical Research Laboratory,"PLOT NO-2, TIMBER BLOCK, JHILMIL INDUSTRIAL AREA NEAR DILSHAD GARDEN METRO STATION, NEW Delhi, East, Delhi, India - 110095",Delhi,Delhi,110095.0,Yash Pal Singh (Technical Manager),+91 9717324010,darltesting@gmail.com,-,https://lims.bis.gov.in/home_lab_scope/463/,Construction & Cement,,Name/address metadata heuristic,Low,Construction & Cement
464,214,6168516,"Accurate Labs, Vijayawada","K.V.S.R. Siddhardha College of Pharmaceutical Sciences, SPIIC Block, IIIrd Floor, Pinnamaneni Polyclinic Road, Siddhardha Nagar, Vijayawada-520010, Andhra Pradesh., Vijayawada, Krishna, Andhra Pradesh, India - 520010",Andhra Pradesh,Vijayawada,520010.0,Swarna Kumari V (Quality Manager),+91 6301959631,aefal.labs@gmail.com,"03 Aug, 2027",https://lims.bis.gov.in/home_lab_scope/464/,Pharmaceutical & Medical,Construction & Cement,Name/address metadata heuristic,Low,Pharmaceutical & Medical
472,215,8170306,"BLUESKY LAB LLP, GHAZIABAD","Plot no. 62, 63, 1st 2nd 3rd Floor, Ganga Enclave, Behta Hajipur, Main Delhi Saharanpur Road, Near Johri Enclave Metro Station, Ghaziabad, Uttar Pradesh, 201102, Ghaziabad, Ghaziabad, Uttar Pradesh, India - 201102",Delhi,Delhi,201102.0,Ashutosh Jaiswal(Quality Manager),9953745002,info@blueskylab.in,"22 May, 2028",https://lims.bis.gov.in/home_lab_scope/472/,General / Multi-sector,,Name/metadata heuristic,Low,General / Multi-sector
475,216,8175206,Allumera Engineering Solutions Pvt ltd,"Khasra no.-61, Matiala village, uttam nagar, New Delhi-110059, New Delhi, South West, Delhi, India - 110059",Delhi,Delhi,110059.0,Chandan Kumar,9310347744,aespllab@gmail.com,"13 Dec, 2029",https://lims.bis.gov.in/home_lab_scope/475/,Mechanical & Engineering,,Name/address metadata heuristic,Medium,Mechanical & Engineering
476,217,6162126,"TUV Rheinland (India) Pvt., Ltd., Bengaluru (6162126)","TUV Rheinland (India) Pvt., Ltd. 27/B, 2nd Cross Road, Electronic City Phase-1, Bangalore, Bengaluru, Bengaluru Rural, Karnataka, India - 560100",Karnataka,Bengaluru,560100.0,Purushothama A (Quality Manager),+91 9620288818,Kamalaksha.cs@ind.tuv.com,"10 Sep, 2027",https://lims.bis.gov.in/home_lab_scope/476/,Electrical & Electronics,,Name/address metadata heuristic,Low,Electrical & Electronics
493,218,8183516,"Pious laboratories Pvt. Ltd., Indore","57 Confectionery Park, indore, Indore, Madhya Pradesh, India - 453331",Madhya Pradesh,Indore,453331.0,Ajay Mahajan (Quality Manager),+91 9770480382,info@piouslabs.com,"07 Jan, 2028",https://lims.bis.gov.in/home_lab_scope/493/,General / Multi-sector,,Name/metadata heuristic,Low,General / Multi-sector
499,219,8168706,"KRISHNA DIGITAL MATERIAL TESTING LABORATORY LLP, BHOPAL","02, Bhawani Nagar JK Road Bhopal, Bhopal, Bhopal, Madhya Pradesh, India - 462021",Madhya Pradesh,Bhopal,462021.0,Shyam Mohan Tiwari (Quality Manager),+91 0755 4001289,krishnalab12@gmail.com,"19 Aug, 2027",https://lims.bis.gov.in/home_lab_scope/499/,General / Multi-sector,,Name/metadata heuristic,Low,General / Multi-sector
507,220,6170406,"SKC COMPLIANCE LAB PRIVATE LIMITED, MAHADEVPURA","SP-9, NGEF INDUSTRIAL ESTATE,, Mahadevpura, Bengaluru Urban, Karnataka, India - 560048",Karnataka,Bengaluru,560048.0,Firoz M Ali - Managing Director,9945544085,sales@skclabcompliance.com,"24 May, 2028",https://lims.bis.gov.in/home_lab_scope/507/,General / Multi-sector,,Name/metadata heuristic,Low,General / Multi-sector
509,221,7119516,"KONARK RESEARCH FOUNDATION (A DIVISION OF SAGA RESEARCH LABORATORIES PVT.LTD), DAMAN","PLOT NO. 338/1 BEHIND PATEL CRICKET GROUND, KACHIGAM, DAMAN, Daman, Daman, Daman &amp; Diu, India - 396210",Dadra and Nagar Haveli and Daman and Diu,Daman,396210.0,Mr. Girish B Patel,9377004366,patel.girish@konarkgroup.com,"31 Dec, 2026",https://lims.bis.gov.in/home_lab_scope/509/,General / Multi-sector,,Name/metadata heuristic,Low,General / Multi-sector
511,222,6169806,"VIRIDIAN TESTING LABORATORIES LLP, TIRUPUR","8/3176-A5, Jothipuram, 2nd Street,, PN Road, Pandiyan Nagar,, Tirupur- 641602. Tamilnadu., Tiruppur, Tamil Nadu, India - 641602",Tamil Nadu,Tiruppur,641602.0,venkatesh,9843254971,venkatesh@viridianlab.com,"20 Feb, 2028",https://lims.bis.gov.in/home_lab_scope/511/,General / Multi-sector,,Name/metadata heuristic,Low,General / Multi-sector
513,223,5169204,"National Test House (NER) - NTH, Guwahati","C.I.T.I Complex, Post: Gopinath Nagar, Kalapahar, Guwahati-781016, Guwahati, Kamrup Metro, Assam, India - 781016",Assam,Guwahati,781016.0,Shri Animesh Das,9412223452,director-guw@nth.gov.in,"13 Dec, 2027",https://lims.bis.gov.in/home_lab_scope/513/,General / Multi-sector,,Name/metadata heuristic,Low,General / Multi-sector
516,224,8171826,TVS LABS,"A-5/16A, A-Block, Third &amp; Fourth Floor, Jhilmil Industrial Area, Shahdara, Delhi, Shahdara, Delhi, India - 110095",Delhi,Delhi,110095.0,Vimal Kumar Gupta (Technical Manager),+91 9116653300,tvslabs@gmail.com,"18 Oct, 2028",https://lims.bis.gov.in/home_lab_scope/516/,Construction & Cement,,Name/address metadata heuristic,Low,Construction & Cement
518,225,8176306,MATERIAL TESTING LABORATORY LLP,"B-103, PHASE-1 OKHLA, INDUSTRIAL AREA NEAR TATA STEEL, DELHI, South, Delhi, India - 110020",Delhi,Delhi,110020.0,Rajni Sharma (Quality Manager),+91 9891493575,materialtestinglaboratory@gmail.com,-,https://lims.bis.gov.in/home_lab_scope/518/,Metal & Metallurgy,,Name/address metadata heuristic,Low,Metal & Metallurgy
527,226,7169416,"JUBILANT PHARMA AND CHEMICAL LAB (OPC) PVT.LTD, NAVI MUMBAI","Surya Gayatri CHS. Ltd., Shop No. 10 to 15, Plot No. D-14/15, Sector-6, New Panvel (E), Navi Mumbai – 410 206., Panvel, Raigad, Maharashtra, India - 410206",Maharashtra,Mumbai,410206.0,Ms. Manjusha Gawand (Quality Manager),+91 022 274500,qa@jubilantpharma.co.in,"12 Dec, 2027",https://lims.bis.gov.in/home_lab_scope/527/,Pharmaceutical & Medical,Chemical & Petrochemical,Name/address metadata heuristic,Low,Pharmaceutical & Medical
537,227,8168906,"URS PRODUCTS AND TESTING PVT. LTD. (A29), NOIDA","A-29, Sector 5, Noida, Gautam Buddha Nagar, Uttar Pradesh, India - 201301",Uttar Pradesh,Noida,201301.0,Neeraj Rathee (Quality Manager),+91 9871062220,testing.a29@urs-labs.com,-,https://lims.bis.gov.in/home_lab_scope/537/,General / Multi-sector,,Name/metadata heuristic,Low,General / Multi-sector
541,228,5169006,"Pulp and Paper Research Institute (PAPRI), Rayagada","Jaykaypur, Rayagada, Rayagada, Odisha, India - 765017",Odisha,Odisha,765017.0,S K Pradhan,7978395679,papri@jkpm.jkmail.com,"13 Oct, 2027",https://lims.bis.gov.in/home_lab_scope/541/,Packaging & Paper,,Name/address metadata heuristic,Low,Packaging & Paper
545,229,8170206,"POWERONIC TEST &amp; RESEARCH CENTRE PRIVATE LIMITED, GREATER NOIDA","First Floor, B-2/4, Site-B, UPSIDC Surajpur Industrial Area, Greater Noida, Gautam Buddha Nagar, Uttar Pradesh, India - 201306",Uttar Pradesh,Noida,201306.0,Shivangi Bhardwaj,9602085835,info@poweroniclab.com,"11 Apr, 2028",https://lims.bis.gov.in/home_lab_scope/545/,General / Multi-sector,,Name/metadata heuristic,Low,General / Multi-sector
546,230,7169736,"ELCA Laboratories, Navi Mumbai","Plot No: Gen-62, TTC Industrial Area, MIDC Mahape, Navi Mumbai-400710., Navi Mumbai, Thane, Maharashtra, India - 400710",Maharashtra,Mumbai,400710.0,Vaishali Bharambe (Quality Manager),+91 22 68511222,vaishali@elcalabs.com,"02 Feb, 2028",https://lims.bis.gov.in/home_lab_scope/546/,General / Multi-sector,,Name/metadata heuristic,Low,General / Multi-sector
553,231,6173106,"INTERSTELLAR TESTING CENTRE PRIVATE LIMITED, CHENNAI","PLOT NO.2, S NO. 12/2A, INDUSTRIAL ESTATE, PERUNGUDI, CHENNAI, Kanchipuram, Tamil Nadu, India - 600096",Tamil Nadu,Chennai,600096.0,Dr.Vadivel Prabakaran,7397791910,prabakaran.v@itclabs.com,-,https://lims.bis.gov.in/home_lab_scope/553/,Mechanical & Engineering,,Name/address metadata heuristic,Low,Mechanical & Engineering
562,232,6171206,"Eureka Analytical Services Private Limited, Bengaluru","#617 , AB square,5th Main, OMBR Layout, Kasturi Nagar, Bangalore, Bengaluru Urban, Karnataka, India - 560043",Karnataka,Bengaluru,560043.0,Hemalatha B,8748037689,bhemalatha@eurekaserv.com,"02 Aug, 2028",https://lims.bis.gov.in/home_lab_scope/562/,General / Multi-sector,,Name/metadata heuristic,Low,General / Multi-sector
573,233,8169906,"QA TESTING LABORATORIES PRIVATE LIMITED, NOIDA","B-76 ,SECTOR- 64 , NOIDA, NOIDA, Gautam Buddha Nagar, Uttar Pradesh, India - 201301",Uttar Pradesh,Noida,201301.0,DR. DILEEP KUMAR,9350040389,qm@qatestinglaboratories.com,"05 Apr, 2028",https://lims.bis.gov.in/home_lab_scope/573/,General / Multi-sector,,Name/metadata heuristic,Low,General / Multi-sector
583,234,9178004,"Central Institute of Petrochemicals Engineering &amp; Technology (CIPET), CSTS - Dehradun","CIPET : Centre for Skilling and Technical Support (CSTS), Haridwar Road, Post-Bhaniyawala, Doiwala, Dehradun, Dehradun, Dehradun, Uttarakhand, India - 248140",Uttarakhand,Dehradun,248140.0,Dr. Pratap Chandra Padhi,9437111344,testing.cipetdehradun@gmail.com,"24 Apr, 2027",https://lims.bis.gov.in/home_lab_scope/583/,Mechanical & Engineering,"Plastic, Rubber & Polymer",Name/address metadata heuristic,Medium,Mechanical & Engineering
586,235,6170916,"GLOBAL LAB AND CONSULTANCY SERVICES LLP, SALEM","S.F.No.92/3A2, Geetha Nagar, AlagapuramPudur, Salem,, Salem, Salem, Tamil Nadu, India - 636016",Tamil Nadu,Salem,636016.0,Suresh A (Quality Manager),+91 0427 2970989,sk@glcs.in,"13 Jul, 2028",https://lims.bis.gov.in/home_lab_scope/586/,General / Multi-sector,,Name/metadata heuristic,Low,General / Multi-sector
587,236,8168806,"Bahadurgarh Footwear Development Services (BFDS), Bahadurgarh","PLOT NO. I-1, HSIIDC SECTOR-4-B, Bahadurgarh, Haryana 124507, Bahadurgarh, Jhajjar, Haryana, India - 124507",Haryana,Bahadurgarh,124507.0,SIDDHARTH DUBEY,9968222227,fpabahadurgarh@gmail.com,"02 Sep, 2027",https://lims.bis.gov.in/home_lab_scope/587/,Textile & Leather,,Name/address metadata heuristic,Low,Textile & Leather
588,237,8171606,"Stellar Test House, Noida","G-68, Sector-63, Noida, Gautam Buddha Nagar, Uttar Pradesh, India - 201301",Uttar Pradesh,Noida,201301.0,Surbhi Garg (Quality Manager),+91 8130190099,ankit@stellartesthouse.com,"26 Sep, 2028",https://lims.bis.gov.in/home_lab_scope/588/,General / Multi-sector,,Name/metadata heuristic,Low,General / Multi-sector
591,238,8169306,Universal Testing and Research Centre (Division of Sustainable Stewardship Private Limited),"487/59, Ground Floor, Village Peeragarhi, National Market, New Delhi, West, Delhi, India - 110087",Delhi,Delhi,110087.0,ROOPESH SRIVASTAVA (Quality Manager),+91 9810730485,lab@universaltesthouse.com,"28 Nov, 2027",https://lims.bis.gov.in/home_lab_scope/591/,General / Multi-sector,,Name/metadata heuristic,Low,General / Multi-sector
592,239,8171106,"Customer Services &amp; Development Center, HPCL-Mittal Energy Limited, Noida","Plot A27, Sector 65, Gautam Buddha Nagar, Noida, Gautam Buddha Nagar, Uttar Pradesh, India - 201301",Uttar Pradesh,Noida,201301.0,Satyajit Samanta,9988885236,satyajit.samanta@hmel.in,"28 Jul, 2028",https://lims.bis.gov.in/home_lab_scope/592/,General / Multi-sector,,Name/metadata heuristic,Low,General / Multi-sector
596,240,8170806,"COTERD SOLUTIONS (OPC) PRIVATE LIMITED, AC TEST LAB, GREATER NOIDA","BLOCK ECOTECH VI PLOT NO. 62, SECTOR ECOTECH VI, GREATER NOIDA, Gautam Buddha Nagar, Uttar Pradesh, India - 201310",Uttar Pradesh,Noida,201310.0,Dr. Minakshi Shrivastava (Quality Manager),+91 9561266784,anuj@coterd.com,"15 Jul, 2028",https://lims.bis.gov.in/home_lab_scope/596/,Construction & Cement,,Name/address metadata heuristic,Low,Construction & Cement
607,241,5172106,"ANALYTICAL DEVELOPMENT- R &amp; D, EMAMI LTD., Kolkata","13, BT ROAD, KOLKATA 700056, KOLKATA, 24 PARAGANAS NORTH, West Bengal, India - 700056",West Bengal,Kolkata,700056.0,Dr. Partha Ganguly,8335043366,partha.ganguly@emamigroup.com,"03 May, 2029",https://lims.bis.gov.in/home_lab_scope/607/,General / Multi-sector,,Name/metadata heuristic,Low,General / Multi-sector
614,242,6169526,"TUV INDIA PVT LTD, PEENYA, BENGALURU","Plot No. 105, Peenya 3rd phase, sy.no. 90,92 and 93 Peenya Village, Yeshwanthapura Hobli,, BANGALORE, Bengaluru Urban, Karnataka, India - 560058",Karnataka,Bengaluru,560058.0,Gattu Anil Kumar,9505831183,dmoloy@tuv-nord.com,-,https://lims.bis.gov.in/home_lab_scope/614/,General / Multi-sector,,Name/metadata heuristic,Low,General / Multi-sector
637,243,9121934,"Central Institute of Petrochemicals Engineering &amp; Technology (CIPET), Murthal","CIPET-Murthal, Near DCRUST, Murthal, Sonipat, Sonipat, Sonipat, Haryana, India - 131039",Haryana,Sonipat,131039.0,SM Khaja (Quality Manager),+91 22254780,murthal@cipet.gov.in,"09 Aug, 2028",https://lims.bis.gov.in/home_lab_scope/637/,Mechanical & Engineering,"Plastic, Rubber & Polymer",Name/address metadata heuristic,Medium,Mechanical & Engineering
646,244,5171706,"NBML Building Materials Testing Lab LLP, Raipur","Raipur Bilaspur Road, Near Akaswani Radio Station, Urkura Nagar Raipur Chhattisgarh 493221, Raipur, Raipur, Chhattisgarh, India - 493221",Chhattisgarh,Raipur,493221.0,Nikhil Bajpayee (Technical Manager),+91 9881110389,nbmtl2017@gmail.com,"29 Sep, 2028",https://lims.bis.gov.in/home_lab_scope/646/,Construction & Cement,,Name/address metadata heuristic,Low,Construction & Cement
659,245,9171906,"QVC Certification Services Pvt. Ltd., Ambala","2-B, CIVIL LINES, YUKTI BUSINESS CENTRE, JAIL ROAD, NEAR OLD SESSION COURT, AMBALA,HARYANA, INDIA, Ambala City, Ambala, Haryana, India - 134003",Haryana,Ambala,134003.0,ANIL ARORA,9316037657,cemark@qvccert.com,"12 Jan, 2029",https://lims.bis.gov.in/home_lab_scope/659/,Construction & Cement,,Name/address metadata heuristic,Low,Construction & Cement
661,246,8176726,ABSOLUTE EXPERTISE TESTING LABORATORY LLP,"PLOT NO.1, KH NO. 23/1, 1ST FLOOR, AMBEY GARDEN, VILLAGE LIBASPUR, NORTH WEST, DELHI-110042, NEW DELHI, North West, Delhi, India - 110042",Delhi,Delhi,110042.0,Yogesh Pal (Quality Manager),+91 7065432161,info.aetllab@gmail.com,"11 Mar, 2027",https://lims.bis.gov.in/home_lab_scope/661/,General / Multi-sector,,Name/metadata heuristic,Low,General / Multi-sector
674,247,7171406,Precise Analytics Lab. (A Div of Meyer Organics Pvt.Ltd.),"Plot no. B-22, Road no. 16, Wagle Estate, Thane, Thane, Thane, Maharashtra, India - 400604",Maharashtra,Thane,400604.0,,+91 9769804657,info@preciseanalytics.co.in,"23 Aug, 2028",https://lims.bis.gov.in/home_lab_scope/674/,General / Multi-sector,,Name/metadata heuristic,Low,General / Multi-sector
680,248,7171526,"EAMP Laboratories LLP, Palghar","Survey No.102/1/2, Nagar Parishad House, Opp. ISKCON Food Relief Foundation, Near Sukhsagar Lane, Mahim Road, Palghar (W) 401 404, Palghar, Palghar, Maharashtra, India - 401404",Maharashtra,Palghar,401404.0,Yogesh Chandane,7021235486,admin@eamplaboratories.com,"13 Sep, 2028",https://lims.bis.gov.in/home_lab_scope/680/,Food & Agriculture,,Name/address metadata heuristic,Low,Food & Agriculture
684,249,9171026,"Vijai Electricals Ltd., Transformer Testing Laboratory, Haridwar","Vijai Electricals Ltd., Plot no. 1A, Sector 12, IIE, SIDCUL, Haridwar, Haridwar, Uttarakhand, India - 249403",Uttarakhand,Haridwar,249403.0,Surendra Kumar Sharma (Quality Manager),+91 40 67617777,surendra.sharma@vijai.co.in,"14 Jul, 2028",https://lims.bis.gov.in/home_lab_scope/684/,Electrical & Electronics,,Name/address metadata heuristic,Low,Electrical & Electronics
693,250,8164006,EKO PRO ENGINEERS PRIVATE LIMITED (32/37) GHAZIABAD,"32/37, SOUTH SIDE OF G.T ROAD, INDUSTRIAL AREA, Ghaziabad, Uttar Pradesh, Ghaziabad, Ghaziabad, Uttar Pradesh, India - 201009",Uttar Pradesh,Ghaziabad,201009.0,Amit Saxena (Quality Manager),+91 9810243870,labs@ekopro.in,"27 May, 2028",https://lims.bis.gov.in/home_lab_scope/693/,Mechanical & Engineering,,Name/address metadata heuristic,Low,Mechanical & Engineering
699,251,8171306,"INDIAN TESTING LABORATORY PRIVATE LIMITED, GREATER NOIDA","Plot No-248 , Ecotech - III, Udyog Kendra - II, GREATER NOIDA, Gautam Buddha Nagar, Uttar Pradesh, India - 201306",Uttar Pradesh,Noida,201306.0,Prem Prakash Srivastava,9999669383,itlnoida.labs@gmail.com,"15 Aug, 2028",https://lims.bis.gov.in/home_lab_scope/699/,General / Multi-sector,,Name/metadata heuristic,Low,General / Multi-sector
711,252,7171806,"Enviro Remediation &amp; Research Laboratory LLP, Thane","Gala No. 7, Ground floor, HDIL Industrial Park, Building No. 14,Chandansar, Virar (East), Thane,, Thane, Thane, Maharashtra, India - 401303",Maharashtra,Thane,401303.0,Dipti Shah (Quality Manager),+91 9820041728,contact@errl.co.in,"13 Nov, 2028",https://lims.bis.gov.in/home_lab_scope/711/,Construction & Cement,,Name/address metadata heuristic,Low,Construction & Cement
714,253,7170706,"Intertek India Pvt Ltd, Chandivali, Mumbai","“F “ Wing ,Tex Centre,Chandivali Farm Road, off, saki vihar Road,, MUMBAI, Mumbai Suburban, Maharashtra, India - 400072",Maharashtra,Mumbai,400072.0,Himangi Shinde,9920062725,himangi.shinde@intertek.com,"07 Jun, 2028",https://lims.bis.gov.in/home_lab_scope/714/,General / Multi-sector,,Name/metadata heuristic,Low,General / Multi-sector
727,254,8173526,"Robust Testing Solutions Private Limited, Alwar","PLOT H1-958, RIICO INDUSTRIAL AREA, CHOPANKI, BHIWADI, ALWAR, RAJASTHAN-301019, BHIWADI, Alwar, Rajasthan, India - 301019",Rajasthan,Bhiwadi,301019.0,Suruchi Sharma (Quality Manager),+91 9968717582,robusttestlab@gmail.com,"02 Aug, 2029",https://lims.bis.gov.in/home_lab_scope/727/,General / Multi-sector,,Name/metadata heuristic,Low,General / Multi-sector
729,255,8174526,"ABSOLUTE TESTING SERVICES, FARIDABAD","FCA-3659, SGM NAGAR NIT-3, FARIDABAD, HARYANA-121001, Faridabad, Faridabad, Haryana, India - 121001",Haryana,Faridabad,121001.0,Manoj sharma,9990004596,cs@a-ts.in,"13 Nov, 2026",https://lims.bis.gov.in/home_lab_scope/729/,General / Multi-sector,,Name/metadata heuristic,Low,General / Multi-sector
730,256,7173406,GODREJ - NASHIK,"Plot No. 305/3, Ramshej Shivar, Peth road, VILL. ASHEWADI, DINDORI, Nashik, Nashik, Maharashtra, India - 422003",Maharashtra,Nashik,422003.0,Chandan Prabhu,9769983890,chandan.prabhu@godrejagrovet.com,"30 Jul, 2026",https://lims.bis.gov.in/home_lab_scope/730/,General / Multi-sector,,Name/metadata heuristic,Low,General / Multi-sector
745,257,5174906,"Applications Research and Development Centre, Haldia Petrochemicals Limited, Kolkata","54/A/1, Block DN, Sector V, Saltlake City, Kolkata, 24 PARAGANAS NORTH, West Bengal, India - 700091",West Bengal,Kolkata,700091.0,Suvomoy Ganguly (Quality Manager),+91 9874973336,sudipta2847.ghosh@hpl.co.in,"30 Nov, 2029",https://lims.bis.gov.in/home_lab_scope/745/,Construction & Cement,,Name/address metadata heuristic,Low,Construction & Cement
746,258,8172006,Amit Test and Calibration Centre (8172006),"Kh. no. 45/7, Village Prahaladpur Bangar, Rohini Sector 30, Near Kali Mata Mandir, New Delhi, North West, Delhi, India - 110042",Delhi,Delhi,110042.0,Amit Jadon,9560959122,amittestlab@gmail.com,"16 Apr, 2029",https://lims.bis.gov.in/home_lab_scope/746/,Calibration & Metrology,,Name/address metadata heuristic,Low,Calibration & Metrology
752,259,6172206,"AIC-AMTZ Medivalley Incubation Council (Medivalley laboratory), Visakhapatnam","AMTZ Administrative Building, AMTZ Campus, Pragati Maidan, VM Steel Project S.O. Visakhapatnam, Andhra Pradesh-530031, Visakhapatnam, Visakhapatanam, Andhra Pradesh, India - 530031",Andhra Pradesh,Visakhapatnam,530031.0,Dilip Kumar Chekuri,9868710901,surya.ch@medivalley-aic.in,"18 May, 2026",https://lims.bis.gov.in/home_lab_scope/752/,Construction & Cement,Metal & Metallurgy,Name/address metadata heuristic,Low,Construction & Cement
761,260,7176516,"Accuprec Research Labs. Pvt. Ltd., Ahmedabad","Opposite Pharmez, Changodar- Bavla Highway, Near Matoda Patia, Post : Matoda, Ahmedabad - 382213, Gujarat, Ahmedabad, Ahmadabad, Gujarat, India - 382213",Gujarat,Ahmedabad,382213.0,Dr. Manish Rachchh,9099981023,manish.rachchh@accuprec.com,"28 Feb, 2027",https://lims.bis.gov.in/home_lab_scope/761/,General / Multi-sector,,Name/metadata heuristic,Low,General / Multi-sector
763,261,8178326,"ADS LABTECH, GHAZIABAD","39/2/10-A, Site-IV, Sahibabad Industrial Area, Ghaziabad, Ghaziabad, Uttar Pradesh, India - 201010",Uttar Pradesh,Ghaziabad,201010.0,Prashant tiwari (Technical Manager),+91 7217808235,shaktigroups@gmail.com,"15 May, 2027",https://lims.bis.gov.in/home_lab_scope/763/,General / Multi-sector,,Name/metadata heuristic,Low,General / Multi-sector
781,262,7173706,"Hasti Engineers LLP, Rajkot","KAILASH INDUSTRIAL AREA, 40 FEET SWATI RESIDENCY MAIN ROAD,, NR.SANDHIYA BRIDGE, GONDAL CHOWKDI,RAJKOT, Rajkot, Rajkot, Gujarat, India - 360002",Gujarat,Rajkot,360002.0,kamlesh vaja (Quality Manager),+91 9824483677,bliss.niraj@gmail.com,"21 Aug, 2029",https://lims.bis.gov.in/home_lab_scope/781/,Mechanical & Engineering,,Name/address metadata heuristic,Low,Mechanical & Engineering
784,263,6171906,"Winwall Technology India Private Limited,Thiruvallur","No.567-A, S R Kandigai Road, Gummidipoondi, Chennai, Thiruvallur, Tamil Nadu, India - 601201",Tamil Nadu,Chennai,601201.0,Harish Ramakrishnan,9080992502,info@winwallindia.com,"10 Apr, 2029",https://lims.bis.gov.in/home_lab_scope/784/,General / Multi-sector,,Name/metadata heuristic,Low,General / Multi-sector
785,264,7173804,"Central Institute of Petrochemicals Engineering &amp; Technology (CIPET), Chandrapur","Plot No. C-10/1, MIDC Tadali Industrial Area,, Chandrapur, Chandrapur, Maharashtra, India - 442406",Maharashtra,Maharashtra,442406.0,Devanand Bambole,8829039100,cipetchandrapurptc@gmail.com,"10 Sep, 2029",https://lims.bis.gov.in/home_lab_scope/785/,Mechanical & Engineering,"Plastic, Rubber & Polymer",Name/address metadata heuristic,Medium,Mechanical & Engineering
792,265,5173304,"CIPET : CSTS - AGARTALA PLASTICS TESTING LABORATORY, (CIPET, AGARTALA)","Industrial growth centre, Budhjungnagar,, R.K. NAGAR, Mohanpur, Agartala, West Tripura, Tripura, India - 799008",Tripura,Agartala,799008.0,P. VIJAYA KUMAR,9849599133,agartala@cipet.gov.in,"27 Jul, 2029",https://lims.bis.gov.in/home_lab_scope/792/,"Plastic, Rubber & Polymer",,Name/address metadata heuristic,Low,"Plastic, Rubber & Polymer"
798,266,9173226,TECHVISION TESTING LAB PRIVATE LIMITED,"B-6 (3rd Floor, 2nd Floor &amp; Basement), Commercial, Complex, Nimri Colony, Ashok Vihar, Phase-IV, Delhi-110052., DELHI, North West, Delhi, India - 110052",Delhi,Delhi,110052.0,Amit Sharma,9811574507,techvisioncustomercell@gmail.com,"16 Jul, 2029",https://lims.bis.gov.in/home_lab_scope/798/,General / Multi-sector,,Name/metadata heuristic,Low,General / Multi-sector
806,267,7175806,"ADARSH SCIENTIFIC RESEARCH CENTER AND TESTING LABORATORY PVT. LTD., PANVEL","SHRI D.D. VISPUTE COLLEGE OF PHARMACY AND RESEARCH CENTER, PANVEL, RAIGAD, MAHARASHTRA, INDIA, Panvel, Raigad, Maharashtra, India - 410206",Maharashtra,Raigad,410206.0,Prashant Mukane,9833193902,asrctl@gmail.com,"14 Jan, 2027",https://lims.bis.gov.in/home_lab_scope/806/,General / Multi-sector,,Name/metadata heuristic,Low,General / Multi-sector
807,268,8183216,"Jagdamba Laboratories (OPC) Pvt Ltd, Jaipur","119, Solitaire Industrial Park , Phase 1st, Dahmi Kallan, Bagru , Jaipur , Rajasthan, Jaipur, Jaipur, Rajasthan, India - 303007",Rajasthan,Jaipur,303007.0,Vimal Kumar Sharma (Quality Manager),+91 141 2390604,jagdambalab4@gmail.com,"22 Dec, 2027",https://lims.bis.gov.in/home_lab_scope/807/,General / Multi-sector,,Name/metadata heuristic,Low,General / Multi-sector
820,269,8178226,Vardhamana Testing Laboratory OPC Pvt. Ltd.,"Plot No 403, Udyog Kendra 2, Ecotech 3, Greater Noida, Gautam Buddha Nagar, Uttar Pradesh, India - 201306",Uttar Pradesh,Noida,201306.0,POOJA JAIN (Quality Manager),+91 9818686724,poojajain@vtlabnoida.com,"29 Apr, 2027",https://lims.bis.gov.in/home_lab_scope/820/,General / Multi-sector,,Name/metadata heuristic,Low,General / Multi-sector
825,270,5173614,"CENTRAL INSTITUTE OF PETROCHEMICALS ENGINEERING &amp; TECHNOLOGY (CIPET), RANCHI","HEHAL, RANCHI, JHARKHAND, INDIA, Ranchi, Ranchi, Jharkhand, India - 834005",Jharkhand,Ranchi,834005.0,Mr. Avneet Kumar Joshi (Quality Manager),+91 651 2999713,cipetranchi@gmail.com,"09 Aug, 2029",https://lims.bis.gov.in/home_lab_scope/825/,Mechanical & Engineering,"Plastic, Rubber & Polymer",Name/address metadata heuristic,Medium,Mechanical & Engineering
835,271,6107716,"IAPMO INDIA PVT LTD, BENGALURU","First Floor, 38/1&amp;2, Bertenna Agrahara, Hosur Main Road, Bengaluru, Karnataka - 560100, Bangalore, Bengaluru Urban, Karnataka, India - 560100",Karnataka,Bengaluru,560100.0,Mukthesh Pathi,9632248866,mukthesh.pathi@iapmo.org,"18 Mar, 2027",https://lims.bis.gov.in/home_lab_scope/835/,General / Multi-sector,,Name/metadata heuristic,Low,General / Multi-sector
836,272,8182036,"LANDMARK MATERIAL TESTING AND RESEARCH LABORATORY PVT LTD, JAIPUR","G-200 RIICO INDUSTRIAL AREA, MANSAROVAR, Jaipur, Jaipur, Rajasthan, India - 302020",Rajasthan,Jaipur,302020.0,Dr. Anil Dixit,9414297329,LRLJPRR@gmail.com,"27 Oct, 2027",https://lims.bis.gov.in/home_lab_scope/836/,General / Multi-sector,,Name/metadata heuristic,Low,General / Multi-sector
840,273,8172626,ATCC TEST LABS LLP,"KHASRA NO. 45/6, SITUATED IN THE AREA, VILLAGE PRAHLADPUR BANGER,, North West Delhi, Delhi, 110042, Delhi, North West, Delhi, India - 110042",Delhi,Delhi,110042.0,RAJIV JADON,9891606632,info@atcctestlabs.com,"15 Jun, 2029",https://lims.bis.gov.in/home_lab_scope/840/,General / Multi-sector,,Name/metadata heuristic,Low,General / Multi-sector
850,274,6174606,"BANGALORE ANALYTICAL RESEARCH CENTER (P) LTD, BENGALURU","Sy No.57, Shree Vijayaraja Estate, Chokkanahalli, Jakkur Post, Yelahanka, Bangalore-560064, India, Bangalore, Bengaluru Urban, Karnataka, India - 560064",Karnataka,Bengaluru,560064.0,Kausalya M - Quality Manager,9916101519,prasad.brr@gmail.com,"14 Nov, 2026",https://lims.bis.gov.in/home_lab_scope/850/,General / Multi-sector,,Name/metadata heuristic,Low,General / Multi-sector
869,275,9172306,"JBS TESTING SOLUTIONS (Unit-2) (24), Jalandhar","Plot No. 24, Street No. 2, Adjoining focal Point Road, Transport Nagar, Jalandhar, Jalandhar, Jalandhar, Punjab, India - 144004",Punjab,Jalandhar,144004.0,,+91 7582929529,unit2.jbs@gmail.com,"22 May, 2029",https://lims.bis.gov.in/home_lab_scope/869/,General / Multi-sector,,Name/metadata heuristic,Low,General / Multi-sector
875,276,7172436,"Perficio Testing and Research Centre, Vadodara","Plot-A-2, Kamdhenu Industrial Estate, Commercial Industrial Premises, Opp. Gorwa Water Tank, Gorwa, Vadodara, Vadodara, Vadodara, Gujarat, India - 390003",Gujarat,Vadodara,390003.0,Mr. Kunwarpreet Singh Anand,8238073311,kunwarpreet@perficio.in,"28 May, 2029",https://lims.bis.gov.in/home_lab_scope/875/,Environmental & Water,,Name/address metadata heuristic,Low,Environmental & Water
879,277,5172706,"GLOBAL COMPLIANCE LABORATORY INDIA, GHAZIABAD","14/17, 2nd Floor, Site-4 Industrial Area, Sahibabad, Ghaziabad U.P., Ghaziabad, Ghaziabad, Uttar Pradesh, India - 201010",Uttar Pradesh,Ghaziabad,201010.0,Deepak Sharma,9873911918,deepakgclindia@gmail.com,"20 Jun, 2029",https://lims.bis.gov.in/home_lab_scope/879/,General / Multi-sector,,Name/metadata heuristic,Low,General / Multi-sector
905,278,8179206,ISSPL Limited,"1st and 2nd Floor, B-11G, CEG Tower, Industrial Area, Malviya Nagar, Jaipur - 302017, Jaipur, Jaipur, Rajasthan, India - 302017",Rajasthan,Jaipur,302017.0,Dr. Vikas Gupta,9634063932,Vikas.Gupta@irclass.org,"06 Aug, 2027",https://lims.bis.gov.in/home_lab_scope/905/,General / Multi-sector,,Name/metadata heuristic,Low,General / Multi-sector
916,279,6175936,BISS LABS -DIVISION OF ITW INDIA PRIVATE LIMITED. BENGALURU,"497/E, 14th Cross, 4th Phase, 2nd Stage Peenya Industrial Area, Bangalore: 560058 Karnataka State, India, Bangaluru, Bengaluru Urban, Karnataka, India - 560058",Karnataka,Bengaluru,560058.0,Shinekumar K (Quality Manager),+91 9880217600,Shine_Kumar@instron.com,-,https://lims.bis.gov.in/home_lab_scope/916/,General / Multi-sector,,Name/metadata heuristic,Low,General / Multi-sector
927,280,8175126,"MARQUIS TECHNOLOGIES PRIVATE LIMITED, NOIDA","Plot No A-43, SECTOR 67, Noida, Gautam Buddha Nagar, Uttar Pradesh, India - 201301",Uttar Pradesh,Noida,201301.0,Dheeraj Saraswat(Deputy Quality Manager),8171734127,brsingh@marquistech.com,"13 Dec, 2029",https://lims.bis.gov.in/home_lab_scope/927/,General / Multi-sector,,Name/metadata heuristic,Low,General / Multi-sector
950,281,7174006,"Accurate Universal Laboratoies Private Limited, Ahmedabad","D-171 to 174, 263 to 266, Siddhi Industrial Park, AHMEDABAD, Ahmadabad, Gujarat, India - 380004",Gujarat,Ahmedabad,380004.0,Zalak Amin (Quality Manager),+91 9824014571,info@accuratelaboratory.in,"19 Sep, 2029",https://lims.bis.gov.in/home_lab_scope/950/,General / Multi-sector,,Name/metadata heuristic,Low,General / Multi-sector
951,282,7174106,"Precision Laboratories LLP, Ahmedabad","E-267, 268, Siddhi Industrial Park, Ahmedabad, Ahmedabad, Ahmadabad, Gujarat, India - 380004",Gujarat,Ahmedabad,380004.0,Jatin Patel (Technical Manager),+91 9824014571,precisionlabllp@gmail.com,"31 Oct, 2029",https://lims.bis.gov.in/home_lab_scope/951/,General / Multi-sector,,Name/metadata heuristic,Low,General / Multi-sector
952,283,7175516,"Umwelt Research Lab Private Limited, Pune","Plot No 20 (Part) D-III Block MIDC Chinchwad, Pune, Pune, Maharashtra, India - 411019",Maharashtra,Pune,411019.0,Nandkishor Gaidhani,9422007106,spanhydro@rediffmail.com,"26 Dec, 2026",https://lims.bis.gov.in/home_lab_scope/952/,Construction & Cement,,Name/address metadata heuristic,Low,Construction & Cement
957,284,7174706,"COTTON ASSOCIATION OF INDIA COTTON TESTING AND RESEARCH LABORATORY, MUMBAI","2nd floor, Cotton Exchange Building, Opp Cotton Green Railway Station, Cotton Green, Mumbai 400 033., MUMBAI, Mumbai, Maharashtra, India - 400033",Maharashtra,Mumbai,400033.0,SANKET SHINGOTE,8691068976,laboratory.mb@caionline.in,"20 Nov, 2026",https://lims.bis.gov.in/home_lab_scope/957/,Textile & Leather,Construction & Cement,Name/address metadata heuristic,Low,Textile & Leather
960,285,6175606,"ALS Testing Services India Pvt. Ltd., Bengaluru","No 65, Bommasandra Jigani Link Road KIADB Industrial Area, Bangalore - 560105 Karnataka, India, Banglore, Bengaluru Urban, Karnataka, India - 560105",Karnataka,Bengaluru,560105.0,Sundaram Dharmaraju (Technical Manager),+91 9071211500,pooja.ahuja@alsglobal.com,"11 Jan, 2027",https://lims.bis.gov.in/home_lab_scope/960/,General / Multi-sector,,Name/metadata heuristic,Low,General / Multi-sector
987,286,8175706,ARDM Labs Pvt Ltd,"A-80, G. T. KARNAL ROAD INDUSTRIAL AREA, AZADPUR, DELHI, North, Delhi, India - 110033",Delhi,Delhi,110033.0,Vikram Chhabra (Quality Manager),+91 11 47252211,ardmlabs@gmail.com,"11 Jan, 2027",https://lims.bis.gov.in/home_lab_scope/987/,General / Multi-sector,,Name/metadata heuristic,Low,General / Multi-sector
1013,287,8177224,"CENTRAL POWER RESEARCH INSTITUTE (CPRI),NOIDA","Regional Testing Laboratory, Plot No.-3A, Intuitional Area, Sector-62, Noda, Noida, Gautam Buddha Nagar, Uttar Pradesh, India - 201309",Uttar Pradesh,Noida,201309.0,MANOJ KUMAR JAISWAL (Technical Manager),+91 9810803435,jaiswal@cpri.in,"25 Mar, 2027",https://lims.bis.gov.in/home_lab_scope/1013/,General / Multi-sector,,Name/metadata heuristic,Low,General / Multi-sector
1014,288,7174321,"Astute Labs Pvt Ltd, Pune","Sr. No. 82/1, Bajirao Dhawade Patil Industrial Estate, NDA Road, Shivane, Pune, Pune, Maharashtra, India - 411023",Maharashtra,Pune,411023.0,Mr. Kunal Deshpande,9689944877,kunal@astute-labs.com,"05 Nov, 2029",https://lims.bis.gov.in/home_lab_scope/1014/,General / Multi-sector,,Name/metadata heuristic,Low,General / Multi-sector
1029,289,6179035,"Indian Rubber Materials Research Institute (IRMRI), Tirupati","# 2680, Central Expressway, Sri City, Tirupati District, Tirupati, Chittoor, Andhra Pradesh, India - 517646",Andhra Pradesh,Tirupati,517646.0,Paul Vannan,8655095345,info.south@irmra.org,"22 Aug, 2027",https://lims.bis.gov.in/home_lab_scope/1029/,"Plastic, Rubber & Polymer",,Name/address metadata heuristic,Low,"Plastic, Rubber & Polymer"
1039,290,8178406,"NATIONAL COMMODITIES MANAGEMENT SERVICES LIMITED, GURUGRAM","Plot no. 883 , 3rd floor , udyog vihar phase 5 , Sector 19 , Gurgaon, Gurgaon, Gurugram, Haryana, India - 122016",Haryana,Gurugram,122016.0,Iram Khannum (Quality Manager),+91 7428692682,iram.k@ncml.com,"17 May, 2027",https://lims.bis.gov.in/home_lab_scope/1039/,General / Multi-sector,,Name/metadata heuristic,Low,General / Multi-sector
1048,291,8174226,Planet Electro Labs Private Limited (407),"WZ-407/B-1, BASAI DARAPUR, NEAR RAMESH NAGAR METRO STATION,NEW DELHI, NEW DELHI, West, Delhi, India - 110015",Delhi,Delhi,110015.0,ABHINAV DEWAN,9971932901,PLANETLABSIND@gmail.com,"05 Nov, 2029",https://lims.bis.gov.in/home_lab_scope/1048/,General / Multi-sector,,Name/metadata heuristic,Low,General / Multi-sector
1049,292,8177706,"SHIVA TEST HOUSE PRIVATE LIMITED, Ghaziabad","Plot No. 10, Khasra No. 211, Saipuram Colony, Morti, Ghaziabad, Ghaziabad, Uttar Pradesh, India - 201017",Uttar Pradesh,Ghaziabad,201017.0,MITHILESH KUMAR (Technical Manager),+91 9548459893,shivatesthousepvtltd@gmail.com,"11 Apr, 2027",https://lims.bis.gov.in/home_lab_scope/1049/,General / Multi-sector,,Name/metadata heuristic,Low,General / Multi-sector
1057,293,8176806,PIONEER TESTING LABORATORY PRIVATE LIMITED,"Kh No. 84/2, Street No: 4, Mundka Industrial Area, (Near Mundka INDUSTRIAL Area Metro Station), New Delhi - 110041., Delhi, West, Delhi, India - 110041",Delhi,Delhi,110041.0,P.C. Mishra (Quality Manager),+91 9810040186,pioneertestinglabdelhi@gmail.com,-,https://lims.bis.gov.in/home_lab_scope/1057/,General / Multi-sector,,Name/metadata heuristic,Low,General / Multi-sector
1084,294,7175321,"ELECTRICAL POWER RESEARCH LABORATORY, VADODARA","Plot No. 25, Aatmiya Brookfieldz Industrial Park, AT Untiya (Kajapur) Village, Near POR Village, Vadodara, Vadodara, Gujarat, India - 391240",Gujarat,Vadodara,391240.0,S.B.DIWAN,9724207285,sb.diwan@eprl.in,"26 Aug, 2027",https://lims.bis.gov.in/home_lab_scope/1084/,Electrical & Electronics,,Name/address metadata heuristic,Low,Electrical & Electronics
1086,295,7192524,"Electronic Safety Test Laboratory, EMC Division, SAMEER-Centre for Microwave Research","Sector-7, Rain Tree Marg, CBD Belapur, Navi Mumbai, Navi Mumbai, Raigad, Maharashtra, India - 400614",Maharashtra,Mumbai,400614.0,Gautam Shende (Technical Manager),+91 9869015506,gautam@sameer.gov.in,"04 Dec, 2028",https://lims.bis.gov.in/home_lab_scope/1086/,Electrical & Electronics,Safety & Protective Equipment,Name/address metadata heuristic,Low,Electrical & Electronics
1091,296,8180636,Test Master,"A-36, Shakti Vihar, Geeta Mandir Road, Mohan Garden, Uttam Nagar,, Delhi, West, Delhi, India - 110059",Delhi,Delhi,110059.0,R.P. Saxena (Quality Manager),+91 9811938703,filtertestlab1@gmail.com,"09 Oct, 2027",https://lims.bis.gov.in/home_lab_scope/1091/,General / Multi-sector,,Name/metadata heuristic,Low,General / Multi-sector
1099,297,8179926,Aaditech Test and Calibration Lab LLP,"Plot No. 5, Block-R, Kh.No. 38/16, Street No.4, Rama Vihar- Village Karala, Rohini, North West, Delhi, India - 110081",Delhi,Delhi,110081.0,Bharat Malhotra (Quality Manager),+91 8860402469,aaditechtestlab@gmail.com,-,https://lims.bis.gov.in/home_lab_scope/1099/,Calibration & Metrology,Construction & Cement,Name/address metadata heuristic,Low,Calibration & Metrology
1102,298,7174421,"TYPE TEST CENTER SIEMENS LIMITED KALWA, NAVI MUMBAI","SIEMENS LIMITED, KALWA WORKS, THANE BELAPUR ROAD, Navi Mumbai, Thane, Maharashtra, India - 400708",Maharashtra,Mumbai,400708.0,Neelesh Kayal (Quality Manager),+91 9820055702,ttcslkw.in@siemens.com,"07 Nov, 2026",https://lims.bis.gov.in/home_lab_scope/1102/,General / Multi-sector,,Name/metadata heuristic,Low,General / Multi-sector
1110,299,7175421,"Baroda Calibration Services LLP, Vadodara","Survey No. 88, Ramangamdi to Kashipura Road, Ramangamdi, Por, District: Vadodara – 391243, Gujarat., Vadodara, Vadodara, Gujarat, India - 391243",Gujarat,Vadodara,391243.0,Pratik Shah (Technical Manager),+91 8758899235,jayesh@barodacalibration.com,"21 Dec, 2026",https://lims.bis.gov.in/home_lab_scope/1110/,Calibration & Metrology,,Name/address metadata heuristic,Low,Calibration & Metrology
1112,300,9176026,"NIIRT - Calibration and Testing Private Limited, Panchkula","214, Kundi, Sector-20, Panchkula, Panchkula, Panchkula, Haryana, India - 134117",Haryana,Haryana,134117.0,Ashutosh Narayan (Quality Manager),+91 8727935010,contact.niirt@gmail.com,"06 Feb, 2027",https://lims.bis.gov.in/home_lab_scope/1112/,Calibration & Metrology,,Name/address metadata heuristic,Low,Calibration & Metrology
1142,301,8177804,"International Testing Centre, MSME Technology Development Centre, Meerut","Sports Goods Complex , Delhi Road, Meerut, Meerut, Uttar Pradesh, India - 250001",Delhi,Delhi,250001.0,Anil Panchal,8630931552,testinglab@ppdcmeerut.com,"15 Apr, 2027",https://lims.bis.gov.in/home_lab_scope/1142/,Mechanical & Engineering,,Name/address metadata heuristic,Low,Mechanical & Engineering
1195,302,6177526,"GIGA LABS, BENGALURU","BEARYS GLOBAL RESEARCH CENTRE, 63/3B, GORVIGERE VILLAGE, BIDARAHALLI HOBLI, BENGALURU, BENGALURU, Bengaluru Rural, Karnataka, India - 560067",Karnataka,Bengaluru,560067.0,Arul Jyothi,9972662131,arul.jyothi@se.com,-,https://lims.bis.gov.in/home_lab_scope/1195/,General / Multi-sector,,Name/metadata heuristic,Low,General / Multi-sector
1202,303,9177306,"WELL TECH TEST AND RESEARCH CENTER, DERABASSI","INDUSTRIAL BLOCK -B , VILLAGE SAIDPURA, DERABASSI, MOHALI, S.A.S Nagar, Punjab, India - 140507",Punjab,Mohali,140507.0,inder pal,7973565868,mail.wtechresearch@gmail.com,"30 Mar, 2027",https://lims.bis.gov.in/home_lab_scope/1202/,Construction & Cement,,Name/address metadata heuristic,Low,Construction & Cement
1217,304,7177626,"Lauritz Knudsen Switchgear Testing Laboratories, MSW, SEIPL, Mumbai","SCHNEIDER ELECTRIC INDIA PRIVATE LIMITED, PLOT NO. - A600, TTC INDUSTRIAL AREA, MIDC, SHIL-PHATA ROAD, MAHAPE, MAHARASHTRA – 400710., Mumbai, Mumbai Suburban, Maharashtra, India - 400710",Maharashtra,Mumbai,400710.0,Somnath Borate,9769979737,somnath.borate@lntebg.com,"11 Apr, 2027",https://lims.bis.gov.in/home_lab_scope/1217/,Electrical & Electronics,,Name/address metadata heuristic,Low,Electrical & Electronics
1218,305,7176426,"Novateur Electrical and Digital Systems Pvt Ltd, Sinnar, Nasik","A-2, MIDC Malegaon, Sinnar, Nashik, Nashik, Maharashtra, India - 422113",Maharashtra,Nashik,422113.0,TUSHAR DHAKE (Quality Manager),+91 8657926870,nedspl.lab@legrand.com,"21 Feb, 2027",https://lims.bis.gov.in/home_lab_scope/1218/,Electrical & Electronics,,Name/address metadata heuristic,Low,Electrical & Electronics
1219,306,6177006,"Tentamus India Pvt. Ltd. (Formerly Megsan Labs Pvt. Ltd.), Hyderabad","#3-31/33, Plot No. 33/Part, Sy Nos. 123, 124, 125 &amp; 142, Kompally, Quthbullapur, Hyderabad-500014, Hyderabad, Medchal Malkajgiri, Telangana, India - 500014",Telangana,Hyderabad,500014.0,Anil Kumar (Technical Manager),+91 9966405066,a.maheshkumar@megsanlabs.com,"20 Mar, 2027",https://lims.bis.gov.in/home_lab_scope/1219/,General / Multi-sector,,Name/metadata heuristic,Low,General / Multi-sector
1228,307,8184006,"Quality Testing &amp; Research Lab, Gautam Buddha Nagar","Plot No. 28 -29, Khasara No. 1013 &amp; 1017, Prem Vihar Bisrakh Road, Chhapraula, Gautam Buddha Nagar, Uttar Pradesh, 201009, Ghaziabad, Gautam Buddha Nagar, Uttar Pradesh, India - 201009",Uttar Pradesh,Ghaziabad,201009.0,Ms. Payal Malik (Quality Manager),+91 8810603028,testinglabqualityresearch@gmail.com,"23 Feb, 2028",https://lims.bis.gov.in/home_lab_scope/1228/,General / Multi-sector,,Name/metadata heuristic,Low,General / Multi-sector
1241,308,8175006,"HT Product Services Private Limited, Noida","B-78 (Basement, First, Fourth and Fifth Floor) Sector-5, Noida, Noida, Gautam Buddha Nagar, Uttar Pradesh, India - 201301",Uttar Pradesh,Noida,201301.0,Sahil Thareja,9899994387,info@houseoftesting.com,"03 Dec, 2026",https://lims.bis.gov.in/home_lab_scope/1241/,General / Multi-sector,,Name/metadata heuristic,Low,General / Multi-sector
1242,309,9182336,"(Deferred)COTTON ASSOCIATION OF INDIA, COTTON TESTING AND RESEARCH LABORATORY, BATHINDA","2nd floor, Shop No. 4465, Bank Bazar, Above State Bank of Bikaner &amp; Jaipur Bank, Bathinda, BATHINDA, Bathinda, Punjab, India - 151001",Rajasthan,Jaipur,151001.0,Ankit Singh,9695258862,laboratory.bt@caionline.in,"11 Nov, 2028",https://lims.bis.gov.in/home_lab_scope/1242/,Textile & Leather,,Name/address metadata heuristic,Low,Textile & Leather
1254,310,8180036,"(Deferred)COTTON ASSOCIATION OF INDIA, COTTON TESTING AND RESEARCH LABORATORY, KHARGONE","Ground Floor, Hotel P.M. Commercial Area,Opp.Agrawal Hotel, Near Bus Stand,, Khargone, Khargone, Madhya Pradesh, India - 451001",Madhya Pradesh,Madhya Pradesh,451001.0,,+91 9819448452,laboratory.kh@caionline.in,"29 Aug, 2028",https://lims.bis.gov.in/home_lab_scope/1254/,Textile & Leather,,Name/address metadata heuristic,Low,Textile & Leather
1258,311,7178936,"(Deferred)COTTON ASSOCIATION OF INDIA, COTTON TESTING AND RESEARCH LABORATORY, AHMEDABAD","101, Arth Complex, 1st Floor, Mithakali, 6 Rastha, Opp Passport Office Near LG Showroom, Navrangpura,, Ahmedabad, Ahmadabad, Gujarat, India - 380009",Gujarat,Ahmedabad,380009.0,BRIJESH MISHRA,8000090356,laboratory.ah@caionline.in,"10 Jul, 2028",https://lims.bis.gov.in/home_lab_scope/1258/,Textile & Leather,,Name/address metadata heuristic,Low,Textile & Leather
1265,312,6176216,Hubert Enviro Care Systems Limited,"A-21, III rd Phase, Labour Colony, Thiru-Vi-Ka Industrial Estate,Guindy, Chennai, Chennai, Tamil Nadu, India - 600032",Tamil Nadu,Chennai,600032.0,Anusuya D (Lab manager),9884323124,labmanager@hecs.in,"15 Feb, 2027",https://lims.bis.gov.in/home_lab_scope/1265/,General / Multi-sector,,Name/metadata heuristic,Low,General / Multi-sector
1276,313,9179606,"SHRIRAM FOOD AND PHARMA RESEARCH CENTRE, GHAZIABAD","AO-150, Second Floor, Amrit Steel Compound, G.T. Road Industrial Area, Ghaziabad, Ghaziabad, Ghaziabad, Uttar Pradesh, India - 201001",Uttar Pradesh,Ghaziabad,201001.0,Mr. Abhishek Shukla,9306916052,sfprc2022@yahoo.com,"20 Aug, 2027",https://lims.bis.gov.in/home_lab_scope/1276/,Food & Agriculture,Pharmaceutical & Medical; Metal & Metallurgy,Name/address metadata heuristic,Low,Food & Agriculture
1303,314,8176106,"Atmy Analytical Labs Private Limited (Unit-2), Greater Noida","B-19, Ecotech,-1 Extension, Kasna, Greater Noida, Gautam Buddha Nagar, Uttar Pradesh, India - 201310",Uttar Pradesh,Noida,201310.0,Dr. D.P. Singh,9910808996,unit2@atmylabs.com,"08 Feb, 2027",https://lims.bis.gov.in/home_lab_scope/1303/,General / Multi-sector,,Name/metadata heuristic,Low,General / Multi-sector
1318,315,9186006,"MICRO ENGINEERING AND TESTING LABORATORY OPC PRIVATE LIMITED, SONIPAT","Plot No.43, HSIIDC, Indl. Estate, Rai, Sonipat, Sonipat, Haryana, India - 131029",Haryana,Sonipat,131029.0,Mosin Ali (Quality Manager),+91 9871143785,METLSON@YAHOO.COM,"04 Jun, 2028",https://lims.bis.gov.in/home_lab_scope/1318/,Mechanical & Engineering,,Name/address metadata heuristic,Medium,Mechanical & Engineering
1319,316,7186336,"COTTON ASSOCIATION OF INDIA, COTTON TESTING AND RESEARCH LABORATORY, RAJKOT","Maruti Nandan Commercial Complex, In Side Ground Floor, Opp. Galaxy Hotel, Jawahar Road, RAJKOT, Rajkot, Gujarat, India - 360001",Gujarat,Rajkot,360001.0,,+91 9924580810,laboratory.rk@caionline.in,"23 Jun, 2028",https://lims.bis.gov.in/home_lab_scope/1319/,Textile & Leather,,Name/address metadata heuristic,Low,Textile & Leather
1320,317,7182136,"(Deferred)Wakefield Inspection Services India Pvt. Ltd, Mumbai","B-4, Ground Floor, Cotton Exchange Building, Opposite Cotton Green Railway Station, Cotton Green-East, Mumbai-400033, COTTON GREEN, Mumbai, Maharashtra, India - 400033",Maharashtra,Mumbai,400033.0,Viral Shah (Quality Manager),+91 9920266554,ind-lab@wiscontrol.com,"29 Oct, 2028",https://lims.bis.gov.in/home_lab_scope/1320/,Textile & Leather,Construction & Cement,Name/address metadata heuristic,Low,Textile & Leather
1321,318,7195836,"COTTON ASSOCIATION OF INDIA, COTTON TESTING AND RESEARCH LABORATORY, JALGAON","52-B, Karmayog, Jila Peth, Behind Saibaba Mandir, Near Ambedkar Market, JALGAON, Jalgaon, Maharashtra, India - 425001",Maharashtra,Maharashtra,425001.0,,+91 9552472732,laboratory.jl@caionline.in,"13 Jan, 2029",https://lims.bis.gov.in/home_lab_scope/1321/,Textile & Leather,,Name/address metadata heuristic,Low,Textile & Leather
1330,319,7183416,"Rohan Energy Solutions Pvt Ltd ( Testing Laboratory Division), Nashik","SUR NO 68/8 A/P NIGDOL, NIGDOL DINDORI, Nashik, Maharashtra, India - 422202",Maharashtra,Nashik,422202.0,Dipak Talekar,9767297636,operations@rohanenergy.com,"05 Jan, 2028",https://lims.bis.gov.in/home_lab_scope/1330/,General / Multi-sector,,Name/metadata heuristic,Low,General / Multi-sector
1344,320,8176906,"AADCO TESTING &amp; RESEACH LABORATORY PVT LTD (UNIT-2) (E37), Ghaziabad","E-37 BSR INDUSTRIAL AREA GHAZIABAD, GHAZIABAD, Ghaziabad, Uttar Pradesh, India - 201009",Uttar Pradesh,Ghaziabad,201009.0,BHUPENDER SINGH (Technical Manager),+91 955,aadcofiretesting@gmail.com,"19 Mar, 2027",https://lims.bis.gov.in/home_lab_scope/1344/,General / Multi-sector,,Name/metadata heuristic,Low,General / Multi-sector
1345,321,6187504,"POLYMER TESTING LABORATORY, CIPET:SARP-APDDRL","PLOT NO.- 7P, HI TECH DEFENCE &amp; AEROSPACE PARK (IT SECTOR), Bangalore, Bengaluru Rural, Karnataka, India - 562149",Karnataka,Bengaluru,562149.0,Dr Manoranjan Biswal (Quality Manager),+91 044 22254780,apddrl@cipet.gov.in,-,https://lims.bis.gov.in/home_lab_scope/1345/,"Plastic, Rubber & Polymer",,Name/address metadata heuristic,Medium,"Plastic, Rubber & Polymer"
1346,322,9182936,"National Soil Testing and Research Laboratories, Panchkula","Plot No 384 Phase-2 Industrail Area Panchkula, Panchkula, Panchkula, Haryana, India - 134112",Haryana,Haryana,134112.0,Satinder Walia (Technical Manager),+91 9872010622,nationallab2014@gmail.com,-,https://lims.bis.gov.in/home_lab_scope/1346/,General / Multi-sector,,Name/metadata heuristic,Low,General / Multi-sector
1348,323,8176606,Advance Firetec and Research Lab Pvt. Ltd,"B-3, 2nd floor, Mangolpuri Industrial Area, Phase 2, New Delhi. (Site Lab:- Advance Firetec and Research Lab Pvt. Ltd., Kishora road, Villege- Kamasupur , Sonipat (Haryana) for Fire Performance Testing),",Delhi,Delhi,,Subir Kumar Nandi,9971032375,aftrlab24@gmail.com,"03 Mar, 2030",https://lims.bis.gov.in/home_lab_scope/1348/,Safety & Protective Equipment,,Name/address metadata heuristic,Low,Safety & Protective Equipment
1349,324,6184126,"ABB ELSP LAB, Bengaluru","88/3; 88/6 BASAVA NAHALLI VILLAGE, NELAMANGALA, BENGALURU, KARNATAKA, INDIA, Bengaluru, Bengaluru Rural, Karnataka, India - 562123",Karnataka,Bengaluru,562123.0,,+91 8880606642,in-elspbanglore_testlab_abb@abb.com,-,https://lims.bis.gov.in/home_lab_scope/1349/,General / Multi-sector,,Name/metadata heuristic,Low,General / Multi-sector
1351,325,8188316,Global Technical Services (Central Oil Testing Laboratory),"Hindustan Zinc Limites, Rampura Agucha Mines, P.O. Agucha- Gulabpura, Gulabpura, Bhilwara, Rajasthan, India - 311030",Rajasthan,Bhilwara,311030.0,Gaurav Mathur,9892545299,gkm@gtsinidia.com,"19 Sep, 2028",https://lims.bis.gov.in/home_lab_scope/1351/,Food & Agriculture,,Name/address metadata heuristic,Low,Food & Agriculture
1380,326,8186026,"BCH Electric Limited, Faridabad","20/4, Mathura road, Faridabad, Faridabad, Haryana, India - 121006",Haryana,Faridabad,121006.0,Sushil Kumar,9818399068,sushil.kumar@bchindia.com,"05 Jun, 2028",https://lims.bis.gov.in/home_lab_scope/1380/,General / Multi-sector,,Name/metadata heuristic,Low,General / Multi-sector
1389,327,9177406,"RTRC LIMITED, GURUGRAM","Plot No. 296, Sector-7, Phase-II,Industrial Estate,IMT Manesar, Gurugram, Gurugram, Gurugram, Haryana, India - 122050",Haryana,Gurugram,122050.0,Manish Arora (Quality Manager),+91 8826495200,qa@rtrc.in,"03 Apr, 2027",https://lims.bis.gov.in/home_lab_scope/1389/,General / Multi-sector,,Name/metadata heuristic,Low,General / Multi-sector
1394,328,8178606,"AJEO TESTING LABS PVT LTD, GHAZIABAD","13-A/08, SITE-II, LONI ROAD, Ghaziabad, Ghaziabad, Uttar Pradesh, India - 201007",Uttar Pradesh,Ghaziabad,201007.0,A. K. CHAUDHARY (Quality Manager),+91 8010296901,ak@ajeo.co.in,-,https://lims.bis.gov.in/home_lab_scope/1394/,General / Multi-sector,,Name/metadata heuristic,Low,General / Multi-sector
1396,329,7184626,"Switchgear Testing Laboratories, Schneider Electric India Private Limited, Ahmednagar","A9, A10, ESE ESP MFG. PROCESS, MIDC AREA, NAGAPUR, Ahmednagar, Ahmednagar, Maharashtra, 414111, Nagapur, Ahmednagar, Maharashtra, India - 414111",Maharashtra,Maharashtra,414111.0,VIKRAM JADHAV,9987033570,vikram.jadhav@se.com,"25 Mar, 2028",https://lims.bis.gov.in/home_lab_scope/1396/,Electrical & Electronics,,Name/address metadata heuristic,Low,Electrical & Electronics
1401,330,5178506,"Adityapur Auto Cluster, Adityapur","Phase VII, Tata kandra main road, near toll bridge junction, Adityapur, Dist- Saraikela kharsawan, Jharkhand, Aditypur, Saraikela Kharsawan, Jharkhand, India - 832109",Jharkhand,Jharkhand,832109.0,BS MANDAL (Quality Manager),+91 8709051989,adityapurcluster@gmail.com,"28 Jun, 2027",https://lims.bis.gov.in/home_lab_scope/1401/,Automotive,,Name/address metadata heuristic,Low,Automotive
1408,331,7188606,YORLAB LLP,"PLOT NO. 42/2, SURVEY NO. 83, 150 FEET RING ROAD(WEST), VAVDI, RAJKOT, Rajkot, Gujarat, India - 360004",Gujarat,Rajkot,360004.0,Kavan Kaneriya (Technical Manager),+91 9427390335,yo.rlabllp@gmail.com,-,https://lims.bis.gov.in/home_lab_scope/1408/,General / Multi-sector,,Name/metadata heuristic,Low,General / Multi-sector
1411,332,7186736,CEPT Advisory Foundation,"CEPT University, K.L. Campus, Navrangpura,, Ahmedabad, Ahmadabad, Gujarat, India - 380009",Gujarat,Ahmedabad,380009.0,Asha Joshi (Quality Manager),+91 9904042280,carbse@cept.ac.in,"09 Jul, 2028",https://lims.bis.gov.in/home_lab_scope/1411/,General / Multi-sector,,Name/metadata heuristic,Low,General / Multi-sector
1413,333,8187716,MS TESTING LABORATORY LLP,"A-4/3/19, SSGT Road Industrial Area, Ghaziabad- 201001, U.P., Ghaziabad, Ghaziabad, Uttar Pradesh, India - 201001",Uttar Pradesh,Ghaziabad,201001.0,Baljeet Singh (Quality Manager),+91 9911590577,mstestinglab@gmail.com,"28 Aug, 2028",https://lims.bis.gov.in/home_lab_scope/1413/,General / Multi-sector,,Name/metadata heuristic,Low,General / Multi-sector
1431,334,9187136,Plastics Woven Bag Testing Lab-Technical Training &amp; Research Centre - TTRC,"Technical Training and Research Centre, Grand Trunk Road, Choubepur Kalan, Kanpur Nagar, Uttar Pradesh 209203, Kanpur, Kanpur Nagar, Uttar Pradesh, India - 209203",Uttar Pradesh,Kanpur,209203.0,Jitendra Kumar Arya,9935094562,Jitendra.arya@lohiagroup.com,"29 Jul, 2028",https://lims.bis.gov.in/home_lab_scope/1431/,General / Multi-sector,,Name/metadata heuristic,Low,General / Multi-sector
1435,335,9179506,Delta Testing and Research Laboratories Private Limited (C5),"Plot No. C-5, Block - C, Main Kanjhawala Road, Rajiv Nagar, Delhi, North West, Delhi, India - 110086",Delhi,Delhi,110086.0,Swaraj Shukla (Quality Manager),+91 9811037450,info@deltatestinglab.com,"21 Aug, 2027",https://lims.bis.gov.in/home_lab_scope/1435/,Construction & Cement,,Name/address metadata heuristic,Low,Construction & Cement
1460,336,5182706,"TATA STEEL, Jamshedpur","Scientific Services, Post Box: Burmamines, Jamshedpur, East Singhbum, Jharkhand, India - 831001",Jharkhand,Jamshedpur,831001.0,Souvik,8092084714,souvik.das@tatasteel.com,"25 Nov, 2027",https://lims.bis.gov.in/home_lab_scope/1460/,Metal & Metallurgy,,Name/address metadata heuristic,Low,Metal & Metallurgy
1487,337,6183136,"Hari Shankar Singhania Elastomer and Tyre Research Institute, HASETRI, Mysuru","Plot No 437, Hebbal Industrial Area, MYSORE, Mysuru, Karnataka, India - 570016",Karnataka,Mysuru,570016.0,Saikat Das Gupta (Quality Manager),+91 0821 6731503,saikat@hasetri.com,"02 Dec, 2027",https://lims.bis.gov.in/home_lab_scope/1487/,Automotive,,Name/address metadata heuristic,Low,Automotive
1491,338,7183706,"Rajkot Metlab Services LLP, Rajkot","PL 29 30 Nr Tulip Party Plot, GONDAL ROAD, VAVDI, Rajkot, Rajkot, Gujarat, India - 360004",Gujarat,Rajkot,360004.0,Kuldip Sindhav,9725213602,testing@rajkotlab.com,"12 Jan, 2028",https://lims.bis.gov.in/home_lab_scope/1491/,General / Multi-sector,,Name/metadata heuristic,Low,General / Multi-sector
1505,339,8183336,"INDIAN TEST HOUSE PRIVATE LIMITED, MURADNAGAR","Khasra No : 612, BASANTPUR SAINTHLI, JALALABAD , MURADNAGAR , District :GHAZIABAD ,UTTAR PRADESH -201206, Muradnagar, Ghaziabad, Uttar Pradesh, India - 201206",Uttar Pradesh,Ghaziabad,201206.0,VINAY KUMAR (Quality Manager),+91 9711227046,indiantesthouse24@gmail.com,"30 Dec, 2027",https://lims.bis.gov.in/home_lab_scope/1505/,General / Multi-sector,,Name/metadata heuristic,Low,General / Multi-sector
1510,340,8197526,TERAWATT TESTING AND RESEARCH INSTITUTE PRIVATE LIMITED,"H-400, RIICO INDUSTRIAL AREA, KHUSKHERA, BHIWADI, ALWAR, RAJASTHAN, INDIA, Bhiwadi, Alwar, Rajasthan, India - 301707",Rajasthan,Bhiwadi,301707.0,Pushpendra Sharma (Quality Manager),+91 9602214447,info.terawatt@gmail.com,-,https://lims.bis.gov.in/home_lab_scope/1510/,General / Multi-sector,,Name/metadata heuristic,Low,General / Multi-sector
1528,341,6183606,"RAMCO RESEARCH AND DEVOLPMENT CENTRE, CHENNAI","11A,OKKIYAM,THORAIPAKKAM,OLD MAHAPALIPURAM ROAD, CHENNAI, Chennai, Tamil Nadu, India - 600097",Tamil Nadu,Chennai,600097.0,Nellaiappan Murgesan (Quality Manager),9994446192 9441824600,trg@ramcocements.co.in,"12 Jan, 2028",https://lims.bis.gov.in/home_lab_scope/1528/,General / Multi-sector,,Name/metadata heuristic,Low,General / Multi-sector
1529,342,8195606,CIMEC Infralabs Private Limited,"GROUND FLOOR, 179/13, ANAND INDUSTRIAL AREA, Mohan Nagar, Ghaziabad, Ghaziabad, Ghaziabad, Uttar Pradesh, India - 201007",Uttar Pradesh,Ghaziabad,201007.0,Veer Singh Rana (Quality Manager),+91 120 4156544,vsr1960@gmail.com,"14 Jan, 2029",https://lims.bis.gov.in/home_lab_scope/1529/,General / Multi-sector,,Name/metadata heuristic,Low,General / Multi-sector
1534,343,6178726,Standard Testing and Compliance Private Limited,"14/7, Parmeshwari Colony, Mathura Road, Faridabad, Haryana-121008, faridabad, Faridabad, Haryana, India - 121008",Haryana,Faridabad,121008.0,,+91 9811499209,ceo@stclab.in,"10 Jul, 2027",https://lims.bis.gov.in/home_lab_scope/1534/,General / Multi-sector,,Name/metadata heuristic,Low,General / Multi-sector
1538,344,6180126,"TUV SUD SOUTH ASIA PRIVATE LIMITED, BENGALURU","PLOT NO. 3, P1-B, HITECH , DEVANAHALLI, DEFENCE &amp; AEROSPACE PARK, KIADB INDUSTRIAL AREA, BK PALYA, Bengaluru, Bengaluru Urban, Karnataka, India - 562149",Karnataka,Bengaluru,562149.0,Arun George,9113898859,vinod.suryavanshi@tuvsud.com,"11 Sep, 2027",https://lims.bis.gov.in/home_lab_scope/1538/,General / Multi-sector,,Name/metadata heuristic,Low,General / Multi-sector
1542,345,6180226,"CRITERION NETWORK LABS, CRITERION NETWORKS INDIA PRIVATE LIMITED, BENGALURU","UNIT#3 GROUND FLOOR, EXPLORER BUILDING, ITPB, WHITEFIELD ROAD, Bengaluru, Bengaluru Urban, Karnataka, India - 560066",Karnataka,Bengaluru,560066.0,Jayesh Purohit,9667361700,purohit@cnlabs.in,"19 Sep, 2027",https://lims.bis.gov.in/home_lab_scope/1542/,Telecom & Communication,Construction & Cement,Name/address metadata heuristic,Low,Telecom & Communication
1543,346,7182426,"Advance Electrical Testing And Calibration Lab LLP, Vadodara","13/1/A GIDC, MAKARPURA ROAD, MAKARPURA, VADODARA, Vadodara, Vadodara, Gujarat, India - 390014",Gujarat,Vadodara,390014.0,Dipak Zala (Technical Manager),+91 6358331284,quality@aetclab.com,"17 Nov, 2027",https://lims.bis.gov.in/home_lab_scope/1543/,Calibration & Metrology,Electrical & Electronics,Name/address metadata heuristic,Low,Calibration & Metrology
1546,347,8193306,DVG Laboratories &amp; Consultants Pvt Ltd,"A2/71, Site-V, UPSIDC Industrial Area Kasna, Greater Noida, Gautam Buddha Nagar, Uttar Pradesh, India - 201308",Uttar Pradesh,Noida,201308.0,Gaurav Tiwari (Quality Manager),+91 9818254877,dvglabs.testing@hotmail.com,"10 Dec, 2028",https://lims.bis.gov.in/home_lab_scope/1546/,General / Multi-sector,,Name/metadata heuristic,Low,General / Multi-sector
1548,348,7190106,Spectro SSA Labs Private Limited,"R-489, Sector 8, MIDC, TTC Industrial Area, Rabale, Navi Mumbai-400701, Rabale, Thane, Maharashtra, India - 400701",Maharashtra,Mumbai,400701.0,Kanupriya - (Quality Manager),+91 9769696069,Ratan.Jotwani@xoin.eurofinsasia.com,"10 Nov, 2028",https://lims.bis.gov.in/home_lab_scope/1548/,General / Multi-sector,,Name/metadata heuristic,Low,General / Multi-sector
1551,349,6184216,"SNEHA TEST HOUSE PRIVATE LIMITED, BENGALURU","#8 and #28, 4th cross, Maruthi Nagar, Chandra Layout 80ft Road,, Bengaluru, Bengaluru Urban, Karnataka, India - 560072",Karnataka,Bengaluru,560072.0,Mamatha S N (Quality Manager),+91 9844027167,lab.snehatesthouse@gmail.com,"12 Mar, 2028",https://lims.bis.gov.in/home_lab_scope/1551/,General / Multi-sector,,Name/metadata heuristic,Low,General / Multi-sector
1556,350,9182206,"NDL POWER LIMITED, ROHTAK","KHEWAT NO. 240/189, ISMAILA-11B, SAMPLA BERI ROAD, SAMPLA, Rohtak, Haryana, India - 124501",Haryana,Rohtak,124501.0,Ramesh Tewani (Quality Manager),+91 7082999760,ramesh.tiwani@ndlpower.com,"10 Nov, 2027",https://lims.bis.gov.in/home_lab_scope/1556/,General / Multi-sector,,Name/metadata heuristic,Low,General / Multi-sector
1568,351,8186836,Delta Testing and Research Laboratories Private Limited (Unit II),"Plot No. – 1, Kh. No. – 9/5, Ground Floor, BLK - B, Rajeev Nagar, Village Begampur, Landmark Near Wine Shop, Delhi - 110086, Delhi, North West, Delhi, India - 110086",Delhi,Delhi,110086.0,Swaraj Shukla (Quality Manager),+91 9910596777,dtrlinfounit2@gmail.com,"24 Jul, 2028",https://lims.bis.gov.in/home_lab_scope/1568/,General / Multi-sector,,Name/metadata heuristic,Low,General / Multi-sector
1581,352,9179806,"Elutech Laboratory and Calibration Services, Jaipur","Plot No.-1,Bajrang Vihar-9, New Loha Mandi Road, Macheda, Jaipur, Jaipur, Rajasthan, India - 302013",Rajasthan,Jaipur,302013.0,Jitendra Kumar Sharma (Quality Manager),+91 9783401104,elutechlab@gmail.com,"26 Aug, 2027",https://lims.bis.gov.in/home_lab_scope/1581/,Calibration & Metrology,,Name/address metadata heuristic,Low,Calibration & Metrology
1584,353,6180326,"Granite River Labs India Services Private Limited, Bengaluru","Unit No. 10, 1st Floor, ROACH ICON, Survey No. 28 &amp; 36/5 Outer Ring Road Doddanakundi, K R Puram Hobli., Bengaluru, Bengaluru Urban, Karnataka, India - 560037",Karnataka,Bengaluru,560037.0,Rajendra S (Quality Manager),+91 9739720033,rajendra.s@graniteriverlabs.com,"03 Oct, 2027",https://lims.bis.gov.in/home_lab_scope/1584/,General / Multi-sector,,Name/metadata heuristic,Low,General / Multi-sector
1587,354,8180426,"ALAIPURIA TEST HOUSE PRIVATE LIMITED, GHAZIABAD","H-11 Durga Industrial Park, Near Major Mohit Sharma Rajender Nagar Metro Station, Sahibabad, Ghaziabad,, Ghaziabad, Ghaziabad, Uttar Pradesh, India - 201005",Uttar Pradesh,Ghaziabad,201005.0,HARSHIT GUPTA (Quality Manager),+91 9873900201,alaipuriatesthouse44@gmail.com,"03 Oct, 2027",https://lims.bis.gov.in/home_lab_scope/1587/,General / Multi-sector,,Name/metadata heuristic,Low,General / Multi-sector
1589,355,8180306,"CTL TESTING LABORATORY PRIVATE LIMITED, JAIPUR","12, PRESTIGE GARDEN VISTAR, SIWAR MOD, ROAD NO. 5, RIICO INDUSTRIAL AREA BINDAYAKA, JAIPUR, Jaipur, Rajasthan, India - 302012",Rajasthan,Jaipur,302012.0,DILEEP KUMAR YADAV (Technical Manager),+91 9785071246,info@ctltestinglaboratory.com,"24 Sep, 2027",https://lims.bis.gov.in/home_lab_scope/1589/,General / Multi-sector,,Name/metadata heuristic,Low,General / Multi-sector
1597,356,9179706,"EKO PRO ENGINEERS PRIVATE LIMITED (32/41), GHAZIABAD","32/41 &amp; 32/40 , South Side of GT Road, UPSIDC Industrial Area,Ghaziabad (Delhi-NCR), Ghaziabad, Ghaziabad, Uttar Pradesh, India - 201009",Delhi,Delhi,201009.0,Amit Saxena (Quality Manager),+91 9810243870,ekotestinglabs@gmail.com,-,https://lims.bis.gov.in/home_lab_scope/1597/,Mechanical & Engineering,,Name/address metadata heuristic,Low,Mechanical & Engineering
1610,357,6198036,RAMCO INDUSTRIES LIMITED (MATERIAL TESTING LABORATORY),"No.17,Winterpet Post, Arakonam, Arakonam, Vellore, Tamil Nadu, India - 631005",Tamil Nadu,Vellore,631005.0,Preston Davis,8838118563,cpd@ril.co.in,-,https://lims.bis.gov.in/home_lab_scope/1610/,General / Multi-sector,,Name/metadata heuristic,Low,General / Multi-sector
1611,358,8180826,"Classic Testing &amp; Research Centre (B17), Noida","B-17, Sector-65, Noida, Gautam Buddha Nagar, Uttar Pradesh, India - 201301",Uttar Pradesh,Noida,201301.0,Diksha Sharma,9958865868,cbcd@classiclabindia.com,"15 Oct, 2027",https://lims.bis.gov.in/home_lab_scope/1611/,General / Multi-sector,,Name/metadata heuristic,Low,General / Multi-sector
1614,359,7196806,UNITECH LABORATORIES SERVICES,"16, SAMRAT IND. AREA,GONDAL ROAD, RAJKOT, Rajkot, Gujarat, India - 360004",Gujarat,Rajkot,360004.0,Deepak S Solanki (Quality Manager),+91 9879588557,unitech0704@gmail.com,"18 Feb, 2029",https://lims.bis.gov.in/home_lab_scope/1614/,General / Multi-sector,,Name/metadata heuristic,Low,General / Multi-sector
1616,360,8182606,"Gravitas Laboratories Private Limited, Greater Noida","Plot No. 95, Udyog Vihar Extn, Ecotech II, Surajpur I.A., Greater Noida, Gautam Buddha Nagar, Uttar Pradesh, India - 201306",Uttar Pradesh,Noida,201306.0,Mr. Om Dubey,7042049001,testinggravitas@gmail.com,-,https://lims.bis.gov.in/home_lab_scope/1616/,General / Multi-sector,,Name/metadata heuristic,Low,General / Multi-sector
1619,361,8180526,"STAR LABS TEST CENTRE LLP, JAIPUR","Plot No. 36, Krishna Vihar-5, Akeda Dungar, Road No. 18, VKIA, Jaipur, Jaipur, Jaipur, Rajasthan, India - 302013",Rajasthan,Jaipur,302013.0,Chandrakant Pokhriyal (Quality Manager),+91 7737773173,info@star-labs.in,"07 Oct, 2027",https://lims.bis.gov.in/home_lab_scope/1619/,General / Multi-sector,,Name/metadata heuristic,Low,General / Multi-sector
1620,362,8186526,"Akshat Test Lab &amp; Calibration Services, Ghaziabad","A-2/49,G.D.Steel Compound ,Site-4,Industrial Area, Sahibabad, Ghaziabad,U.P,201010, GHAZIABAD, Ghaziabad, Uttar Pradesh, India - 201010",Uttar Pradesh,Ghaziabad,201010.0,Ankur Bishnoi (Quality Manager),+91 8700840187,akshattestlabS@gmail.com,-,https://lims.bis.gov.in/home_lab_scope/1620/,Calibration & Metrology,Metal & Metallurgy,Name/address metadata heuristic,Low,Calibration & Metrology
1624,363,7184406,"AANKAN CALIBRATION AND TESTING CENTRE LLP, DANTLI","PLOT NO. B, LS NO. 193, DANTALI, Gandhinagar, Gujarat, India - 382721",Gujarat,Gandhinagar,382721.0,Ashwin Patel,8264048241,aankan.act@gmail.com,-,https://lims.bis.gov.in/home_lab_scope/1624/,Calibration & Metrology,Mechanical & Engineering,Name/address metadata heuristic,Low,Calibration & Metrology
1633,364,6182836,"Aadit Fire Testing Laboratory Private Limited, Gummidipoondi","R-5, SIPCOT Industrial Estate, Gummidipoondi, Thiruvallur, Tamil Nadu, India - 601201",Tamil Nadu,Tamil Nadu,601201.0,AKHIL CHACKO,7510886977,qualitymanager@aaditfire.com,"27 Nov, 2027",https://lims.bis.gov.in/home_lab_scope/1633/,Safety & Protective Equipment,,Name/address metadata heuristic,Low,Safety & Protective Equipment
1638,365,8189106,RAHUL ENGINEERS LABORATORY PRIVATE LIMITED,"5A-CHITRAKUT NAGAR, Udaipur, Udaipur, Rajasthan, India - 313001",Rajasthan,Udaipur,313001.0,LALIT PANERI (Quality Manager),+91 8107343935,rahul.labudr@gmail.com,-,https://lims.bis.gov.in/home_lab_scope/1638/,Mechanical & Engineering,,Name/address metadata heuristic,Low,Mechanical & Engineering
1640,366,8187006,Eurofins Consumer Product Testing India Private Limited,"A-95, SECTOR 58, Noida, Gautam Buddha Nagar, Uttar Pradesh, India - 201301",Uttar Pradesh,Noida,201301.0,Shristi Sachan,8595940048,shristi.sachan@xoin.eurofinsasia.com,"28 Jul, 2028",https://lims.bis.gov.in/home_lab_scope/1640/,General / Multi-sector,,Name/metadata heuristic,Low,General / Multi-sector
1643,367,9184906,"ALPHA TEST HOUSE SERVICES LLP (Unit-1), MOHALI","PLOT NO. 124, INDUSTRIAL AREA, PHASE - 9, Mohali, S.A.S Nagar, Punjab, India - 160062",Punjab,Mohali,160062.0,Aditya Singla(CEO),8288094215,alphatesthousellp@gmail.com,"25 Apr, 2028",https://lims.bis.gov.in/home_lab_scope/1643/,General / Multi-sector,,Name/metadata heuristic,Low,General / Multi-sector
1659,368,6183816,"COCHIN TEST HOUSE, KOCHI","KOLLANPADY, IRUMPANAM, KOCHI, KOCHI, Ernakulam, Kerala, India - 682309",Kerala,Kochi,682309.0,ELDHO KURIAKOSE (Quality Manager),+91 9846551014,cochintesthouse1@gmail.com,"03 Feb, 2028",https://lims.bis.gov.in/home_lab_scope/1659/,General / Multi-sector,,Name/metadata heuristic,Low,General / Multi-sector
1662,369,6185426,"Elenergy Lab Research Pvt. Ltd., Bengaluru","No.135, Road 10, KIADB IT Park, Aribinnamangala Village, Jala Hobli, Bengaluru, Manchappanahosahalli, Karnataka 562149, Bengaluru, Bengaluru Rural, Karnataka, India - 562149",Karnataka,Bengaluru,562149.0,Vipin Kuriakose,9606009162,cs@elenergylab.com,"08 May, 2028",https://lims.bis.gov.in/home_lab_scope/1662/,General / Multi-sector,,Name/metadata heuristic,Low,General / Multi-sector
1665,370,8184306,"Global Testing Laboratory Private limited, Ghaziabad","Plot No.55,Gali No.5A, Rajendra Nagar Industrial Area, Mohan Nagar Ghaziabad, Uttar Pradesh, Ghaziabad, Uttar Pradesh, India - 201007",Uttar Pradesh,Ghaziabad,201007.0,R.B. Srivastva (Quality Manager),+91 8368402864,info@globaltestinglaboratory.com,"11 Mar, 2028",https://lims.bis.gov.in/home_lab_scope/1665/,General / Multi-sector,,Name/metadata heuristic,Low,General / Multi-sector
1680,371,8184706,Samridhi Test House Pvt. Ltd.,"KH.NO. 45/23/1 GROUND FLOOR, VILLAGE &amp; POST OFFICE VILLAGE PRAHALADPUR, North Delhi, NEW DELHI, North West, Delhi, India - 110042",Delhi,Delhi,110042.0,Raj Chauhan (Quality Manager),+91 9870394724,info@samridhitesthouse.com,-,https://lims.bis.gov.in/home_lab_scope/1680/,General / Multi-sector,,Name/metadata heuristic,Low,General / Multi-sector
1698,372,7185816,"Ultra Plus Lubes Pvt. Ltd, Navi Mumbai","Plot No. 17, Jawahar Co-op Insd. Estate, Kamothe, Panvel, Navi Mumbai, Raigad, Maharashtra, India - 410209",Maharashtra,Mumbai,410209.0,Poonam Bichare (Quality Manager),+91 9930221316,siddesh.savant@ultralub.co.in,-,https://lims.bis.gov.in/home_lab_scope/1698/,General / Multi-sector,,Name/metadata heuristic,Low,General / Multi-sector
1724,373,9188536,GECS LAB PRIVATE LIMITED,"GECS HOUSE, Plot No. 12, Khasra No. 50/17, Khata No 74/75, Sector D, Defence Colony, Near Kalpakhera Mandir, Ambala Cantt, Ambala, Haryana, India - 133010",Haryana,Ambala,133010.0,Karamjeet Kaur (Quality Manager),+91 8901185481,gecslab@gmail.com,"22 Sep, 2028",https://lims.bis.gov.in/home_lab_scope/1724/,General / Multi-sector,,Name/metadata heuristic,Low,General / Multi-sector
1770,374,8185026,"AADHAR TESTING SOLUTIONS LLP, GHAZIABAD","First Floor, Plot no. 02, Gyani Compound, Sahibabad, Ghaziabad, Ghaziabad, Uttar Pradesh, India - 201005",Uttar Pradesh,Ghaziabad,201005.0,MAHESH VISHNOI,0881050070,mkvishnoi10@gmail.com,"01 May, 2028",https://lims.bis.gov.in/home_lab_scope/1770/,General / Multi-sector,,Name/metadata heuristic,Low,General / Multi-sector
1788,375,8187826,Perfect International Testing Lab,"Khasra No. 1134 , Delhi Meerut Road , Near Morta Police Chowki Ghaziabad, Ghaziabad, Ghaziabad, Uttar Pradesh, India - 201001",Delhi,Delhi,201001.0,Pallavi Tyagi (Quality Manager),+91 9634421567,info@perfecttestinglab.com,"02 Sep, 2028",https://lims.bis.gov.in/home_lab_scope/1788/,General / Multi-sector,,Name/metadata heuristic,Low,General / Multi-sector
1810,376,5197006,QUALITY INTERNATIONAL RESEARCH &amp; LABORATORIES PRIVATE LIMITED,"PLOT NO 7A, AVINASH LOGESTIC PARK, SKS ROAD, SILTARA INDUSTRIAL AREA, PHASE - 2, RAIPUR, Raipur, Chhattisgarh, India - 493221",Chhattisgarh,Raipur,493221.0,Yamini Nayak,9981633040,info@qipl.org,-,https://lims.bis.gov.in/home_lab_scope/1810/,General / Multi-sector,,Name/metadata heuristic,Low,General / Multi-sector
1820,377,8185126,"MIGHTY TESTING PRIVATE LIMITED, GHAZIABAD","K. No. 700, Duhai, Duhai Industrial Area,Ghaziabad-201206,Uttar Pradesh, Ghaziabad, Ghaziabad, Uttar Pradesh, India - 201206",Uttar Pradesh,Ghaziabad,201206.0,Nitin tyagi (Quality Manager),+91 9897422182,info@mightytesting.in,"05 May, 2028",https://lims.bis.gov.in/home_lab_scope/1820/,General / Multi-sector,,Name/metadata heuristic,Low,General / Multi-sector
1837,378,8186926,Dashmesh Test Lab Private Limited,"Property No. C-113, Block-C, Durga Enterprises, Ghaziabad, Uttar Pradesh, India - 201005",Uttar Pradesh,Ghaziabad,201005.0,Suman Kamboj (Director),9311741413,dashmeshtestlab@gmail.com,"22 Jul, 2028",https://lims.bis.gov.in/home_lab_scope/1837/,Construction & Cement,,Name/address metadata heuristic,Low,Construction & Cement
1841,379,8185906,"VERTEX TESTING LABORATORY PRIVATE LIMITED, GHAZIABAD","C-44 Patel Nagar II, Ghaziabad-201001, Ghaziabad, Ghaziabad, Uttar Pradesh, India - 201001",Uttar Pradesh,Ghaziabad,201001.0,RAJEEV KUMAR,8958564156,info.vertextesting@gmail.com,"23 May, 2028",https://lims.bis.gov.in/home_lab_scope/1841/,General / Multi-sector,,Name/metadata heuristic,Low,General / Multi-sector
1842,380,8184506,PIBCO LIMITED R&amp;D CENTRE,"2, Kalkaji Industrial area, New Delhi, Delhi, South East, Delhi, India - 110019",Delhi,Delhi,110019.0,Punit Kumar (Quality Manager),91 9818405621,care@pibcornd.com,"23 Mar, 2028",https://lims.bis.gov.in/home_lab_scope/1842/,General / Multi-sector,,Name/metadata heuristic,Low,General / Multi-sector
1845,381,8187316,"Vimta labs limited, Noida","C-58, Sector-8, Gautam Buddha Nagar, Noida , Uttar Pradesh, Noida, Gautam Buddha Nagar, Uttar Pradesh, India - 201301",Uttar Pradesh,Noida,201301.0,,+91 9100122625,Shaily.bhargava@vimta.com,"13 Aug, 2028",https://lims.bis.gov.in/home_lab_scope/1845/,General / Multi-sector,,Name/metadata heuristic,Low,General / Multi-sector
1851,382,7189336,Winwall Technology India Private Limited,"121/2, Godrej Woods RD, Khanavale Village, Panvel, Raigad, Navi Mumbai, Raigad, Maharashtra, India - 410206",Maharashtra,Mumbai,410206.0,MOHAN BABU W.R. (Quality Manager),+91 9082009774,abdul@winwallindia.com,"28 Oct, 2028",https://lims.bis.gov.in/home_lab_scope/1851/,General / Multi-sector,,Name/metadata heuristic,Low,General / Multi-sector
1853,383,8185306,"ALPHA TEST HOUSE PVT LTD, BAHADURGARH","198-199, MIE, Industrial Area, Phase-1, Bahadurgarh, Haryana, Bahadurgarh, Jhajjar, Haryana, India - 124507",Haryana,Bahadurgarh,124507.0,Dipesh Gupta,9818233966,info@alphatesthouse.com,"08 May, 2028",https://lims.bis.gov.in/home_lab_scope/1853/,General / Multi-sector,,Name/metadata heuristic,Low,General / Multi-sector
1856,384,8195736,Basil Quality Testing lab Private Limited,"Plot No. 6, Udyog Vihar, Phase 1, Guruhram, Gurugram, Haryana, India - 122016",Haryana,Gurugram,122016.0,Pradeepta Kumar (Quality Manager),+91 9289723427,quality.in@basilrl.com,"08 Jan, 2029",https://lims.bis.gov.in/home_lab_scope/1856/,General / Multi-sector,,Name/metadata heuristic,Low,General / Multi-sector
1859,385,8185226,"Planet Electro Labs Private Limited, Wazirpur","A-74/1, WAZIRPUR INDUSTRIAL AREA, NEW DELHI, WAZIRPUR, North West, Delhi, India - 110052",Delhi,Delhi,110052.0,Hitesh Sharma (Quality Manager),9218029484,quality.planetelectrolabs02@gmail.com,"08 May, 2028",https://lims.bis.gov.in/home_lab_scope/1859/,General / Multi-sector,,Name/metadata heuristic,Low,General / Multi-sector
1874,386,8185506,"PAAM Testing Labs Private Limited, Greater Noida","Plot no 41, Udyog Kendra Extn. II, Ecotech -III, Greater Noida, G.B. Nagar - 201306 Uttar Pradesh (INDIA), Greater Noida, Gautam Buddha Nagar, Uttar Pradesh, India - 201306",Uttar Pradesh,Noida,201306.0,Mahesh Kumar (Technical Manager),+91 9911149383,paamtestinglabs@gmail.com,"08 May, 2028",https://lims.bis.gov.in/home_lab_scope/1874/,General / Multi-sector,,Name/metadata heuristic,Low,General / Multi-sector
1876,387,9192006,QA TESTING LABORATORIES PRIVATE LIMITED LUCKNOW,"E-26/49, Transport Nagar, Near Parking No 9, Lucknow, Lucknow, Lucknow, Uttar Pradesh, India - 226012",Uttar Pradesh,Lucknow,226012.0,Dr. Dileep Kumar (Quality Manager),+91 9350040389,qalko@qatestinglaboratories.com,-,https://lims.bis.gov.in/home_lab_scope/1876/,General / Multi-sector,,Name/metadata heuristic,Low,General / Multi-sector
1879,388,8187926,ACE TEST HOUSE PVT. LTD.,"KHASRA NO 1089, First Floor near Laxmi Narayan Mandir , Village Bhalswa, New Delhi, North West, Delhi, India - 110033",Delhi,Delhi,110033.0,Nishant Singh (Quality Manager),91 7042858881,ath2@acetesthouse.com,"08 Sep, 2028",https://lims.bis.gov.in/home_lab_scope/1879/,General / Multi-sector,,Name/metadata heuristic,Low,General / Multi-sector
1880,389,7187406,"OPTIMAS TESTING SERVICES, OPTIMAS OE SOLUTIONS INDIA PRIVATE LIMITED","PLOT NO 5, GAT 312/1, 312/5 TO 312/7 NANEKARWADI,CHAKAN, TAL-KHED,PUNE., Pune, Pune, Maharashtra, India - 410501",Maharashtra,Pune,410501.0,Nikhil Gaikwad (Quality Manager),+91 9356940080,Optimastestingservices_India@Optimas.com,"20 Aug, 2028",https://lims.bis.gov.in/home_lab_scope/1880/,General / Multi-sector,,Name/metadata heuristic,Low,General / Multi-sector
1881,390,8185606,SHRI KRISHNA TEST HOUSE PVT LTD (142),"Plot No.142, Sec-G, Bawana-II, DSIIDC, Bhorgarh industrial area New Delhi, Delhi, North, Delhi, India - 110040",Delhi,Delhi,110040.0,Rashmi Talwar (Quality Manager),+91 9266808773,SKTHPL142@GMAIL.COM,"13 May, 2028",https://lims.bis.gov.in/home_lab_scope/1881/,General / Multi-sector,,Name/metadata heuristic,Low,General / Multi-sector
1887,391,8194926,AADIDEV TEST &amp; RESEARCH CENTRE LLP,"N-92, Sector-1, DSIDC Industrial Area, Bawana, Bawana, North West, Delhi, India - 110039",Delhi,Delhi,110039.0,SANJAY S (Quality Manager),+91 9654424050,info@aadidevtests.com,"29 Dec, 2028",https://lims.bis.gov.in/home_lab_scope/1887/,General / Multi-sector,,Name/metadata heuristic,Low,General / Multi-sector
1891,392,7187626,KPML Low Voltage Rotating Machine and Hydraulic Laboratory Karad Projects and motors Limited,"Plot No B67 and 68 Karad Industrial Area MIDC Tasawade Karad, Karad, Satara, Maharashtra, India - 415109",Maharashtra,Maharashtra,415109.0,Nilesh Babar (Quality Manager),+91 9850983352,amit.deshpande@kpml.co.in,-,https://lims.bis.gov.in/home_lab_scope/1891/,Mechanical & Engineering,,Name/address metadata heuristic,Low,Mechanical & Engineering
1904,393,7188906,BUNITECH METALLURGICAL SERVICES PRIVATE LIMITED,"C 120, Tulsi Estate Plaza, Opp. Bhagyoday Hotel,Changodar, Ahmedabad -382213, Changodar, Ahmadabad, Gujarat, India - 382213",Gujarat,Ahmedabad,382213.0,Mrs. Bijal Parmar,9426025494,unitech_lab@rediffmail.com,"24 Oct, 2028",https://lims.bis.gov.in/home_lab_scope/1904/,Metal & Metallurgy,,Name/address metadata heuristic,Low,Metal & Metallurgy
1905,394,8187126,TECHNOPOWER TECH SOLUTIONS LLP,"Shed No. 11, Type-B, Block No-1, Sector 1, Govindpura Industrial Area, Bhopal, Bhopal, Madhya Pradesh, India - 462023",Madhya Pradesh,Bhopal,462023.0,PRASHANT,6232179524,technopower.tech.solu@gmail.com,"07 Aug, 2028",https://lims.bis.gov.in/home_lab_scope/1905/,Construction & Cement,,Name/address metadata heuristic,Low,Construction & Cement
1908,395,9188436,Accumetrix Testing Solutions Pvt. Ltd.,"NH-3 JALANDHAR ROAD, NEAR SONALIKA TRACTORS LTD, HOSHIARPUR, PUNJAB 146002, HOSHIARPUR, Hoshiarpur, Punjab, India - 146002",Punjab,Jalandhar,146002.0,Sujata Kumari (Quality Manager),+91 8465000026,accumetrixtestingsolutions@gmail.com,"19 Sep, 2028",https://lims.bis.gov.in/home_lab_scope/1908/,General / Multi-sector,,Name/metadata heuristic,Low,General / Multi-sector
1910,396,6188826,Mysore ESDM Cluster,"Plot 336/4 &amp; 336/5,Hebbal Industrial Area, Hebbal,, Mysuru, Mysuru, Karnataka, India - 570016",Karnataka,Mysuru,570016.0,Bharathi K,9740030613,qm@lahariaetf.com,"14 Oct, 2028",https://lims.bis.gov.in/home_lab_scope/1910/,General / Multi-sector,,Name/metadata heuristic,Low,General / Multi-sector
1913,397,8189526,Global Scientific Solution (P) Ltd.,"Plot no. 37, Pocket-N, Sec-2, DSIIDC Indl. Complex, Bawana, New Delhi-110039, Delhi, North, Delhi, India - 110039",Delhi,Delhi,110039.0,shudhanshu mallick (Quality Manager),+91 8920965487,director@gsspllabs.com,"31 Oct, 2028",https://lims.bis.gov.in/home_lab_scope/1913/,General / Multi-sector,,Name/metadata heuristic,Low,General / Multi-sector
1917,398,8188216,EKO PRO ENGINEERS PVT LTD,"32/21, South Side GT Road, UPSIDC Industrial Area, Ghaziabad, 201009, Ghaziabad, Ghaziabad, Uttar Pradesh, India - 201010",Uttar Pradesh,Ghaziabad,201009.0,,91 9810243870,ekotestinglabs03@gmail.com,"19 Sep, 2028",https://lims.bis.gov.in/home_lab_scope/1917/,Mechanical & Engineering,,Name/address metadata heuristic,Low,Mechanical & Engineering
1929,399,8186436,"Atckon Laboratories LLP, Bahadurgarh","Plot NO. 45, Part A M.I.E, Bahadurgarh, Jhajjar, Haryana, Bahadurgarh, Jhajjar, Haryana, India - 124507",Haryana,Bahadurgarh,124507.0,Mr. Ramesh Kumar Sharma,8570906101,info@atckonlabs.com,-,https://lims.bis.gov.in/home_lab_scope/1929/,General / Multi-sector,,Name/metadata heuristic,Low,General / Multi-sector
1931,400,7186606,"KSA LABS LLP, Vadodara","J-61, BIDC Gorwa Industrial Estate, Gorwa, Vadodara, Vadodara, Gujarat, India - 390016",Gujarat,Vadodara,390016.0,Mr. Simarpreet Singh,8238051466,info@ksalabs.in,"24 Jun, 2028",https://lims.bis.gov.in/home_lab_scope/1931/,General / Multi-sector,,Name/metadata heuristic,Low,General / Multi-sector
1941,401,6197936,"TUV Rheinland (India) Private limited, Material Testing Laboratory","#27/B, 2nd Cross road, Electronic city, Phase-1, Bengaluru, Bengaluru, Bengaluru Urban, Karnataka, India - 560100",Karnataka,Bengaluru,560100.0,MANASA HR,9739211211,manasa.hr@ind.tuv.com,"02 Apr, 2029",https://lims.bis.gov.in/home_lab_scope/1941/,Electrical & Electronics,,Name/address metadata heuristic,Low,Electrical & Electronics
1955,402,8189436,Byte Scientific Research Lab Private Limited,"Plot no-310, Sector - 68, IMT (Industrial Model Township), Faridabad, Faridabad, Faridabad, Haryana, India - 121004",Haryana,Faridabad,121004.0,Aman Sharma (Quality Manager),+91 7678357475,bytescientific@gmail.com,"28 Oct, 2028",https://lims.bis.gov.in/home_lab_scope/1955/,General / Multi-sector,,Name/metadata heuristic,Low,General / Multi-sector
1957,403,8188136,NAYRA LABORATORIES (INDIA) LLP,"G-974,DSIDC Industrial Area, Delhi, North West, Delhi, India - 110040",Delhi,Delhi,110040.0,VED PRAKASH PANDEY (Quality Manager),+91 9891987394,nayralaboratories@gmail.com,"10 Sep, 2028",https://lims.bis.gov.in/home_lab_scope/1957/,General / Multi-sector,,Name/metadata heuristic,Low,General / Multi-sector
1961,404,8188026,INTERNATIONAL TESTING AND COMPLIANCE (OPC) PRIVATE LIMITED,"VILLAGE BUDHENA SECTOR-86 FARIDABAD, NEAR SHIV MANDIR , FARIDABAD, HARYANA, 121002, Faridabad, Faridabad, Haryana, India - 121002",Haryana,Faridabad,121002.0,Princy Gupta (Quality Manager),+91 9811499209,ceo@itclab.in,-,https://lims.bis.gov.in/home_lab_scope/1961/,General / Multi-sector,,Name/metadata heuristic,Low,General / Multi-sector
1981,405,8187226,Havells India Limited (Havells Research &amp; Development Laboratory),"Plot No. 6, Site-IV, Industrial Area, Sahibabad, Ghaziabad, Uttar Pradesh, India - 201010",Uttar Pradesh,Ghaziabad,201010.0,Satyabrata Tripathy,8395800081,satyabrata.tripathy@havells.com,"07 Aug, 2028",https://lims.bis.gov.in/home_lab_scope/1981/,General / Multi-sector,,Name/metadata heuristic,Low,General / Multi-sector
1989,406,-,(Arohatech) Logiclink,"Delhi, New Delhi, Delhi, India - 253331",Delhi,Delhi,253331.0,ABC testing (Technical Manager),+91 8295154021,yogeshraheja0786@gmail.com,-,https://lims.bis.gov.in/home_lab_scope/1989/,General / Multi-sector,,Name/metadata heuristic,Low,General / Multi-sector
2029,407,7197106,PADKONDE M S TESTING LABORATORY LLP,"Gat No. 1357, Kawade Vasti, Sai Satyam Park, Pune -Nagar Road, Wagholi, Wagholi, Pune, Maharashtra, India - 412207",Maharashtra,Pune,412207.0,Monika Padkonde (Quality Manager),+91 8237066078,pmstestinglab@gmail.com,-,https://lims.bis.gov.in/home_lab_scope/2029/,General / Multi-sector,,Name/metadata heuristic,Low,General / Multi-sector
2033,408,5191706,ARYAVRAT TEST HOUSE PRIVATE LIMITED,"L.R. DAG No .257 AND 259, MOUZA ARGOURI, NH 6, BOMBAY ROAD, JANGALPUR,NATIBPUR, Howrah, Howrah, West Bengal, India - 711302",West Bengal,Howrah,711302.0,PABITRA SARKAR (Quality Manager),+91 8240118890,aryavrat.lab@gmail.com,"28 Nov, 2028",https://lims.bis.gov.in/home_lab_scope/2033/,General / Multi-sector,,Name/metadata heuristic,Low,General / Multi-sector
2041,409,6191806,TUV SUD SOUTH ASIA PRIVATE LIMITED RANIPET,"S. F. No. 139/1B, Ammananthangal Village,Chennai – Bangalore Road (NH – 46), Ranipet, Vellore, Tamil Nadu, India - 632513",Karnataka,Bengaluru,632513.0,Rakesh R (Quality Manager),+91 9585588611,Rakesh.R@tuvsud.com,"02 Dec, 2028",https://lims.bis.gov.in/home_lab_scope/2041/,General / Multi-sector,,Name/metadata heuristic,Low,General / Multi-sector
2046,410,7194806,Urja Metallurgical Services LLP,"J/P-15, Telco-Bhosari Road, Opp Sarayu Toyota Showroom, MIDC Bhosari, Pune (Bhosari), Pune, Maharashtra, India - 411026",Maharashtra,Pune,411026.0,Leena Jadhav (Quality Manager),+91 9725213602,testing@UrjaMetlab.com,"23 Dec, 2028",https://lims.bis.gov.in/home_lab_scope/2046/,Metal & Metallurgy,,Name/address metadata heuristic,Low,Metal & Metallurgy
2054,411,6190736,Eminent International Testing Center Private Limited,"Plot No 76/Part, EPIP, Industrial Park, Pashamailaram, Isnapur, Ishnapur, Sangareddy, Telangana, India - 502307",Telangana,Telangana,502307.0,S Alwin Prabhu (Quality Manager),+91 9003552168,quality@eminent-itc.com,-,https://lims.bis.gov.in/home_lab_scope/2054/,Mechanical & Engineering,,Name/address metadata heuristic,Low,Mechanical & Engineering
2075,412,6189206,SCIENTIFIC AND INDUSTRIAL TESTING AND RESEARCH CENTRE (SITARC),"83 &amp; 84 Avarampalayam Road, K.R.Puram Post, coimbatore, Coimbatore, Tamil Nadu, India - 641006",Tamil Nadu,Coimbatore,641006.0,MANIKANDAN RAJAGOPALAN (Technical Manager),+91 9487600473,director@sitarc.com,"28 Oct, 2028",https://lims.bis.gov.in/home_lab_scope/2075/,General / Multi-sector,,Name/metadata heuristic,Low,General / Multi-sector
2090,413,7196526,PUMP TEST LAB KSB LIMITED,"Plot No: E 3&amp;4 MIDC, MALEGAON SINNER-422113, Sinnar, Nashik, Maharashtra, India - 422113",Maharashtra,Nashik,422113.0,sachin kale,8550985855,sachin.kale@ksb.com,"03 Feb, 2029",https://lims.bis.gov.in/home_lab_scope/2090/,General / Multi-sector,,Name/metadata heuristic,Low,General / Multi-sector
2095,414,8192806,ACCURATE TEST SOLUTIONS LLP,"B-50, Sector 2, Noida, Noida, Gautam Buddha Nagar, Uttar Pradesh, India - 201301",Uttar Pradesh,Noida,201301.0,SANCHIT TREHAN (Quality Manager),+91 9810820552,accuratetestsunit2@gmail.com,"08 Dec, 2028",https://lims.bis.gov.in/home_lab_scope/2095/,General / Multi-sector,,Name/metadata heuristic,Low,General / Multi-sector
2127,415,9198806,AADISHAKTI TESTING &amp;RESEARCH LABORATORIES LLP,"GROUND &amp; 1ST FLOOR FLOOR KILLA NO : 7//18(11-6), 19(3-2), 22(7-18) Shaadipur, Shanti Vihar Colony, Sonipat 131001, Behind MRF Showroom, SONIPAT, Sonipat, Haryana, India - 131001",Haryana,Sonipat,131001.0,Kirti Verma (Quality Manager),+91 8929775530,INFO.ATRLTESTINGLABS@GMAIL.COM,"07 Aug, 2029",https://lims.bis.gov.in/home_lab_scope/2127/,General / Multi-sector,,Name/metadata heuristic,Low,General / Multi-sector
2142,416,9198106,Agro Tech Aromatics Pvt Ltd,"SIDCO INDUSTRIAL AREA EPIP KARTHOLI, BARI BRAHMANA, Samba, Jammu &amp; Kashmir, India - 181133",Jammu & Kashmir,Jammu,181133.0,,+91 9872923100,agrotecharomatics@gmail.com,-,https://lims.bis.gov.in/home_lab_scope/2142/,General / Multi-sector,,Name/metadata heuristic,Low,General / Multi-sector
2177,417,8191236,MEKANIKA TESTING LABS LLP,"Second Floor, Plot No H-27, Durga Industrial Area, Sahibabad, Ghaziabad, Uttar Pradesh, India - 201005",Uttar Pradesh,Ghaziabad,201005.0,Abhishek Kumar,8294778366,mekanikalabsllp@gmail.com,"21 Nov, 2028",https://lims.bis.gov.in/home_lab_scope/2177/,General / Multi-sector,,Name/metadata heuristic,Low,General / Multi-sector
2179,418,8190506,Mbis Tescon Private Limited,"DDA SHED NO. A-120, OKHLA INDUSTRIAL AREA, PHASE-2, New Delhi, South, Delhi, India - 110020",Delhi,Delhi,110020.0,RAVISH KUMAR,8799786535,info@mbistesconlabs.com,-,https://lims.bis.gov.in/home_lab_scope/2179/,General / Multi-sector,,Name/metadata heuristic,Low,General / Multi-sector
2204,419,7198436,Alpit Metal Works Laboratory,"E-70/13, MIDC Waluj, Aurangabad, Aurangabad, Maharashtra, India - 431136",Maharashtra,Chhatrapati Sambhajinagar,431136.0,Manoj Patni (Quality Manager),+91 9423721600,b.atole@kalegroup.co.in,"08 Jul, 2029",https://lims.bis.gov.in/home_lab_scope/2204/,Metal & Metallurgy,,Name/address metadata heuristic,Low,Metal & Metallurgy
2207,420,8196926,TEKNOLAB QUALITY SERVICES PRIVATE LIMITED,"PLOT RE 25A, SECTOR 69, IMT FARIDABAD, Ballabgarh, Faridabad, Haryana, India - 121004",Haryana,Faridabad,121004.0,,+91 9211870099,info@teknolab.in,-,https://lims.bis.gov.in/home_lab_scope/2207/,General / Multi-sector,,Name/metadata heuristic,Low,General / Multi-sector
2213,421,9194336,Samtek Testing Laboratory LLP,"1- Himalaya Marg, Gyan Mandir, Kanya Inter College D- Block, Indira Nagar Lucknow - 226016, India, Lucknow, Lucknow, Uttar Pradesh, India - 226016",Uttar Pradesh,Lucknow,226016.0,Mr. Anil Kumar Pandey (Quality Manager),+91 9559383377,samtektestinglaboratory@gmail.com,-,https://lims.bis.gov.in/home_lab_scope/2213/,Construction & Cement,,Name/address metadata heuristic,Low,Construction & Cement
2214,422,8197426,ELECTROEDGE LABORATORY LLP,"A-7, Kh. No-234, Pragati Enclave, Lane Number 22, Mukundpur, Part-2, Delhi, 110042, Delhi, North, Delhi, India - 110042",Delhi,Delhi,110042.0,Tarun Vaishnav (Technical Manager),+91 9625947165,electroedgelaboratory@gmail.com,"12 Mar, 2029",https://lims.bis.gov.in/home_lab_scope/2214/,General / Multi-sector,,Name/metadata heuristic,Low,General / Multi-sector
2225,423,8198324,EMC EMI TESTING LAB- HLL LIFECARE LIMITED,"B 14 A, SECTOR 62, NOIDA, NOIDA, Gautam Buddha Nagar, Uttar Pradesh, India - 201301",Uttar Pradesh,Noida,201301.0,KRISHNA KUMAR RAJAK,9431097214,emc-emicare@lifecarehll.com,"03 Jul, 2029",https://lims.bis.gov.in/home_lab_scope/2225/,General / Multi-sector,,Name/metadata heuristic,Low,General / Multi-sector
2227,424,5197706,OMRESEARCH &amp; TESTING LABORATORY PRIVATE LIMITED,"GIRWAR BHAWAN, SUKHDEO NAGAR, RATU ROAD, RANCHI, RANCHI, Ranchi, Jharkhand, India - 834005",Jharkhand,Ranchi,834005.0,Ruchika Priya (Quality Manager),+91 6206339360,omlaboratories2019@gmail.com,"18 Mar, 2029",https://lims.bis.gov.in/home_lab_scope/2227/,General / Multi-sector,,Name/metadata heuristic,Low,General / Multi-sector
2237,425,7195306,MORBI TEST HOUSE LLP,"Plot No. 10, Patel Estate, Near Murano Ceramic, Jetpar Road, Bela, Morbi - 363642, Morbi, Morbi, Gujarat, India - 363642",Gujarat,Morbi,363642.0,kamlesh kumar (Quality Manager),+91 7891299299,morbitesthouse@gmail.com,-,https://lims.bis.gov.in/home_lab_scope/2237/,Glass & Ceramics,Construction & Cement,Name/address metadata heuristic,Low,Glass & Ceramics
2254,426,9197626,DYNAMIC TEST LABORATORIES LLP,"235H, BABA COLONY, MOHAN NAGAR, NEAR NAVEEN PUBLIC SCHOOL, SONIPAT, HARYANA(INDIA)131001, Sonipat, Sonipat, Haryana, India - 131001",Haryana,Sonipat,131001.0,Pooja Singh (Quality Manager),+91 8210551997,dynamictestlaboratoriesllp@gmail.com,-,https://lims.bis.gov.in/home_lab_scope/2254/,General / Multi-sector,,Name/metadata heuristic,Low,General / Multi-sector
2298,427,9197206,Standard Testing and Research Lab,"Khasra No. 07, Sultanpur Majari, Shubham Market, Sidcul Road, Bahadrabad, Haridwar, Uttarakhand, India - 249402",Uttarakhand,Haridwar,249402.0,Ashok Gaur (Quality Manager),+91 9013008458,standardtestingandresearchlab@gmail.com,"24 Feb, 2029",https://lims.bis.gov.in/home_lab_scope/2298/,General / Multi-sector,,Name/metadata heuristic,Low,General / Multi-sector
2299,428,6198536,D.Banerjee Centre of Excellence (DBCOE),"JSS Technical Institutions Campus, Mysuru, Mysuru, Karnataka, India - 570006",Karnataka,Mysuru,570006.0,GNANA SANDEEP S R (Quality Manager),+91 9845946464,dbcoe.pm@gmail.com,"08 Jul, 2029",https://lims.bis.gov.in/home_lab_scope/2299/,General / Multi-sector,,Name/metadata heuristic,Low,General / Multi-sector
2329,429,9198906,Eco Paryavaran Laboratories and Consultants Pvt. Ltd.,"Eco Bhawan E- 207, Industrial Area, Phase VIIIB (Sector-74), Mohali, S.A.S Nagar, Punjab, India - 160071",Punjab,Mohali,160071.0,Roopak Kumar (Quality Manager),+91 9888901044,roopak.kumar@ecoparyavaran.org,"11 Aug, 2029",https://lims.bis.gov.in/home_lab_scope/2329/,General / Multi-sector,,Name/metadata heuristic,Low,General / Multi-sector
2334,430,8198616,AUMNAMAH RADIOANALYTICAL LABORATORY LLP,"PLOT NO -CC-1, FIRST FLOOR, LAWRENCE ROAD, North West Delhi, NEW DELHI, North West, Delhi, India - 110035",Delhi,Delhi,110035.0,Dr. Abhishek Yadav (Quality Manager),+91 8920723168,aumnamah.ral@gmail.com,"21 Jul, 2029",https://lims.bis.gov.in/home_lab_scope/2334/,General / Multi-sector,,Name/metadata heuristic,Low,General / Multi-sector
2342,431,8199006,PRESTO LABORATORIES PRIVATE LIMITED,"Plot No. 128,Phase 1,DLF Industrial Area, Faridabad, Faridabad, Haryana, India - 121003",Haryana,Faridabad,121003.0,Shefali Srivastava (Quality Manager),+91 9971459226,test@prestolaboratories.com,"21 Aug, 2029",https://lims.bis.gov.in/home_lab_scope/2342/,General / Multi-sector,,Name/metadata heuristic,Low,General / Multi-sector
